Company,CUSIP,Shares,Value,Discretion,PutCall
AFLAC INC,001055102,5308,559782,DFND,
AFLAC INC,001055102,4442,468453,DFND,
AFLAC INC,001055102,181,19089,DFND,
AMN HEALTHCARE SVCS INC,001744101,40,827,DFND,
A10 NETWORKS INC,002121101,34,658,DFND,
ABBOTT LABS,002824100,21992,2991132,DFND,
ABBOTT LABS,002824100,31447,4277106,DFND,
ABBOTT LABS,002824100,1968,267698,DFND,
ABRDN SILVER ETF TRUST,003264108,1000,34410,DFND,
ACADIA PHARMACEUTICALS INC,004225108,45,971,DFND,
ACADIA RLTY TR,004239109,35,650,DFND,
ADURO CLEAN TECHNOLOGIES INC,007408206,1250,11200,DFND,
ADVANCED MICRO DEVICES INC,007903107,100,14190,DFND,
ADVANCED MICRO DEVICES INC,007903107,70,9933,DFND,
ADVANCED MICRO DEVICES INC,007903107,1053,149421,DFND,
AFFILIATED MANAGERS GROUP IN,008252108,6,1181,DFND,
AIRBNB INC,009066101,30,3970,DFND,
AIRBNB INC,009066101,63,8337,DFND,
AIRBNB INC,009066101,101,13367,DFND,
AIR PRODS & CHEMS INC,009158106,679,191519,DFND,
AIR PRODS & CHEMS INC,009158106,96,27078,DFND,
ALASKA AIR GROUP INC,011659109,50,2474,DFND,
ALBEMARLE CORP,012653101,57,3573,DFND,
ALBERTSONS COS INC,013091103,121,2603,DFND,
ALCOA CORP,013872106,66,1948,DFND,
ALEXANDRIA REAL ESTATE EQ IN,015271109,119,8643,DFND,
ALIGN TECHNOLOGY INC,016255101,34,6438,DFND,
ALLETE INC,018522300,100,6407,DFND,
BREAD FINANCIAL HOLDINGS INC,018581108,212,12109,DFND,
ALLIANT ENERGY CORP,018802108,28,1694,DFND,
ALLSTATE CORP,020002101,1911,384703,DFND,
ALLSTATE CORP,020002101,1572,316459,DFND,
ALLSTATE CORP,020002101,127,25567,DFND,
AMAZON.COM INC,023135106,154226,33835642,DFND,
AMAZON.COM INC,023135106,200,43878,OTR,
AMAZON COM INC,023135106,32189,7061945,DFND,
AMAZON COM INC,023135106,13343,2927321,DFND,
U HAUL HOLDING COMPANY,023586506,15,816,DFND,
AMEREN CORP,023608102,110,10565,DFND,
AMENTUM HOLDINGS INC,023939101,3,71,DFND,
AMENTUM HOLDINGS INC,023939101,21,496,DFND,
AMERICAN ASSETS TR INC,024013104,26,514,DFND,
AMERICAN CENTY ETF TR,025072604,13249,908087,DFND,
AMERICAN CENTY ETF TR,025072703,58491,4328919,DFND,
AMERICAN ELEC PWR INC,025537101,6427,666866,DFND,
AMERICAN ELEC PWR INC,025537101,203,21064,DFND,
AMERICAN EXPRESS CO,025816109,2481,791389,DFND,
AMERICAN EXPRESS CO,025816109,11861,3783422,DFND,
AMERICAN EXPRESS CO,025816109,598,190840,DFND,
AMERICAN FINL GROUP INC OHIO,025932104,5,632,DFND,
AMERICAN INTL GROUP INC,026874784,157,13438,DFND,
AMERICAN INTL GROUP INC,026874784,379,32439,DFND,
AMERICAN WATER WORKS CO INC,030420103,3388,471305,DFND,
AMERICAN WATER WORKS CO INC,030420103,140,19476,DFND,
AMETEK INC NEW,031100100,72,13029,DFND,
AMETEK INC NEW,031100100,130,23525,DFND,
AMGEN INC,031162100,12751,3560207,DFND,
AMGEN INC,031162100,12018,3355546,DFND,
AMGEN INC,031162100,408,113918,DFND,
AMKOR TECHNOLOGY INC,031652100,63,1323,DFND,
AMPHENOL CORP NEW,032095101,561,55399,DFND,
ANALOG DEVICES INC,032654105,255,60695,DFND,
ANALOG DEVICES INC,032654105,487,115832,DFND,
ANNALY CAPITAL MANAGEMENT IN,035710839,29,546,DFND,
ELEVANCE HEALTH INC,036752103,28735,11176766,DFND,
ELEVANCE HEALTH INC,036752103,8519,3313550,DFND,
ELEVANCE HEALTH INC,036752103,105,40841,DFND,
APPLE INC,037833100,385859,79166691,DFND,
APPLE INC,037833100,460,94378,OTR,
APPLE INC,037833100,56704,11633960,DFND,
APPLE INC,037833100,56293,11549641,DFND,
APPLE INC,037833100,3000,615510,DFND,Put
APPLIED MATLS INC,038222105,1667,305178,DFND,
APPLIED MATLS INC,038222105,1902,348199,DFND,
APPLIED MATLS INC,038222105,391,71581,DFND,
APTARGROUP INC,038336103,4,626,DFND,
ARCHER DANIELS MIDLAND CO,039483102,140,7390,DFND,
ARCOSA INC,039653100,2116,183479,DFND,
ARISTA NETWORKS INC,040413205,4614,472058,DFND,
ARISTA NETWORKS INC,040413205,305,31205,DFND,
ARROW ELECTRS INC,042735100,25,3186,DFND,
ARROW ELECTRS INC,042735100,5,638,DFND,
ASBURY AUTOMOTIVE GROUP INC,043436104,1,239,DFND,
ASHLAND INC,044186104,25,1257,DFND,
ASTRAZENECA PLC,046353108,61521,4299087,DFND,
ASTRAZENECA PLC,046353108,236,16492,OTR,
ASTRAZENECA PLC,046353108,693,48427,DFND,
ASTRAZENECA PLC,046353108,900,62892,DFND,
ATLASSIAN CORPORATION,049468101,100,20309,DFND,
ATMOS ENERGY CORPORATION,049560105,1380,212672,DFND,
ATMOS ENERGY CORPORATION,049560105,15,2312,DFND,
AUTODESK INC,052769106,109,33744,DFND,
AUTOLIV INC,052800109,95,10614,DFND,
AUTOMATIC DATA PROCESSING INC,053015103,4408,1359427,DFND,
AUTOMATIC DATA PROCESSING INC,053015103,12721,3923156,DFND,
AUTOMATIC DATA PROCESSING INC,053015103,615,189666,DFND,
AVALONBAY CMNTYS INC,053484101,20,4070,DFND,
AVERY DENNISON CORP,053611109,70,12283,DFND,
AVERY DENNISON CORP,053611109,26,4563,DFND,
AVIS BUDGET GROUP,053774105,60,10143,DFND,
AXCELIS TECHNOLOGIES INC,054540208,16,1116,DFND,
BP PLC,055622104,92391,2765263,DFND,
BP PLC,055622104,750,22448,OTR,
BP PLC,055622104,2452,73388,DFND,
BP PLC,055622104,258,7722,DFND,
BRT APARTMENTS CORP,055645303,1250,19550,DFND,
BADGER METER INC,056525108,2,490,DFND,
BAIDU INC/S ADR,056752108,5,429,DFND,
BALL CORP,058498106,170,9556,DFND,
BANK OF AMERICA CORP,060505104,239857,11350033,DFND,
BANK OF AMERICA CORP,060505104,1834,86785,DFND,
BANK OF AMERICA CORP,060505104,2601,123080,DFND,
BANK HAWAII CORP,062540109,22,1486,DFND,
BANK OF NEW YORK MELLON CORP,064058100,14548,1325468,DFND,
BANK OF NEW YORK MELLON CORP,064058100,198,18040,DFND,
BASSETT FURNITURE INDUSTRIES I,070203104,8780,133456,DFND,
BATH & BODY WORKS INC,070830104,32,959,DFND,
BAUSCH PLUS LOMB CORP,071705107,44,573,DFND,
BAXTER INTL INC,071813109,54,1636,DFND,
BECTON DICKINSON & CO,075887109,4059,699163,DFND,
BECTON DICKINSON & CO,075887109,33,5684,DFND,
BECTON DICKINSON & CO,075887109,71,12230,DFND,
BERKLEY WR CORP,084423102,33,2425,DFND,
BERKLEY W R CORP,084423102,122,8964,DFND,
BERKSHIRE HATHAWAY INC-CL A,084670108,2,1457600,DFND,
BERKSHIRE HATHAWAY INC DEL,084670702,107373,52158582,DFND,
BERKSHIRE HATHAWAY INC DEL,084670702,195,94725,OTR,
BERKSHIRE HATHAWAY INC DEL,084670702,18679,9073698,DFND,
BERKSHIRE HATHAWAY INC DEL,084670702,4318,2097555,DFND,
BEST BUY INC,086516101,1770,118820,DFND,
BEST BUY INC,086516101,544,36519,DFND,
BHP GROUP LTD,088606108,24160,1161854,DFND,
BHP GROUP LTD,088606108,3593,172787,DFND,
BIO RAD LABS INC,090572207,6,1448,DFND,
BLACK HILLS CORP,092113109,10,561,DFND,
BLACKROCK ETF TRUST II,092528876,1669,84343,DFND,
BLOCK H & R INC,093671105,10,549,DFND,
BOEING COMPANY,097023105,4050,848597,DFND,
BOEING COMPANY,097023105,208,43582,DFND,
BOEING COMPANY,097023105,465,97432,DFND,
BOOZ ALLEN HAMILTON HOLDING CO,099502106,1368,142450,DFND,
BOOZ ALLEN HAMILTON HOLDING CO,099502106,13,1354,DFND,
BORGWARNER INC,099724106,24,804,DFND,
BOSTON BEER INC,100557107,2,382,DFND,
BXP INC,101121101,166,11201,DFND,
BOSTON SCIENTIFIC CORP,101137107,165007,17723402,DFND,
BOSTON SCIENTIFIC CORP,101137107,217,23308,OTR,
BOSTON SCIENTIFIC CORP,101137107,1366,146722,DFND,
BOSTON SCIENTIFIC CORP,101137107,737,79162,DFND,
SRH TOTAL RETURN FUND,101507101,100000,1768000,DFND,
BOYD GAMING CORP,103304101,5,392,DFND,
BRANDYWINE RLTY TR,105368203,503,2158,DFND,
BRIGHT HORIZONS FAM SOL IN D,109194100,27,3337,DFND,
BRISTOL MYERS SQUIBB CO,110122108,25521,1181367,DFND,
BRISTOL-MYERS SQUIBB CO,110122108,676,31292,DFND,
BRISTOL-MYERS SQUIBB CO,110122108,727,33653,DFND,
BRITISH AMERICAN TOBACCO SPONS,110448107,34,1609,DFND,
AZENTA INC,114340102,5,154,DFND,
BROWN & BROWN INC,115236101,166,18405,DFND,
BROWN FORMAN CORP,115637209,494,13294,DFND,
BROWN FORMAN CORP,115637209,146,3929,DFND,
BRUKER CORP,116794108,23,948,DFND,
BRUNSWICK CORP,117043109,72,3978,DFND,
BURLINGTON STORES INC,122017106,25,5816,DFND,
BURLINGTON STORES INC,122017106,13,3025,DFND,
BUTTERFLY NETWORK INC CL A,124155102,2123,4246,DFND,
CF INDUSTRIES HOLDINGS INC,125269100,100,9200,DFND,
CF INDUSTRIES HOLDINGS INC,125269100,40,3680,DFND,
CIGNA GROUP,125523100,151,49918,DFND,
CIGNA GROUP,125523100,255,84298,DFND,
CIGNA GROUP,125523100,148,48926,DFND,
CMS ENERGY CORP,125896100,74,5127,DFND,
CNA FINL CORP,126117100,15,698,DFND,
CSX CORPORATION,126408103,23778,775876,DFND,
CSX CORPORATION,126408103,240,7831,DFND,
CSX CORPORATION,126408103,2123,69274,DFND,
CVS HEALTH CORP,126650100,41684,2875362,DFND,
CVS HEALTH CORP,126650100,1030,71028,DFND,
COTERRA ENERGY INC,127097103,602,15279,DFND,
COTERRA ENERGY INC,127097103,207,5254,DFND,
CACI INTL INC,127190304,1,477,DFND,
"CADENCE DESIGN SYSTEMS, INC.",127387108,219,67485,DFND,
"CADENCE DESIGN SYSTEMS, INC.",127387108,96,29583,DFND,
CAL MAINE FOODS INC,128030202,8,798,DFND,
CALAVO GROWERS INC,128246105,22,585,DFND,
TOPGOLF CALLAWAY BRANDS CORP,131193104,84,677,DFND,
CAMDEN PPTY TR,133131102,35,3945,DFND,
THE CAMPBELLS COMPANY,134429109,10,307,DFND,
CANADIAN IMPERIAL BK COMM,136069101,2000,141660,DFND,
CANADIAN NATIONAL RAILWAY CO,136375102,700,72828,DFND,
CANADIAN NATIONAL RAILWAY CO,136375102,452,47026,DFND,
CANADIAN NATURAL RESOURCES LTD,136385101,292,9169,DFND,
CANOPY GROWTH CORPORATION ADR,138035704,10,12,DFND,
CARLISLE COS INC,142339100,16,5975,DFND,
CARMAX INC,143130102,690,46375,DFND,
CARMAX INC,143130102,100,6721,DFND,
CARMAX INC,143130102,23,1546,DFND,
CARNIVAL CORP,143658300,5260,147911,DFND,
CARNIVAL CORP,143658300,185,5202,DFND,
CARNIVAL CORP,143658300,441,12401,DFND,
CARTERS INC,146229109,10,302,DFND,
CARVANA CO,146869102,64,21566,DFND,
CASELLA WASTE SYS INC,147448104,5,577,DFND,
CASEYS GEN STORES INC,147528103,1,511,DFND,
CAVA GROUP INC COM,148929102,110,9265,DFND,
CATERPILLAR INC,149123101,2647,1027592,DFND,
CATERPILLAR INC,149123101,772,299698,DFND,
CATERPILLAR INC,149123101,643,249666,DFND,
CAVCO INDS INC DEL,149568107,2,869,DFND,
CELANESE CORP DEL,150870103,91,5036,DFND,
CEMEX SAB DE CV SPONSORED ADR,151290889,11992,83105,DFND,
CERUS CORP,157085101,500,705,DFND,
CHARLES RIV LABS INTL INC,159864107,14,2125,DFND,
CHEMOURS COMPANY,163851108,2549,29186,DFND,
CHEMOURS COMPANY,163851108,50,573,DFND,
EXPAND ENERGY CORPORATION,165167735,38,4444,DFND,
CHEVRON CORPORATION,166764100,77659,11119992,DFND,
CHEVRON CORPORATION,166764100,500,71595,OTR,
CHEVRON CORPORATION,166764100,19024,2724046,DFND,
CHEVRON CORPORATION,166764100,1191,170540,DFND,
CHIPOTLE MEXICAN GRILL INC,169656105,724,40653,DFND,
CHIPOTLE MEXICAN GRILL INC,169656105,50,2808,DFND,
CHIPOTLE MEXICAN GRILL INC,169656105,764,42899,DFND,
CHOICE HOTELS INTL INC,169905106,5,635,DFND,
CHURCH & DWIGHT CO INC,171340102,16526,1588314,DFND,
CHURCH & DWIGHT CO INC,171340102,325,31236,DFND,
CHURCH & DWIGHT CO INC,171340102,232,22298,DFND,
CHURCHILL DOWNS INC,171484108,23,2323,DFND,
CIENA CORP,171779309,34,2766,DFND,
CINCINNATI FINANCIAL CORP,172062101,2824,420550,DFND,
CINCINNATI FINANCIAL CORP,172062101,40,5957,DFND,
CIRRUS LOGIC INC,172755100,11,1147,DFND,
CINTAS CORP,172908105,557,124139,DFND,
CINTAS CORP,172908105,208,46357,DFND,
CITIGROUP INC,172967424,332,28260,DFND,
CITIGROUP INC,172967424,651,55414,DFND,
CITIZENS FINANCIAL GROUP INC C,174610105,230,10293,DFND,
CITIZENS FINANCIAL GROUP INC C,174610105,120,5370,DFND,
CLEAN HARBORS INC,184496107,5,1156,DFND,
CLOROX CO DEL,189054109,24,2882,DFND,
COCA COLA CO,191216100,193093,13661330,DFND,
COCA COLA CO,191216100,647,45775,OTR,
COCA COLA CO,191216100,69003,4881962,DFND,
COCA COLA CO,191216100,3973,281090,DFND,
CODEXIS INC,192005106,200,488,DFND,
COGNEX CORP,192422103,43,1364,DFND,
COGNIZANT TECHNOLOGY SOLUTIONS,192446102,9,702,DFND,
COGNIZANT TECHNOLOGY SOLUTIONS,192446102,121,9442,DFND,
COLGATE PALMOLIVE CO,194162103,2949,268064,DFND,
COLGATE PALMOLIVE CO,194162103,1841,167347,DFND,
COLGATE PALMOLIVE CO,194162103,228,20726,DFND,
COLLIERS INTL GROUP INC,194693107,118,15404,DFND,
COLUMBIA BKG SYS INC,197236102,10,234,DFND,
COMFORT SYS USA INC,199908104,2,1073,DFND,
COMERICA INC,200340107,252,15032,DFND,
COMMERCE BANCSHARES INC,200525103,22,1368,DFND,
COMMERCIAL METALS CO,201723103,5,245,DFND,
COMMERCIAL METALS CO,201723103,12,587,DFND,
CONAGRA BRANDS INC,205887102,37,758,DFND,
CONSOLIDATED EDISON INC,209115104,231,23181,DFND,
CONSOLIDATED EDISON INC,209115104,1000,100350,DFND,
CONSOLIDATED EDISON INC,209115104,1336,134068,DFND,
COOPER COS INC,216648501,34,2420,DFND,
COPART INC,217204106,731,35871,DFND,
CORNING INC,219350105,63,3313,DFND,
CORNING INC,219350105,2552,134210,DFND,
CORPAY INC,219948106,12,3982,DFND,
COTY INC,222070203,1873,8709,DFND,
COTY INC,222070203,302,1405,DFND,
COUSINS PPTYS INC,222795502,58,1742,DFND,
CREDIT ACCEP CORP MICH,225310101,1,510,DFND,
CROCS INC,227046109,13,1317,DFND,
CUBESMART,229663109,300,12750,DFND,
CUBESMART,229663109,74,3145,DFND,
CULLEN FROST BANKERS INC,229899109,23,2957,DFND,
CUMMINS INC,231021106,1031,337653,DFND,
CUMMINS INC,231021106,250,81875,DFND,
CUMMINS INC,231021106,19,6223,DFND,
CURTISS WRIGHT CORP,231561101,227,110901,DFND,
CURTISS WRIGHT CORP,231561101,11,5375,DFND,
DBX ETF TR,233051200,502,21963,DFND,
DBX ETF TR,233051200,728,31850,DFND,
DBX ETF TR,233051481,481,27018,DFND,
DBX ETF TR,233051515,305,10245,DFND,
DTE ENERGY CO,233331107,55,7286,DFND,
DANA INC,235825205,48,824,DFND,
DANAHER CORPORATION,235851102,80610,15923699,DFND,
DANAHER CORPORATION,235851102,200,39508,OTR,
DANAHER CORPORATION,235851102,23922,4725552,DFND,
DANAHER CORPORATION,235851102,242,47805,DFND,
DARDEN RESTAURANTS INC,237194105,4,872,DFND,
DARDEN RESTAURANTS INC,237194105,168,36619,DFND,
DARLING INGREDIENTS INC,237266101,159,6033,DFND,
DECKERS OUTDOOR CORP,243537107,27,2783,DFND,
DEERE & CO.,244199105,2074,1054608,DFND,
DEERE & CO,244199105,18,9153,DFND,
DEERE & CO,244199105,65,33052,DFND,
DELTA AIR LINES INC DEL,247361702,34,1672,DFND,
DELTA AIR LINES INC DEL,247361702,250,12295,DFND,
DELTA AIR LINES INC DEL,247361702,146,7181,DFND,
DEXCOM INC,252131107,116,10126,DFND,
DEXCOM INC,252131107,102,8904,DFND,
"DICKS SPORTING GOODS, INC.",253393102,96,18990,DFND,
"DICKS SPORTING GOODS, INC.",253393102,3,594,DFND,
DIEBOLD NIXDORF INC,253651202,13,721,DFND,
DIGI INTL INC,253798102,30,1046,DFND,
DIGITAL REALTY TR INC,253868103,350,61016,DFND,
DIGITAL REALTY TR INC,253868103,67,11681,DFND,
DILLARDS INC,254067101,9,3760,DFND,
DISNEY WALT CO NEW,254687106,14521,1800749,DFND,
DISNEY WALT CO NEW,254687106,33764,4187073,DFND,
DISNEY WALT CO NEW,254687106,1084,134406,DFND,
DOCUSIGN INC,256163106,200,15578,DFND,
DOCUSIGN INC,256163106,169,13164,DFND,
DOLLAR GEN CORP NEW,256677105,500,57190,DFND,
DOLLAR GEN CORP NEW,256677105,284,32484,DFND,
DOLLAR TREE INC,256746108,1871,185304,DFND,
DOLLAR TREE INC,256746108,100,9904,DFND,
DONALDSON INC,257651109,25,1734,DFND,
DORMAN PRODS INC,258278100,5,614,DFND,
DOVER CORP,260003108,19,3481,DFND,
DOVER CORP,260003108,128,23454,DFND,
DOW INC,260557103,8316,220208,DFND,
DOW INC,260557103,225,5958,DFND,
DOW INC,260557103,334,8845,DFND,
DYNATRACE INC,268150109,25,1381,DFND,
EASTMAN CHEM CO,277432100,18,1344,DFND,
EASTMAN KODAK CO,277461406,1000,5650,DFND,
EBAY INC,278642103,59,4393,DFND,
EBAY INC.,278642103,111,8266,DFND,
ECOLAB INC,278865100,6354,1712022,DFND,
ECOLAB INC,278865100,110,29638,DFND,
ECOLAB INC,278865100,44,11856,DFND,
EDISON INTL,281020107,896,46234,DFND,
ELECTRONIC ARTS INC,285512109,2506,400208,DFND,
EMERSON ELEC CO,291011104,20017,2668867,DFND,
EMERSON ELEC CO,291011104,30983,4130964,DFND,
EMERSON ELEC CO,291011104,537,71599,DFND,
EMPIRE ST RLTY TR INC,292104106,47,381,DFND,
ENERGY FUELS INC,292671708,115,662,DFND,
ENTERPRISE PRODS PARTNERS LP,293792107,7240,224512,DFND,
ENTERPRISE PRODS PARTNERS LP,293792107,1333,41336,DFND,
ENTERPRISE PRODS PARTNERS LP,293792107,1,19,DFND,
EQUIFAX INC,294429105,41,10635,DFND,
ERICSSON SPONS ADR,294821608,910,7717,DFND,
ESSEX PPTY TR INC,297178105,9,2551,DFND,
EVERUS CONSTR GROUP,300426103,2,128,DFND,
EXPEDITORS INTL WASH INC,302130109,97,11083,DFND,
FMC CORP,302491303,1000,41750,DFND,
FMC CORP,302491303,55,2297,DFND,
F N B CORP,302520101,115,1677,DFND,
FACTSET RESH SYS INC,303075105,46,20575,DFND,
FAIR ISAAC CORP,303250104,1,1828,DFND,
FASTENAL CO,311900104,456,19152,DFND,
FASTENAL CO,311900104,278,11676,DFND,
FEDERAL AGRIC MTG CORP,313148306,50,9714,DFND,
FEDERAL RLTY INVT TR NEW,313745101,5,475,DFND,
F5 INC,315616102,12,3532,DFND,
FIFTH THIRD BANCORP,316773100,2157,88717,DFND,
FIFTH THIRD BANCORP,316773100,371,15260,DFND,
FIRST BANCORP ADR,318672706,297,6187,DFND,
FIRST BANCORP NC COM,318910106,12989,572685,DFND,
FIRST HORIZON CORPORATION,320517105,230,4876,DFND,
FIRST SOLAR INC,336433107,22,3642,DFND,
FISERV INC,337738108,4963,855671,DFND,
FISERV INC,337738108,22600,3896466,DFND,
FISERV INC,337738108,1000,172410,DFND,
FIRSTENERGY CORP,337932107,124,4993,DFND,
FIVE9 INC,338307101,10,265,DFND,
FLOOR & DECOR HLDGS INC,339750101,7,532,DFND,
FLUOR CORP NEW,343412102,5500,281985,DFND,
FLUOR CORP NEW,343412102,5,257,DFND,
FLOWERS FOODS INC,343498101,125,1998,DFND,
FORD MOTOR CO DEL,345370860,6330,68681,DFND,
FORD MOTOR CO DEL,345370860,4405,47794,DFND,
FORD MOTOR CO DEL,345370860,3649,39592,DFND,
FORMFACTOR INC,346375108,5,173,DFND,
FRANKLIN COVEY CO,353469109,62,1415,DFND,
FRANKLIN ELEC INC,353514102,5,449,DFND,
FRANKLIN RESOURCES INC,354613101,126,3006,DFND,
FREEDOM HLDG CORP NEV,356390104,4,585,DFND,
FRESENIUS MEDICAL CARE ADR,358029106,31,886,DFND,
FRESHPET INC,358039105,5,340,DFND,
FULTON FINL CORP PA,360271100,10,181,DFND,
GALLAGHER ARTHUR J & CO,363576109,74,23689,DFND,
GARRETT MOTION INC,366505105,50,526,DFND,
GARTNER INC,366651107,20,8085,DFND,
GENERAC HOLDINGS INC,368736104,200,28642,DFND,
GENERAC HOLDINGS INC,368736104,13,1862,DFND,
GENERAL DYNAMICS CORP,369550108,1548,451490,DFND,
GENERAL DYNAMICS CORP,369550108,324,94498,DFND,
GENERAL DYNAMICS CORP,369550108,110,32083,DFND,
GE AEROSPACE,369604301,900,231651,DFND,
GE AEROSPACE,369604301,220,56626,DFND,
GE AEROSPACE,369604301,7214,1856812,DFND,
GENERAL MLS INC,370334104,2400,124344,DFND,
GENERAL MLS INC,370334104,410,21242,DFND,
GENERAL MLS INC,370334104,516,26734,DFND,
GENTEX CORP,371901109,158,3474,DFND,
GENTEX CORP,371901109,103,2265,DFND,
GENUINE PARTS CO,372460105,2219,269187,DFND,
GENUINE PARTS CO,372460105,953,115609,DFND,
GENUINE PARTS CO,372460105,118,14315,DFND,
GERMAN AMERN BANCORP INC,373865104,744,28652,DFND,
GILEAD SCIENCES INC,375558103,8262,916008,DFND,
GILEAD SCIENCES INC,375558103,1022,113310,DFND,
GILEAD SCIENCES INC,375558103,512,56766,DFND,
GLAUKOS CORP,377322102,6,620,DFND,
GLOBUS MED INC,379577208,1110,65513,DFND,
GODADDY INC,380237107,63,11344,DFND,
GODADDY INC,380237107,53,9544,DFND,
GOLDMAN SACHS TR ACTIVEBETA US,381430503,6,728,DFND,
GOODYEAR TIRE & RUBR CO,382550101,85,882,DFND,
GRACO INC,384109104,33,2838,DFND,
GRAIL INC,384747101,12,617,DFND,
GRAIL INC,384747101,20,1029,DFND,
GRAINGER W W INC,384802104,13,13524,DFND,
GRANITE CONSTR INC,387328107,9,842,DFND,
GRAPHIC PACKAGING HOLDING CO,388689101,152,3203,DFND,
GRAPHIC PACKAGING HOLDING CO,388689101,20,422,DFND,
GRAYSCALE BITCOIN TRUST ETF,389637109,6341,537907,DFND,
GRAYSCALE ETHEREUM TRUST ETF,389638107,460,9596,DFND,
GRAYSCALE BITCOIN MINI TR ET,389930207,1321,63078,DFND,
GRAYSCALE BITCOIN MINI TR ET,389930207,8,382,DFND,
GROUP 1 AUTOMOTIVE INC,398905109,3,1311,DFND,
HF SINCLAIR CORP,403949100,315,12941,DFND,
HSBC HOLDINGS P/S ADR,404280406,223,13556,DFND,
HALEON PLC ADR,405552100,520,5392,DFND,
HALLIBURTON CO,406216101,1181,24069,DFND,
HALLIBURTON CO,406216101,493,10048,DFND,
HAMILTON LANE INC,407497106,16,2274,DFND,
HANESBRANDS INC,410345102,310,1420,DFND,
HANOVER INS GROUP INC,410867105,5,850,DFND,
HARROW INC,415858109,59,1802,DFND,
HARTFORD INSURANCE GROUP INC,416515104,80,10150,DFND,
HASBRO INC,418056107,55,4061,DFND,
HAYWARD HLDGS INC,421298100,20,276,DFND,
HEICO CORP NEW,422806109,82,26896,DFND,
HEICO CORP NEW,422806109,6,1968,DFND,
HEICO CORP NEW,422806208,23,5952,DFND,
HELLO GRP INC/ADR,423403104,30,253,DFND,
HENRY JACK & ASSOC INC,426281101,4,721,DFND,
HERSHEY CO,427866108,2,332,DFND,
HERSHEY CO,427866108,38,6307,DFND,
HEXCEL CORP NEW,428291108,8,452,DFND,
HIGHWOODS PPTYS INC,431284108,150,4664,DFND,
HILLTOP HOLDINGS INC,432748101,1833,55632,DFND,
HIMS & HERS HEALTH INC,433000106,43,2144,DFND,
HOLOGIC INC,436440101,30,1955,DFND,
HOME DEPOT INC,437076102,41592,15249291,DFND,
HOME DEPOT INC,437076102,90,32998,OTR,
HOME DEPOT INC,437076102,15798,5792179,DFND,
HOME DEPOT INC,437076102,1305,478393,DFND,
HONEYWELL INTERNATIONAL INC,438516106,7630,1776874,DFND,
HONEYWELL INTERNATIONAL INC,438516106,121,28178,OTR,
HONEYWELL INTERNATIONAL INC,438516106,16269,3788725,DFND,
HONEYWELL INTERNATIONAL INC,438516106,808,188168,DFND,
HORMEL FOODS CORP,440452100,66,1997,DFND,
HOWMET AEROSPACE INC,443201108,100,18613,DFND,
HUBBELL INC,443510607,7,2859,DFND,
HUBSPOT INC,443573100,37,20596,DFND,
HUMANA INC,444859102,14,3423,DFND,
HUNT J B TRANS SVCS INC,445658107,24,3447,DFND,
HUNTINGTON BANCSHARES INC,446150104,336,5631,DFND,
HUNTINGTON BANCSHARES INC,446150104,1003,16811,DFND,
HUNTINGTON INGALLS INDUSTRIES,446413106,100,24146,DFND,
HUNTINGTON INGALLS INDUSTRIES,446413106,23,5554,DFND,
HUNTSMAN CORP,447011107,15,157,DFND,
HURON CONSULTING GROUP INC,447462102,14,1926,DFND,
HYATT HOTELS CORPORATION,448579102,32652,4559852,DFND,
HYATT HOTELS CORPORATION,448579102,334,46643,DFND,
HYATT HOTELS CORPORATION,448579102,4,559,DFND,
IRHYTHM TECHNOLOGIES INC,450056106,14,2156,DFND,
IDACORP INC,451107106,515,59457,DFND,
ILLINOIS TOOL WORKS,452308109,3901,964522,DFND,
ILLINOIS TOOL WORKS,452308109,153,37830,DFND,
ILLUMINA INC,452327109,100,9541,DFND,
ILLUMINA INC,452327109,77,7347,DFND,
ILLUMINA INC,452327109,42,4008,DFND,
IMMERSION CORP/SH,452521107,500,3940,DFND,
ING GROEP N.V.,456837103,971,21236,DFND,
INFINITY NAT RES INC,456941103,32,586,DFND,
INGREDION INC COM,457187102,300,40686,DFND,
INNODATA INC,457642205,6,308,DFND,
INSMED INC,457669307,7,705,DFND,
INTEL CORP,458140100,6669,149386,DFND,
INTEL CORP,458140100,1880,42112,DFND,
INTEL CORP,458140100,3663,82052,DFND,
INTERNATIONAL BUSINESS MACHS,459200101,26261,7741218,DFND,
INTERNATIONAL BUSINESS MACHS,459200101,4057,1195922,DFND,
INTERNATIONAL BUSINESS MACHS,459200101,3296,971595,DFND,
INTERNATIONAL FLAVORS & FRAGRA,459506101,272,20006,DFND,
INTERNATIONAL FLAVORS & FRAGRA,459506101,74,5443,DFND,
INTERNATIONAL PAPER CO,460146103,5106,239114,DFND,
INTERNATIONAL PAPER CO,460146103,1113,52122,DFND,
INTERNATIONAL PAPER CO,460146103,71,3325,DFND,
INTERPUBLIC GROUP COS INC,460690100,64,1567,DFND,
INTUIT,461202103,25,19691,DFND,
INTUIT,461202103,499,393027,DFND,
INTUIT,461202103,77,60648,DFND,
IONIS PHARMACEUTICALS INC,462222100,51,2016,DFND,
IOVANCE BIOTHERAPEUTICS INC,462260100,5000,8600,DFND,
ISHARES GOLD TR,464285204,5193,323835,DFND,
ISHARES GOLD TR,464285204,106,6610,DFND,
ISHARES GOLD TR,464285204,466,29060,DFND,
ISHARES INC MSCI EM ASIA ETF,464286426,17,1403,DFND,
ISHARES INC,464286533,438,27507,DFND,
BLACKROCK INSTITUTIONAL TRUST,464287101,95,28913,DFND,
ISHARES TR,464287150,726,98039,DFND,
ISHARES TR,464287150,4004,540701,DFND,
ISHARES TR,464287168,3510,466163,DFND,
ISHARES TR,464287168,465,61757,DFND,
ISHARES TR,464287168,1486,197356,DFND,
ISHARES TR,464287176,129,14195,DFND,
ISHARES TR,464287176,13921,1531867,DFND,
ISHARES TR,464287176,393,43205,DFND,
ISHARES TR,464287200,60718,37699806,DFND,
ISHARES TR,464287200,814,505413,DFND,
ISHARES TR,464287200,1602,994927,DFND,
ISHARES TR,464287226,14470,1435424,DFND,
ISHARES TR,464287226,675,66960,DFND,
ISHARES TR,464287226,6870,681504,DFND,
ISHARES TR,464287234,3271,157799,DFND,
ISHARES TR,464287309,875,96338,DFND,
ISHARES TR,464287309,1371,150972,DFND,
ISHARES TR,464287341,1168,45891,DFND,
ISHARES TR,464287408,14116,2758549,DFND,
ISHARES 20plus YEAR TREASURY BOND,464287432,567,50038,DFND,
ISHARES TR,464287440,20,1915,DFND,
ISHARES TR,464287440,3125,299281,DFND,
ISHARES TR,464287457,381983,31651111,DFND,
ISHARES TR,464287457,13375,1108253,DFND,
ISHARES TR,464287465,19067,1704399,DFND,
ISHARES TR,464287465,16350,1461519,DFND,
ISHARES TR,464287473,1564,206667,DFND,
ISHARES TR,464287473,221,29203,DFND,
ISHARES TR,464287481,5193,720165,DFND,
ISHARES TR,464287481,1233,170993,DFND,
ISHARES TR,464287499,30353,2791565,DFND,
ISHARES TR,464287499,2074,190746,DFND,
ISHARES TR,464287507,22764,1411823,DFND,
ISHARES TR,464287507,9672,599857,DFND,
ISHARES TR,464287507,27399,1699258,DFND,
ISHARES TR,464287515,9,986,DFND,
ISHARES TR,464287515,655,71723,DFND,
ISHARES TR SEMICONDUCTOR ETF,464287523,19,4535,DFND,
ISHARES TR,464287556,82,10374,DFND,
ISHARES TR,464287556,221,27959,DFND,
ISHARES TR,464287580,320,31885,DFND,
ISHARES TR,464287598,9384,1822654,DFND,
ISHARES TR,464287598,2440,473934,DFND,
ISHARES TR,464287606,6803,618937,DFND,
ISHARES TR,464287606,5906,537328,DFND,
ISHARES TR,464287614,6948,2949982,DFND,
ISHARES TR,464287614,270,114637,DFND,
ISHARES TR,464287614,1496,635172,DFND,
ISHARES TR,464287622,1769,600699,DFND,
ISHARES TR,464287622,2189,743456,DFND,
ISHARES TR,464287630,642,101282,DFND,
ISHARES TR,464287630,151,23822,DFND,
ISHARES TR,464287630,98,15461,DFND,
ISHARES TR,464287648,195,55743,DFND,
ISHARES TR,464287648,129,36876,DFND,
ISHARES TR,464287655,1707,368354,DFND,
ISHARES TR,464287655,686,148032,DFND,
ISHARES TR,464287655,852,183817,DFND,
ISHARES TR,464287663,77,7287,DFND,
ISHARES TR,464287663,888,84032,DFND,
ISHARES TR,464287671,628,94451,DFND,
ISHARES TR,464287671,144,21658,DFND,
ISHARES TR,464287689,1717,602667,DFND,
ISHARES TR,464287689,4876,1711580,DFND,
ISHARES TR,464287697,150,15685,DFND,
ISHARES TR,464287705,3285,405960,DFND,
ISHARES TR,464287705,3571,441305,DFND,
ISHARES TR,464287721,260,45050,DFND,
ISHARES TR,464287754,160,22770,DFND,
ISHARES TR,464287762,115,6495,DFND,
ISHARES TR,464287796,115,5200,DFND,
ISHARES TR,464287804,78334,8561123,DFND,
ISHARES TR,464287804,1926,210492,DFND,
ISHARES TR,464287804,65271,7133461,DFND,
ISHARES TR,464287812,450,31716,DFND,
ISHARES TR,464287838,30,4200,DFND,
ISHARES S&P SMALLCAP 600/VAL E,464287879,3196,317970,DFND,
ISHARES TR,464287887,1325,176278,DFND,
ISHARES TR,464287887,1024,136233,DFND,
ISHARES TR,464288158,361,38389,DFND,
ISHARES TR,464288158,978,104001,DFND,
ISHARES GLOBAL TIMBER & FOREST,464288174,275,20174,DFND,
ISHARES TR,464288273,297,21586,DFND,
ISHARES TR,464288281,24,2223,DFND,
ISHARES TR,464288414,5429,567222,DFND,
ISHARES TR,464288448,50,1726,DFND,
ISHARES TR,464288588,185,17370,DFND,
ISHARES TR,464288620,208,10700,DFND,
ISHARES TR,464288646,88998,4695534,DFND,
ISHARES TR,464288661,30,3573,DFND,
ISHARES TR,464288661,2175,259021,DFND,
ISHARES TR,464288679,42,4638,DFND,
ISHARES TR,464288679,8768,968163,DFND,
ISHARES TR,464288687,18106,555492,DFND,
ISHARES TR,464288687,74163,2275321,DFND,
ISHARES TR,464288760,100,18864,DFND,
ISHARES TR,464288877,13577,861868,DFND,
ISHARES TR,464288877,429,27233,DFND,
ISHARES TR,464288885,383,42896,DFND,
ISHARES TR,464288885,180,20160,DFND,
ISHARES RUSSELL TOP 200 VALUE,464289420,1013,85284,DFND,
ISHARES RUSSELL TOP 200 GROWTH,464289438,499,123008,DFND,
ISHARES TR,464289529,1173,63788,DFND,
ISHARES TR,464289867,390,24012,DFND,
ISHARES TR,464289867,11272,694018,DFND,
ISHARES TR,464289875,1019,46915,DFND,
JABIL INC,466313103,57,12432,DFND,
JABIL INC,466313103,39,8506,DFND,
JOHNSON & JOHNSON,478160104,35456,5415904,DFND,
JOHNSON & JOHNSON,478160104,5769,881215,DFND,
JOHNSON & JOHNSON,478160104,3099,473433,DFND,
KLA CORP,482480100,23,20602,DFND,
KLA CORP,482480100,23,20602,DFND,
KLA CORP,482480100,119,106594,DFND,
KELLANOVA,487836108,73,5806,DFND,
KENNEDY-WILSON HOLDINGS INC,489398107,35,238,DFND,
KEYCORP,493267108,490,8536,DFND,
KIMBERLY-CLARK CORP,494368103,130,16760,DFND,
KIMBERLY-CLARK CORP,494368103,179,23077,DFND,
KIMBERLY-CLARK CORP,494368103,76,9798,DFND,
KIRBY CORP,497266106,17,1928,DFND,
KNIGHT-SWIFT TRANSN HLDGS IN,499049104,25,1106,DFND,
KOHLS CORP,500255104,55,467,DFND,
KRAFT HEINZ CO,500754106,3737,96489,DFND,
KRAFT HEINZ CO,500754106,290,7488,DFND,
KRAFT HEINZ CO,500754106,183,4726,DFND,
KROGER CO,501044101,730,52363,DFND,
LKQ CORP,501889208,76,2813,DFND,
LKQ CORP,501889208,55,2036,DFND,
L3 HARRIS TECHNOLOGIES INC,502431109,45485,11409457,DFND,
L3 HARRIS TECHNOLOGIES INC,502431109,120,30101,OTR,
L3HARRIS TECHNOLOGIES INC,502431109,16651,4176737,DFND,
L3HARRIS TECHNOLOGIES INC,502431109,38,9532,DFND,
LABCORP HOLDINGS INC,504922105,140,36751,DFND,
LABCORP HOLDINGS INC,504922105,13,3413,DFND,
LAM RESEARCH CORP,512807306,290,28229,DFND,
LAM RESEARCH CORP,512807306,1133,110287,DFND,
LAMAR ADVERTISING CO NEW,512816109,10,1214,DFND,
LAMB WESTON HLDGS INC,513272104,50,2593,DFND,
LANDSTAR SYS INC,515098101,195,27109,DFND,
LANTHEUS HLDGS INC,516544103,23,1883,DFND,
LAS VEGAS SANDS CORP,517834107,13,566,DFND,
LAS VEGAS SANDS CORP,517834107,54,2350,DFND,
LATTICE SEMICONDUCTOR CORP,518415104,20,980,DFND,
LAUDER ESTEE COS INC,518439104,291,23513,DFND,
LAUREATE EDUCATION INC,518613203,67,1567,DFND,
LEAR CORP,521865204,10,950,DFND,
LEAR CORP,521865204,4,380,DFND,
LEGGETT & PLATT INC,524660107,525,4683,DFND,
LEIDOS HOLDINGS INC,525327102,13,2051,DFND,
LEIDOS HOLDINGS INC,525327102,14,2209,DFND,
LEMAITRE VASCULAR INC,525558201,130,10797,DFND,
LENNAR CORP,526057104,985,108951,DFND,
LENNAR CORP,526057302,25,2632,DFND,
LENNOX INTL INC,526107107,1,574,DFND,
LIBERTY BROADBAND CORP,530307305,243,23907,DFND,
LIBERTY MEDIA CORP DEL,531229722,20,1624,DFND,
LIBERTY MEDIA CORP DEL,531229755,11,1150,DFND,
LIBERTY MEDIA CORP DEL,531229771,30,2813,DFND,
ELI LILLY & CO.,532457108,10096,7870135,DFND,
ELI LILLY & CO,532457108,1207,940916,DFND,
ELI LILLY & CO,532457108,1183,922184,DFND,
LINCOLN ELEC HLDGS INC,533900106,9,1866,DFND,
LINCOLN NATL CORP IND,534187109,337,11661,DFND,
LITHIA MTRS INC,536797103,1,338,DFND,
LITTELFUSE INC,537008104,6,1361,DFND,
LIVE NATION ENTERTAINMENT IN,538034109,72,10893,DFND,
LOCKHEED MARTIN CORP,539830109,4181,1936388,DFND,
LOCKHEED MARTIN CORP,539830109,30,13894,DFND,
LOCKHEED MARTIN CORP,539830109,524,242686,DFND,
LOEWS CORP,540424108,56,5133,DFND,
LOEWS CORP,540424108,73,6692,DFND,
LOUISIANA PAC CORP,546347105,17,1462,DFND,
LOWES COS INC,548661107,23821,5285165,DFND,
LOWES COS INC,548661107,294,65230,DFND,
LOWES COS INC,548661107,461,102283,DFND,
LUCID GROUP INC,549498103,100,211,DFND,
LUCID GROUP INC,549498103,1095,2311,DFND,
LULULEMON ATHLETICA INC,550021109,12,2851,DFND,
MDU RES GROUP INC,552690109,20,334,DFND,
MGIC INVT CORP WIS,552848103,35,975,DFND,
MGM RESORTS INTERNATIONAL,552953101,97,3336,DFND,
MP MATERIALS CORP,553368101,55,1830,DFND,
MSA SAFETY INC,553498106,4,671,DFND,
MV OIL TR,553859109,3939,22647,DFND,
MACERICH CO,554382101,1,17,DFND,
MADRIGAL PHARMACEUTICALS INC,558868105,2,606,DFND,
MANHATTAN ASSOCIATES INC,562750109,9,1778,DFND,
MAPLEBEAR INC,565394103,15,679,DFND,
MARKEL GROUP INC,570535104,52,103863,DFND,
MARKEL GROUP INC,570535104,2,3995,DFND,
MARSH & MCCLENNAN,571748102,209,45696,DFND,
MARSH & MCCLENNAN,571748102,233,50944,DFND,
MARRIOTT INTL INC NEW,571903202,56,15300,DFND,
MARTIN MARIETTA MATERIALS INC,573284106,30,16469,DFND,
MARTIN MARIETTA MATERIALS INC,573284106,24,13176,DFND,
MARVELL TECHNOLOGY INC,573874104,200,15480,DFND,
MARVELL TECHNOLOGY INC,573874104,740,57276,DFND,
MASCO CORP,574599106,20,1287,DFND,
MASCO CORP,574599106,89,5729,DFND,
MASIMO CORP,574795100,3,505,DFND,
MASTEC INC,576323109,119,20282,DFND,
MATADOR RES CO,576485205,60,2864,DFND,
MATTEL INC,577081102,30,592,DFND,
MCCORMICK & CO INC,579780206,27,2048,DFND,
MCDONALDS CORP,580135101,13646,3986952,DFND,
MCDONALDS CORP,580135101,450,131477,DFND,
MCDONALDS CORP,580135101,832,243206,DFND,
MELCO RESORTS & ENTERTAINMENT,585464100,37,268,DFND,
MERCURY SYS INC,589378108,10,539,DFND,
MERIT MED SYS INC,589889104,11,1029,DFND,
METTLER TOLEDO INTERNATIONAL,592688105,4,4699,DFND,
MICROSOFT CORP,594918104,229772,114290891,DFND,
MICROSOFT CORP,594918104,342,170114,OTR,
MICROSOFT CORP,594918104,26574,13218173,DFND,
MICROSOFT CORP,594918104,13604,6766946,DFND,
MICROSTRATEGY INC,594972408,36,14553,DFND,
MICROCHIP TECHNOLOGY INC.,595017104,983,69156,DFND,
MICRON TECHNOLOGY INC,595112103,28944,3567348,DFND,
MICRON TECHNOLOGY INC,595112103,150,18488,DFND,
MICRON TECHNOLOGY INC,595112103,328,40426,DFND,
MIDDLEBY CORP,596278101,1,144,DFND,
MILLROSE PPTYS INC,601137102,489,13942,DFND,
MIRUM PHARMACEUTICALS INC,604749101,48,2443,DFND,
MITSUBISHI UFJ FINL GROUP IN,606822104,750,10290,DFND,
MOHAWK INDS INC,608190104,50,5242,DFND,
MONDELEZ INTL INC,609207105,91490,6170086,DFND,
MONDELEZ INTL INC,609207105,42633,2875169,DFND,
MONDELEZ INTL INC,609207105,635,42825,DFND,
MONOLITHIC PWR SYS INC,609839105,25,18285,DFND,
MOODYS CORP,615369105,224,112356,DFND,
MOODYS CORP,615369105,110,55175,DFND,
MORGAN STANLEY,617446448,22426,3158926,DFND,
MORGAN STANLEY,617446448,7704,1085185,DFND,
MORGAN STANLEY,617446448,2812,396099,DFND,
MORNINGSTAR INC,617700109,3,942,DFND,
MOTOROLA SOLUTIONS INC,620076307,13060,5491208,DFND,
MOTOROLA SOLUTIONS INC,620076307,350,147161,DFND,
MOTOROLA SOLUTIONS INC,620076307,345,145059,DFND,
MUELLER INDS INC,624756102,7,557,DFND,
MURPHY OIL CORP,626717102,85,1913,DFND,
MURPHY USA INC,626755102,585,237978,DFND,
MURPHY USA INC,626755102,4,1628,DFND,
NRG ENERGY INC,629377508,210,33722,DFND,
NASDAQ INC,631103108,1500,134130,DFND,
NASDAQ INC,631103108,294,26290,DFND,
NATERA INC,632307104,15,2535,DFND,
NATIONAL FUEL GAS CO,636180101,13,1102,DFND,
NNN REIT INC,637417106,23,994,DFND,
NEOGEN CORP COM,640491106,76,363,DFND,
NEOGEN CORP,640491106,35,168,DFND,
NEW FORTRESS ENERGY INC,644393100,273,907,DFND,
NEW JERSEY RES CORP,646025106,5,225,DFND,
NEW YORK TIMES CO,650111107,5,280,DFND,
NEWELL BRANDS INC,651229106,50,270,DFND,
NEWMARKET CORP,651587107,4,2764,DFND,
NEWMONT CORP,651639106,268,15614,DFND,
NPK INTERNATIONAL INC,651718504,94,800,DFND,
NIKE INC,654106103,13488,958188,DFND,
NIKE INC,654106103,28240,2006170,DFND,
NIKE INC,654106103,798,56690,DFND,
NORDSON CORP,655663102,22,4716,DFND,
NORDSON CORP,655663102,24,5145,DFND,
NORFOLK SOUTHERN CORP,655844108,2091,535233,DFND,
NORFOLK SOUTHERN CORP,655844108,111,28413,DFND,
NORFOLK SOUTHERN CORP,655844108,43,11007,DFND,
NORTHERN TR CORP,665859104,106,13440,DFND,
NORTHROP GRUMMAN CORP,666807102,100,49998,DFND,
NORTHROP GRUMMAN CORP,666807102,45,22500,DFND,
GEN DIGITAL INC,668771108,67,1970,DFND,
GEN DIGITAL INC,668771108,20,588,DFND,
NOVO-NORDISK A S,670100205,12362,853225,DFND,
NOVO-NORDISK A S,670100205,300,20706,OTR,
NOVO-NORDISK A S,670100205,37821,2610405,DFND,
NOVO-NORDISK A S,670100205,131,9042,DFND,
NUCOR CORP,670346105,676,87569,DFND,
NUCOR CORP,670346105,5145,666483,DFND,
NUCOR CORP,670346105,47,6089,DFND,
NUVALENT INC,670703107,13,992,DFND,
OGE ENERGY CORP,670837103,48,2131,DFND,
NUVEEN MUN VALUE FD INC,670928100,6718,58379,DFND,
CHORD ENERGY CORPORATION,674215207,16,1550,DFND,
OCCIDENTAL PETE CORP,674599105,9365,393424,DFND,
OCCIDENTAL PETE CORP,674599105,111,4663,DFND,
OCCIDENTAL PETE CORP,674599105,392,16468,DFND,
OCCIDENTAL PETROLEUM - WTS 8/0,674599162,5000,103550,DFND,
"OCEANEERING INTERNATIONAL, INC",675232102,1000,20720,DFND,
OCEANEERING INTL INC,675232102,29,601,DFND,
OKTA INC,679295105,66,6599,DFND,
OLD DOMINION FREIGHT LINE INC,679580100,76,12335,DFND,
OLD DOMINION FREIGHT LINE IN,679580100,50,8115,DFND,
OLD NATL BANCORP IND,680033107,282,6018,DFND,
OLIN CORP,680665205,60,1206,DFND,
OLLIES BARGAIN OUTLET HLDGS,681116109,5,659,DFND,
OMNICOM GROUP INC,681919106,42,3021,DFND,
OMNICOM GROUP INC,681919106,20,1439,DFND,
ON SEMICONDUCTOR CORP,682189105,1210,63417,DFND,
ONEOK INC NEW,682680103,150,12245,DFND,
ONEOK INC NEW,682680103,733,59835,DFND,
ONEOK INC NEW,682680103,193,15755,DFND,
ONTO INNOVATION INC,683344105,15,1514,DFND,
ORMAT TECHNOLOGIES INC,686688102,7,587,DFND,
OSCAR HEALTH INC,687793109,5,108,DFND,
OSHKOSH CORP,688239201,10,1136,DFND,
OTTER TAIL CORP,689648103,17,1311,DFND,
OWENS CORNING NEW,690742101,20,2750,DFND,
OWENS CORNING NEW,690742101,9,1238,DFND,
OWENS CORNING NEW,690742101,12,1651,DFND,
PNC FINANCIAL SERVICES GROUP,693475105,1756,327354,DFND,
PNC FINANCIAL SERVICES GROUP,693475105,42,7830,DFND,
PPG INDUSTRIES INC,693506107,5211,592751,DFND,
PPG INDUSTRIES INC,693506107,54,6143,DFND,
PVH CORPORATION,693656100,12,824,DFND,
PACCAR INC,693718108,28,2662,DFND,
PACCAR INC,693718108,124,11788,DFND,
PACKAGING CORP OF AMERICA,695156109,221,41647,DFND,
PACKAGING CORP OF AMERICA,695156109,10,1885,DFND,
PALO ALTO NETWORKS INC,697435105,1788,365896,DFND,
PALO ALTO NETWORKS INC,697435105,798,163303,DFND,
REPOSITRAK INC,700215304,619,12164,DFND,
PARK NATIONAL CORP COM,700658107,1996,333851,DFND,
PARKER-HANNIFIN CORP,701094104,33517,23410619,DFND,
PARKER-HANNIFIN CORP,701094104,1027,717329,DFND,
PARKER-HANNIFIN CORP,701094104,36,25145,DFND,
PAYCHEX INC,704326107,7461,1085277,DFND,
PAYCHEX INC,704326107,131,19055,DFND,
PAYCHEX INC,704326107,469,68285,DFND,
PEGASYSTEMS INC,705573103,26,1408,DFND,
PEPSICO INC,713448108,29118,3844741,DFND,
PEPSICO INC,713448108,3800,501752,DFND,
PEPSICO INC,713448108,22504,2971465,DFND,
REVVITY INC,714046109,50,4836,DFND,
PFIZER INC,717081103,15020,364085,DFND,
PFIZER INC,717081103,1249,30276,DFND,
PFIZER INC,717081103,3699,89664,DFND,
PHILIP MORRIS INTL INC,718172109,14897,2713191,DFND,
PHILIP MORRIS INTL INC,718172109,2323,423088,DFND,
PHILIP MORRIS INTL INC,718172109,886,161368,DFND,
PHILLIPS 66,718546104,11339,1352743,DFND,
PHILLIPS 66,718546104,3659,436519,DFND,
PHILLIPS 66,718546104,166,19804,DFND,
PIEDMONT REALTY TRUST INC,720190206,52,380,DFND,
PINNACLE WEST CAP CORP,723484101,7,627,DFND,
PIPER SANDLER COMPANIES,724078100,515,143139,DFND,
POLARIS INC,731068102,60,2439,DFND,
POST HLDGS INC,737446104,4,437,DFND,
PRIMO BRANDS CORPORATION,741623102,84,2489,DFND,
PROCTER & GAMBLE COMPANY,742718109,59179,9428398,DFND,
PROCTER & GAMBLE COMPANY,742718109,208,33139,OTR,
PROCTER AND GAMBLE CO,742718109,16894,2691552,DFND,
PROCTER AND GAMBLE CO,742718109,1992,317427,DFND,
PROGRESSIVE CORP OHIO COM,743315103,10133,2704092,DFND,
PROGRESSIVE CORP OHIO COM,743315103,140,37361,DFND,
PROSPERITY BANCSHARES INC,743606105,7,492,DFND,
PROTO LABS INC/SH,743713109,262,10490,DFND,
PRUDENTIAL FINL INC,744320102,175,18802,DFND,
PRUDENTIAL FINL INC,744320102,602,64679,DFND,
PUBLIC SVC ENTERPRISE GRP IN,744573106,2545,214239,DFND,
PULTE GROUP INC,745867101,75,7910,DFND,
QUALCOMM INC,747525103,5652,900138,DFND,
QUALCOMM INC,747525103,1535,244464,DFND,
QUALCOMM INC,747525103,459,73101,DFND,
REV GROUP INC,749527107,43,2047,DFND,
RPM INTL INC,749685103,9,989,DFND,
RAMBUS INC DEL,750917106,12,769,DFND,
RALLIANT CORP,750940108,667,32323,DFND,
RALLIANT CORP,750940108,54,2635,DFND,
RALPH LAUREN CORP,751212101,12,3292,DFND,
"RAYMOND JAMES FINANCIAL, INC.",754730109,27,4141,DFND,
"RAYMOND JAMES FINANCIAL, INC.",754730109,80,12270,DFND,
RAYONIER INC,754907103,16,355,DFND,
REALTY INCOME CORP REIT,756109104,780,44936,DFND,
REALTY INCOME CORP REIT,756109104,242,13942,DFND,
REGAL REXNORD CORPORATION,758750103,5,725,DFND,
REGENCY CTRS CORP,758849103,44,3135,DFND,
REINSURANCE GRP OF AMERICA I,759351604,43,8529,DFND,
REINSURANCE GRP OF AMERICA I,759351604,4,794,DFND,
REKOR SYSTEMS INC,759419104,100,116,DFND,
RELIANCE INC,759509102,3,942,DFND,
KORU MEDICAL SYSTEMS INC,759910102,3000,10740,DFND,
REPLIGEN CORP,759916109,5,622,DFND,
REPUBLIC SERVICES INC,760759100,7376,1818995,DFND,
REPUBLIC SERVICES INC,760759100,19120,4715183,DFND,
REPUBLIC SERVICES INC,760759100,88,21702,DFND,
RESMED INC,761152107,67,17286,DFND,
RIO TINTO PLC,767204100,500,29165,DFND,
RIO TINTO PLC,767204100,5,292,DFND,
ROBERT HALF INC,770323103,13,534,DFND,
ROBERT HALF INC.,770323103,21,863,DFND,
ROBINHOOD MKTS INC,770700102,60,5618,DFND,
ROBINHOOD MKTS INC,770700102,218,20412,DFND,
ROBLOX CORP,771049103,300,31560,DFND,
ROBLOX CORP,771049103,135,14202,DFND,
"ROCKWELL AUTOMATION, INC",773903109,41296,13717292,DFND,
ROCKWELL AUTOMATION INC,773903109,8851,2940037,DFND,
ROCKWELL AUTOMATION INC,773903109,23,7640,DFND,
ROLLINS INC,775711104,288,16249,DFND,
ROLLINS INC,775711104,48,2709,DFND,
ROPER TECHNOLOGIES INC,776696106,30208,17123103,DFND,
ROPER TECHNOLOGIES INC,776696106,50,28342,OTR,
ROPER TECHNOLOGIES INC,776696106,7927,4493340,DFND,
ROPER TECHNOLOGIES INC,776696106,13,7369,DFND,
ROSS STORES INC,778296103,8110,1034674,DFND,
ROSS STORES INC,778296103,210,26792,DFND,
ROSS STORES INC,778296103,185,23603,DFND,
ROYAL BANK OF CANADA ADR,780087102,47,6183,DFND,
SHELL PLC,780259305,82639,5818612,DFND,
SHELL PLC,780259305,476,33515,OTR,
SHELL PLC,780259305,1147,80760,DFND,
SHELL PLC,780259305,295,20771,DFND,
ROYAL GOLD INC,780287108,12,2135,DFND,
ROYCE SMALL CAP TRUST INC,780910105,18972,285529,DFND,
ROYCE SMALL CAP TRUST INC,780910105,1000,15050,DFND,
SEI INVESTMENTS COMPANY,784117103,930,83570,DFND,
SEI INVESTMENTS COMPANY,784117103,37,3325,DFND,
H2O AMERICA,784305104,1500,77955,DFND,
SAN JUAN BASIN RTY TR,798241105,2000,11940,DFND,
SANMINA CORPORATION,801056102,8,783,DFND,
SAP SE,803054204,500,152050,DFND,
SAP SE,803054204,70,21287,DFND,
SAREPTA THERAPEUTICS INC,803607100,15,257,DFND,
SCHEIN HENRY INC,806407102,33,2411,DFND,
SCHLUMBERGER LTD,806857108,25,845,DFND,
SCHLUMBERGER LTD,806857108,745,25181,DFND,
RADIUS RECYCLING INC,806882106,33,980,DFND,
CHARLES SCHWAB CORP,808513105,40,3650,DFND,
CHARLES SCHWAB CORP,808513105,5918,539959,DFND,
SCHWAB STRATEGIC TR,808524102,119878,2856702,DFND,
SCHWAB STRATEGIC TR,808524201,354,8652,DFND,
SCHWAB STRATEGIC TR,808524201,334411,8172995,DFND,
SCHWAB STRATEGIC TR,808524300,52301,1527712,DFND,
SCHWAB STRATEGIC TR,808524409,35821,991171,DFND,
SCHWAB STRATEGIC TR,808524508,34154,958007,DFND,
SCHWAB STRATEGIC TR,808524607,33585,849689,DFND,
SCHWAB STRATEGIC TR,808524706,5447,164173,DFND,
SCHWAB STRATEGIC TR,808524722,35212,1050022,DFND,
SCHWAB STRATEGIC TR,808524730,15337,506277,DFND,
SCHWAB STRATEGIC TR,808524748,1670,70240,DFND,
SCHWAB STRATEGIC TR,808524755,840,33617,DFND,
SCHWAB STRATEGIC TR,808524755,23153,926564,DFND,
SCHWAB STRATEGIC TR,808524763,260,7449,DFND,
SCHWAB STRATEGIC TR,808524771,8310,203927,DFND,
SCHWAB STRATEGIC TR,808524771,33321,817700,DFND,
SCHWAB STRATEGIC TR,808524789,4031,96670,DFND,
SCHWAB STRATEGIC TR,808524797,32966,873610,DFND,
SCHWAB STRATEGIC TR,808524805,2027,44797,DFND,
SCHWAB STRATEGIC TR,808524805,49512,1094214,DFND,
SCHWAB STRATEGIC TR,808524862,290,7070,DFND,
SCOTTS MIRACLE-GRO CO,810186106,4,264,DFND,
SEMPRA,816851109,147,11139,DFND,
SERVICE CORP INTL,817565104,5,407,DFND,
SHAKE SHACK INC,819047101,189,26573,DFND,
SHAKE SHACK INC,819047101,10,1406,DFND,
SHERWIN-WILLIAMS CO,824348106,1140,391430,DFND,
SHERWIN WILLIAMS CO,824348106,230,78973,DFND,
SHERWIN WILLIAMS CO,824348106,947,325162,DFND,
SILGAN HLDGS INC,827048109,15,813,DFND,
SIMMONS 1ST NATL CORP,828730200,2233,42330,DFND,
SIMON PPTY GROUP INC NEW,828806109,82,13183,DFND,
SIRIUSXM HOLDINGS INC,829933100,264,6059,DFND,
CHAMPION HOMES INC,830830105,7,439,DFND,
SKYWEST INC,830879102,7,721,DFND,
SKYWARD SPECIALTY INS GROUP,830940102,13,752,DFND,
SMITH A O CORP,831865209,54,3541,DFND,
SMITH A O CORP,831865209,22,1443,DFND,
SMITH MIDLAND CORP,832156103,33,1108,DFND,
SMITHFIELD FOODS INC,832248207,15,353,DFND,
SMUCKER J M CO,832696405,1804,177153,DFND,
SMUCKER J M CO,832696405,1,98,DFND,
SMUCKER J M CO,832696405,13,1277,DFND,
SNAP ON INC,833034101,23663,7363452,DFND,
SNAP ON INC,833034101,770,239609,DFND,
SNAP ON INC,833034101,2,623,DFND,
SNOWFLAKE INC,833445109,49,10965,DFND,
SONOCO PRODUCTS CO,835495102,1230,53579,DFND,
SONOCO PRODUCTS CO,835495102,10,436,DFND,
SONY GROUP CORP,835699307,519206,13514932,DFND,
SONY GROUP CORP,835699307,1550,40347,OTR,
SONY GROUP CORP,835699307,172666,4494496,DFND,
SOUTH STATE CORPORATION,840441109,41136,3785746,DFND,
SOUTHSTATE CORPORATION,840441109,7638,702926,DFND,
SOUTHSTATE CORPORATION,840441109,7727,711116,DFND,
SOUTHERN CO,842587107,30494,2800264,DFND,
SOUTHERN CO,842587107,1242,114053,DFND,
SOUTHERN CO,842587107,332,30488,DFND,
SOUTHWEST AIRLS CO,844741108,124,4023,DFND,
SOUTHWEST GAS HOLDINGS INC,844895102,406,30202,DFND,
SPIRIT AEROSYSTEMS HOLDINGS IN,848574109,910,34717,DFND,
BLOCK INC,852234103,211,14333,DFND,
BLOCK INC,852234103,219,14877,DFND,
STANLEY BLACK & DECKER INC,854502101,42,2846,DFND,
STARBUCKS CORP,855244109,1118,102442,DFND,
STARBUCKS CORP,855244109,1253,114812,DFND,
STARBUCKS CORP,855244109,1438,131789,DFND,
STATE STREET CORP,857477103,54,5742,DFND,
STATE STREET CORP,857477103,68,7232,DFND,
STEEL DYNAMICS INC,858119100,45,5761,DFND,
STIFEL FINL CORP,860630102,15,1557,DFND,
STONEX GROUP INC,861896108,9,821,DFND,
STRATTEC SEC CORP,863111100,14,871,DFND,
STRYKER CORPORATION,863667101,9167,3626740,DFND,
STRYKER CORPORATION,863667101,10206,4037799,DFND,
STRYKER CORPORATION,863667101,242,95547,DFND,
SUN CMNTYS INC,866674104,13,1645,DFND,
SUPERNUS PHARMACEUTICALS INC,868459108,153,4823,DFND,
SYLVAMO CORP,871332102,17,852,DFND,
SYNOPSYS INC,871607107,82,42040,DFND,
SYNOPSYS INC,871607107,1,513,DFND,
SYNOPSYS INC,871607107,55,28198,DFND,
SYSCO CORP,871829107,1052,79678,DFND,
SYSCO CORP,871829107,90,6817,DFND,
TJX COS INC NEW,872540109,141331,17452965,DFND,
TJX COS INC NEW,872540109,295,36430,OTR,
TJX COS INC NEW,872540109,56190,6938903,DFND,
TJX COS INC NEW,872540109,300,37047,DFND,
T-MOBILE US INC,872590104,9605,2288487,DFND,
T-MOBILE US INC,872590104,889,211814,DFND,
TPG INC,872657101,91,4773,DFND,
TAIWAN SEMICONDUCTOR MFG LTD,874039100,65,14722,DFND,
TAIWAN SEMICONDUCTOR MFG LTD,874039100,349,79046,DFND,
TAKE-TWO INTERACTIVE SOFTWAR,874054109,82,19914,DFND,
TAKEDA PHARMACEUTICAL CO ADR,874060205,1000,15460,DFND,
TAL EDUCATION GROUP ADR,874080104,79,807,DFND,
TAPESTRY INC,876030107,77,6762,DFND,
TELEDYNE TECHNOLOGIES INC,879360105,4,2050,DFND,
TELEPHONE & DATA SYS INC,879433829,174,6191,DFND,
TEMPLETON EMERGING MKTS FD,880191101,4697,68529,DFND,
TERADYNE INC,880770102,44,3957,DFND,
TEREX CORP NEW,880779103,15,701,DFND,
TEVA- PHARMACEUTICAL INDUSTRIE,881624209,59,989,DFND,
TEXAS INSTRUMENTS,882508104,4007,831933,DFND,
TEXAS INSTRUMENTS,882508104,150,31143,DFND,
TEXAS INSTRUMENTS,882508104,227,47130,DFND,
TEXAS ROADHOUSE INC,882681109,120,22489,DFND,
TEXTRON INC,883203101,81,6504,DFND,
THERMO FISHER SCIENTIFIC INC,883556102,11,4460,DFND,
THERMO FISHER SCIENTIFIC INC,883556102,1,405,DFND,
THERMO FISHER SCIENTIFIC INC,883556102,177,71767,DFND,
THOMSON REUTERS/SH NEW,884903808,18,3620,DFND,
TOAST INC,888787108,30,1329,DFND,
TOLL BROTHERS INC,889478103,160,18261,DFND,
TOOTSIE ROLL INDS INC,890516107,18,603,DFND,
TORO CO,891092108,25,1767,DFND,
TOYOTA MOTOR CORP,892331307,165,28423,DFND,
TOYOTA MOTOR CORP,892331307,224,38587,DFND,
TRACTOR SUPPLY CO,892356106,35229,1859034,DFND,
TRACTOR SUPPLY CO,892356106,1048,55303,DFND,
TRACTOR SUPPLY CO,892356106,130,6861,DFND,
TRADEWEB MKTS INC,892672106,12,1757,DFND,
TRANSDIGM GROUP INCORPORATED,893641100,1,1521,DFND,
TRANSDIGM GROUP INCORPORATED,893641100,12,18248,DFND,
TRAVEL PLUS  LEISURE CO.,894164102,17,877,DFND,
TRIMBLE INC CL B,896239100,62582,4754980,DFND,
TRIMBLE INC CL B,896239100,35490,2696530,DFND,
TRIMBLE INC CL B,896239100,36,2736,DFND,
TRINET GROUP INC,896288107,5,366,DFND,
TRIPADVISOR INC,896945201,100,1305,DFND,
TYLER TECHNOLOGIES INC,902252105,6,3558,DFND,
TYSON FOODS INC,902494103,13,728,DFND,
UDR INC,902653104,271,11065,DFND,
UGI CORP NEW,902681105,82,2987,DFND,
US BANCORP DEL,902973304,14108,638387,DFND,
US BANCORP DEL,902973304,30000,1357500,DFND,
US BANCORP DEL,902973304,795,35990,DFND,
UMH PPTYS INC,903002103,26,437,DFND,
UNILEVER PLC,904767704,6532,399562,DFND,
UNILEVER PLC,904767704,483,29545,DFND,
UNILEVER PLC,904767704,81,4955,DFND,
UNION PAC CORP,907818108,38975,8967368,DFND,
UNION PAC CORP,907818108,150,34512,OTR,
UNION PAC CORP,907818108,13558,3119425,DFND,
UNION PAC CORP,907818108,466,107208,DFND,
UNITED AIRLS HLDGS INC,910047109,2,159,DFND,
UNITED AIRLS HLDGS INC,910047109,1207,96114,DFND,
UNITED PARCEL SERVICE INC,911312106,5672,572532,DFND,
UNITED PARCEL SERVICE INC,911312106,364,36710,DFND,
UNITED RENTALS INC,911363109,9,6781,DFND,
UNITED RENTALS INC,911363109,83,62533,DFND,
UNITED STATES CELLULAR CORP,911684108,9,576,DFND,
US FOODS HLDG CORP,912008109,26,2003,DFND,
UNIVERSAL HLTH SVCS INC,913903100,3,544,DFND,
URBAN OUTFITTERS INC,917047102,10,726,DFND,
V F CORP,918204108,1688,19834,DFND,
V F CORP,918204108,90,1058,DFND,
V F CORP,918204108,10,118,DFND,
VALLEY NATL BANCORP,919794107,25,224,DFND,
VALMONT INDS INC,920253101,2,654,DFND,
VANGUARD DIVIDEND APPREC ETF,921908844,98208,20100231,DFND,
VANGUARD SPECIALIZED FUNDS,921908844,2245,459485,DFND,
VANGUARD SPECIALIZED FUNDS,921908844,1518,310788,DFND,
VANGUARD STAR FDS,921909768,20687,1429265,DFND,
VANGUARD STAR FDS,921909768,150,10364,DFND,
VANGUARD STAR FDS,921909768,2218,153242,DFND,
VANGUARD WORLD MEGA CAP FUND E,921910816,250,91543,DFND,
VANGUARD WORLD FD MEGA CAP VAL,921910840,630,82656,DFND,
VANGUARD ADMIRAL FDS INC,921932505,578,229042,DFND,
VANGUARD ADMIRAL FDS INC,921932869,3698,417985,DFND,
VANGUARD BD INDEX FDS,921937819,630,48724,DFND,
VANGUARD BD INDEX FDS,921937819,520,40217,DFND,
VANGUARD BD INDEX FDS,921937827,118021,9288253,DFND,
VANGUARD BD INDEX FDS,921937827,64573,5081895,DFND,
VANGUARD BD INDEX FDS,921937827,1222,96161,DFND,
VANGUARD BD INDEX FDS,921937835,72,5301,DFND,
VANGUARD BD INDEX FDS,921937835,12338,908411,DFND,
VANGUARD TAX-MANAGED FDS,921943858,83062,4735365,DFND,
VANGUARD TAX-MANAGED FDS,921943858,815,46463,DFND,
VANGUARD TAX-MANAGED FDS,921943858,82830,4722152,DFND,
VANGUARD WHITEHALL FDS,921946406,4206,560702,DFND,
VANGUARD WHITEHALL FDS,921946406,25,3333,DFND,
VANGUARD WHITEHALL FDS,921946406,1226,163439,DFND,
VANGUARD WHITEHALL FDS,921946810,238,21449,DFND,
VANGUARD MALVERN FDS,922020748,82271,6382585,DFND,
VANGUARD MALVERN FDS,922020805,141,7088,DFND,
VANGUARD FTSE ALL WORLD X-US S,922042718,6244,839131,DFND,
VANGUARD INTL EQUITY INDEX F,922042742,800,102816,DFND,
VANGUARD INTL EQUITY INDEX F,922042742,121,15551,DFND,
VANGUARD INTL EQUITY INDEX F,922042742,245,31440,DFND,
VANGUARD INTL EQUITY INDEX F,922042775,227621,15300684,DFND,
VANGUARD INTL EQUITY INDEX F,922042775,10557,709616,DFND,
VANGUARD INTL EQUITY INDEX F,922042775,816,54841,DFND,
VANGUARD INTL EQUITY INDEX F,922042858,1847,91353,DFND,
VANGUARD INTL EQUITY INDEX F,922042858,1082,53516,DFND,
VANGUARD INTL EQUITY INDEX F,922042858,5319,263093,DFND,
VANGUARD INTL EQUITY INDEX FDS,922042866,17,1397,DFND,
VEEVA SYS INC,922475108,49,14111,DFND,
VEEVA SYS INC,922475108,20,5760,DFND,
VANGUARD MUN BD FDS,922907746,448,21965,DFND,
VANGUARD MUN BD FDS,922907746,31610,1549823,DFND,
VANGUARD INDEX FDS,922908363,90,51123,DFND,
VANGUARD INDEX FDS,922908363,50,28402,DFND,
VANGUARD INDEX FDS,922908363,18842,10702612,DFND,
VANGUARD INDEX FDS,922908512,133,21874,DFND,
VANGUARD MID-CAP GROWTH ETF,922908538,590,167790,DFND,
VANGUARD INDEX FDS,922908553,1875,166988,DFND,
VANGUARD INDEX FDS,922908553,643,57248,DFND,
VANGUARD INDEX FDS,922908595,46,12739,DFND,
VANGUARD INDEX FDS,922908595,47,13016,DFND,
VANGUARD INDEX FDS,922908595,217,60096,DFND,
VANGUARD INDEX FDS,922908611,11709,2283372,DFND,
VANGUARD INDEX FDS,922908611,65,12676,DFND,
VANGUARD INDEX FDS,922908611,521,101601,DFND,
VANGUARD INDEX FDS,922908629,17675,4945995,DFND,
VANGUARD INDEX FDS,922908629,17,4757,DFND,
VANGUARD INDEX FDS,922908629,83,23226,DFND,
VANGUARD INDEX FDS,922908637,12555,3581942,DFND,
VANGUARD INDEX FDS,922908637,96,27389,DFND,
VANGUARD INDEX FDS,922908637,154,43937,DFND,
VANGUARD INDEX FDS,922908652,575,110808,DFND,
VANGUARD INDEX FDS,922908652,4232,815549,DFND,
VANGUARD INDEX FDS,922908736,19907,8727229,DFND,
VANGUARD INDEX FDS,922908736,210,92064,DFND,
VANGUARD INDEX FDS,922908736,8502,3727258,DFND,
VANGUARD VALUE ETF,922908744,17631,3116103,DFND,
VANGUARD INDEX FDS,922908744,304,53729,DFND,
VANGUARD INDEX FDS,922908744,105884,18713902,DFND,
VANGUARD INDEX FDS,922908751,10366,2456535,DFND,
VANGUARD INDEX FDS,922908751,150,35547,DFND,
VANGUARD INDEX FDS,922908751,51416,12184670,DFND,
VANGUARD INDEX FDS,922908769,8022,2438126,DFND,
VANGUARD INDEX FDS,922908769,4388,1333645,DFND,
VANGUARD INDEX FDS,922908769,2089,634823,DFND,
VERONA PHARMA PLC,925050106,223,21092,DFND,
VICI PPTYS INC,925652109,345,11247,DFND,
VONTIER CORPORATION,928881101,8,295,DFND,
VONTIER CORPORATION,928881101,69,2547,DFND,
VORNADO RLTY TR,929042109,169,6463,DFND,
VOYA FINANCIAL INC,929089100,19,1349,DFND,
VULCAN MATERIALS CO,929160109,70,18257,DFND,
VULCAN MATERIALS CO,929160109,36,9390,DFND,
WSFS FINANCIAL CORP COM,929328102,1000,55000,DFND,
WABTEC CORP,929740108,25,5234,DFND,
WABTEC CORP,929740108,579,121242,DFND,
WALMART INC,931142103,243332,23793003,DFND,
WALMART INC,931142103,885,86535,OTR,
WALMART INC,931142103,10443,1021117,DFND,
WALMART INC,931142103,2903,283856,DFND,
WALGREENS BOOTS ALLIANCE INC,931427108,150,1722,DFND,
WALGREENS BOOTS ALLIANCE INC,931427108,49,563,DFND,
WARNER BROS DISCOVERY INC,934423104,1140,13064,DFND,
WARNER BROS DISCOVERY INC,934423104,679,7782,DFND,
WARNER MUSIC GROUP CORP,934550203,3,82,DFND,
WATERS CORP,941848103,9,3142,DFND,
WATSCO INC,942622200,1,442,DFND,
WAYSTAR HLDG CORP,946784105,19,777,DFND,
WEBSTER FINL CORP,947890109,68,3713,DFND,
WELLS FARGO CO NEW,949746101,5498,440500,DFND,
WELLS FARGO CO NEW,949746101,4068,325928,DFND,
WELLS FARGO CO NEW,949746101,5066,405888,DFND,
WESBANCO INC,950810101,5,159,DFND,
WEST PHARMACEUTICAL SVSC INC,955306105,53,11596,DFND,
WEST PHARMACEUTICAL SVSC INC,955306105,19,4158,DFND,
WESTERN DIGITAL CORP,958102105,617,39482,DFND,
WESTERN MIDSTREAM PARTNERS LP,958669103,1251,48414,DFND,
WESTLAKE CORPORATION,960413102,12,912,DFND,
WEYERHAEUSER CO MTN BE,962166104,66,1696,DFND,
WHEATON PRECIOUS METALS CORP,962879102,130,11674,DFND,
WHITESTONE REIT,966084204,79,986,DFND,
WILLIAMS COS INC,969457100,812,51002,DFND,
"WILLIAMS-SONOMA, INC.",969904101,74,12089,DFND,
"WILLIAMS-SONOMA, INC.",969904101,15,2451,DFND,
WINGSTOP INC,974155103,12,4041,DFND,
WOLVERINE WORLD WIDE INC,978097103,175,3164,DFND,
WOODWARD INC,980745103,3,736,DFND,
WORLD ACCEPTANCE CORP,981419104,200,33024,DFND,
WORLD FUEL SERVICES CORP COM,981475106,35,992,DFND,
XPO INC,983793100,15,1895,DFND,
YUM BRANDS INC,988498101,32613,4832594,DFND,
YUM BRANDS INC,988498101,5,741,DFND,
YUM BRANDS INC,988498101,1526,226123,DFND,
ZEBRA TECHNOLOGIES CORPORATI,989207105,13,4009,DFND,
ZIONS BANCORPORATION N A,989701107,206,10700,DFND,
EQUITABLE HLDGS INC,29452E101,316,17728,DFND,
NEXTRACKER INC,65290E101,18,979,DFND,
NEXTRACKER INC,65290E101,28,1523,DFND,
RTX CORPORATION,75513E101,6841,998923,DFND,
RTX CORPORATION,75513E101,156,22779,OTR,
RTX CORPORATION,75513E101,1861,271743,DFND,
RTX CORPORATION,75513E101,1771,258602,DFND,
GLOBAL INDUSTRIAL COMPANY,37892E102,10,271,DFND,
GLOBE LIFE INC,37959E102,9,1119,DFND,
GLOBE LIFE INC,37959E102,31,3853,DFND,
QUANTA SVCS INC,74762E102,27,10208,DFND,
QUANTA SVCS INC,74762E102,93,35162,DFND,
VERISIGN INC,92343E102,61,17617,DFND,
CNO FINL GROUP INC,12621E103,10,386,DFND,
HCI GROUP INC,40416E103,5,761,DFND,
INVESCO QQQ TR,46090E103,6698,3694885,DFND,
INVESCO QQQ TR,46090E103,197,108673,DFND,
INVESCO QQQ TR,46090E103,7154,3946483,DFND,
CENCORA INC,03073E105,14,4198,DFND,
CENCORA INC,03073E105,77,23089,DFND,
FIRST TR EXCHANGE-TRADED FD,33733E104,275,24995,DFND,
PRIMEENERGY RESOURCES CORP,74158E104,4,586,DFND,
STRUCTURE THERAPEUTICS INC ADR,86366E106,500,10370,DFND,
TARGET CORP,87612E106,1688,166521,DFND,
TARGET CORP,87612E106,32,3157,DFND,
TARGET CORP,87612E106,281,27721,DFND,
RENASANT CORP,75970E107,24000,862320,DFND,
EDWARDS LIFESCIENCES CORP,28176E108,367,28704,DFND,
FORTINET INC,34959E109,285,30130,DFND,
FORTINET INC,34959E109,233,24633,DFND,
TRAVELERS COMPANIES INC,89417E109,1701,455086,DFND,
TRAVELERS COMPANIES INC,89417E109,403,107819,DFND,
TRAVELERS COMPANIES INC,89417E109,94,25149,DFND,
ISHARES TR/IBONDS DEC 2033 TER,46436E148,44,1078,DFND,
BARCLAYS PLC/ADR,06738E204,264,4908,DFND,
CLOUDASTRUCTURE INC,18912E207,50,111,DFND,
DIREXION SHS ETF TR,25460E265,4000,18760,DFND,
WORLD GOLD SPDR GLD MINIS ETF,98149E303,23,1507,DFND,
AGNC INVT CORP COM,00123Q104,1400,12866,DFND,
AES CORP,00130H105,598,6291,DFND,
ALPS ETF TR,00162Q452,4510,220359,DFND,
ALPS MEDICAL BREAKTHROUGHS ETF,00162Q593,140,4210,DFND,
API GROUP CORP,00187Y100,15,766,DFND,
AT&T INC,00206R102,20591,595904,DFND,
AT&T INC,00206R102,973,28159,DFND,
AT&T INC,00206R102,4212,121896,DFND,
AST SPACEMOBILE INC,00217D100,32542,1520688,DFND,
ABBVIE INC,00287Y109,73272,13600749,DFND,
ABBVIE INC,00287Y109,321,59584,OTR,
ABBVIE INC,00287Y109,3229,599367,DFND,
ABBVIE INC,00287Y109,1271,235976,DFND,
ABERDEEN STANDARD PHYSICAL GOL,00326A104,4500,141930,DFND,
ACADEMY SPORTS AND OUTDOORS IN,00402L107,72,3226,DFND,
ACADIA HEALTHCARE COMPANY IN,00404A109,80,1816,DFND,
"ACUITY, INC.",00508Y102,1794,535222,DFND,
"ACUITY, INC.",00508Y102,10,2984,DFND,
ADOBE INC,00724F101,48519,18771031,DFND,
ADOBE INC,00724F101,69,26695,OTR,
ADOBE INC,00724F101,7257,2807588,DFND,
ADOBE INC,00724F101,163,63062,DFND,
ADVANCE AUTO PARTS INC,00751Y106,20,930,DFND,
AECOM,00766T100,13,1468,DFND,
ADVANSIX INC,00773T101,28,665,DFND,
ADVANCED DRAIN SYS INC DEL,00790R104,20,2298,DFND,
AERSALE CORPORATION,00810F106,125,752,DFND,
AFFIRM HLDGS INC,00827B106,300,20742,DFND,
AFFIRM HLDGS INC,00827B106,127,8781,DFND,
AGILENT TECHNOLOGIES INC,00846U101,484,57117,DFND,
AGILENT TECHNOLOGIES INC,00846U101,656,77415,DFND,
AGILENT TECHNOLOGIES INC,00846U101,85,10031,DFND,
AIR LEASE CORP,00912X302,44,2574,DFND,
AIR LEASE CORP,00912X302,12,702,DFND,
AKAMAI TECHNOLOGIES INC,00971T101,20,1596,DFND,
ALIBABA GROUP HLDG LTD,01609W102,10,1134,DFND,
ALIBABA GROUP HLDG LTD,01609W102,218,24724,DFND,
ALIGHT INC/SH CL A,01626W101,200,1132,DFND,
ATI INC,01741R102,11,950,DFND,
ALLEGRO MICROSYSTEMS INC,01749D105,10,342,DFND,
ALLY FINL INC,02005N100,3600,140220,DFND,
ALLY FINL INC,02005N100,105,4090,DFND,
ALNYLAM PHARMACEUTICALS INC,02043Q107,26,8479,DFND,
EA SERIES TRUST,02072L607,25440,1027776,DFND,
ALPHABET INC,02079K107,151299,26838930,DFND,
ALPHABET INC,02079K107,400,70956,OTR,
ALPHABET INC,02079K107,5418,961099,DFND,
ALPHABET INC,02079K107,5614,995868,DFND,
ALPHABET INC,02079K305,29874,5264695,DFND,
ALPHABET INC,02079K305,31358,5526221,DFND,
ALPHABET INC,02079K305,7824,1378884,DFND,
OKLO INC,02156V109,69,3864,DFND,
ALTRIA GROUP INC,02209S103,34398,2016755,DFND,
ALTRIA GROUP INC,02209S103,2145,125761,DFND,
ALTRIA GROUP INC,02209S103,1547,90701,DFND,
AMBEV SA SPONSORED ADR,02319V103,396,954,DFND,
AMERICAN AIRLS GROUP INC,02376R102,124,1392,DFND,
AMERICAN HOMES 4 RENT,02665T306,28,1010,DFND,
AMERICAN TOWER CORP REIT,03027X100,87,19229,DFND,
AMERICAN TOWER CORP NEW,03027X100,9,1989,DFND,
AMERICAN TOWER CORP NEW,03027X100,306,67691,DFND,
AMERICOLD REALTY TRUST INC,03064D108,70,1165,DFND,
AMERIPRISE FINL INC,03076C106,44,23485,DFND,
AMPLIFY ENERGY CORP NEW,03212B103,70,224,DFND,
ANHEUSER BUSCH INBEV SA/NV,03524A108,100,6872,DFND,
ANSYS INC,03662Q105,30,10537,DFND,
ANSYS INC,03662Q105,35,12293,DFND,
ANTERO RESOURCES CORP,03674X106,102,4109,DFND,
ANTERO MIDSTREAM CORP,03676B102,31,588,DFND,
APA CORPORATION,03743Q108,756,13828,DFND,
APELLIS PHARMACEUTICALS INC,03753U106,15,260,DFND,
APOLLO GLOBAL MGMT INC,03769M106,2000,283740,DFND,
APOLLO GLOBAL MGMT INC,03769M106,110,15606,DFND,
APPFOLIO INC,03783C100,3,691,DFND,
APPLIED INDL TECHNOLOGIES IN,03820C105,3,698,DFND,
APPLOVIN CORP,03831W108,97,33958,DFND,
ARAMARK,03852U106,38,1592,DFND,
ARCHER AVIATION INC CL A,03945R102,400,4340,DFND,
ARES MANAGEMENT CORPORATION,03990B101,72,12471,DFND,
ARES CAPITAL CORP,04010L103,3500,76860,DFND,
ARLO TECHNOLOGIES INC,04206A101,441,7480,DFND,
ARMADA HOFFLER PPTYS INC,04208T108,30,207,DFND,
ARMSTRONG WORLD INDS INC NEW,04247X102,60,9747,DFND,
ARRAY TECHNOLOGIES INC,04271T100,80,472,DFND,
ARTISAN PARTNERS ASSET MGMT,04316A108,26,1153,DFND,
ASTERA LABS INC,04626A103,26,2351,DFND,
ATLANTIC UNION BANKSHARES CORP,04911A107,4335,135599,DFND,
ATMUS FILTRATION TECHNOLOGIE,04956D107,563,20505,DFND,
ATRICURE INC,04963C209,49,1606,DFND,
AUTONATION INC,05329W102,8,1590,DFND,
AVANTOR INC,05352A100,139,1871,DFND,
AVIENT CORPORATION,05368V106,5,162,DFND,
AXON ENTERPRISE INC,05464C101,331,274048,DFND,
AXON ENTERPRISE INC,05464C101,96,79483,DFND,
AZEK CO INC,05478C105,35,1903,DFND,
BCE INC ADR,05534B760,325,7205,DFND,
BOK FINL CORP,05561Q201,17,1660,DFND,
BWX TECHNOLOGIES INC,05605H100,250,36015,DFND,
BWX TECHNOLOGIES INC,05605H100,29,4178,DFND,
BAKER HUGHES COMPANY,05722G100,965,36998,DFND,
BAKER HUGHES COMPANY,05722G100,244,9355,DFND,
BANK OZK LITTLE ROCK ARK,06417N103,15,706,DFND,
BANKUNITED INC,06652K103,25,890,DFND,
BARRICK MNG CORP,06849F108,93610,1948960,DFND,
BEAZER HOMES USA INC,07556Q881,15,336,DFND,
BELLRING BRANDS INC,07831C103,9,522,DFND,
BENTLEY SYS INC,08265T208,64,3455,DFND,
BIOMARIN PHARMACEUTICAL INC,09061G101,54,2969,DFND,
BIOLIFE SOLUTIONS INC,09062W204,158,3404,DFND,
BIOGEN INC,09062X103,95,11932,DFND,
BIO-TECHNE CORP,09073M104,100,5145,DFND,
BLACKSTONE INC.,09260D107,121602,18189227,DFND,
BLACKSTONE INC,09260D107,321,48015,DFND,
BLACKSTONE INC,09260D107,602,90048,DFND,
BLACKROCK SCIENCE & TECHNOLO,09260K101,135,2802,DFND,
BLACKROCK  INC.,09290D101,2492,2614731,DFND,
BLACKROCK INC,09290D101,113,118098,DFND,
BLINK CHARGING CO,09354A100,400,376,DFND,
BLUE OWL CAPITAL INC,09581B103,369,7089,DFND,
BOOKING HOLDINGS INC,09857L108,13,75545,DFND,
BOX INC,10316T104,18,616,DFND,
BRAZE INC,10576N102,595,16720,DFND,
BRIDGEBIO PHARMA INC,10806X102,16,691,DFND,
BRIGHTHOUSE FINL INC,10922N103,46,2473,DFND,
BRIGHTHOUSE FINL INC,10922N103,20,1076,DFND,
BRIGHTSPRING HEALTH SVCS INC,10950A106,42,991,DFND,
BRIXMOR PPTY GROUP INC,11120U105,25,651,DFND,
BROADRIDGE FINL SOLUTIONS IN,11133T103,29,7048,DFND,
BROADCOM INC,11135F101,196408,54139865,DFND,
BROADCOM INC,11135F101,480,132312,OTR,
BROADCOM INC,11135F101,39149,10791422,DFND,
BROADCOM INC,11135F101,3554,979661,DFND,
BROOKFIELD RENEWABLE CORP,11285B108,45,1476,DFND,
BUILDERS FIRSTSOURCE INC,12008R107,5,584,DFND,
BYRNA TECHNOLOGIES INC COM,12448X201,100,3088,DFND,
C & F FINANCIAL CORPORATION,12466Q104,202,12469,DFND,
CBOE GLOBAL MKTS INC,12503M108,19,4431,DFND,
CBRE GROUP INC,12504L109,430,60252,DFND,
CBRE GROUP INC,12504L109,82,11490,DFND,
CDW CORP,12514G108,142,25360,DFND,
C H ROBINSON WORLDWIDE INC,12541W209,67,6429,DFND,
CME GROUP INC,12572Q105,190,52368,DFND,
CRA INTL INC,12618T105,40,7495,DFND,
CNX RESOURCES CORP,12653C108,46,1549,DFND,
CVR ENERGY INC,12662P108,54,1450,DFND,
CAESARS ENTERTAINMENT INC NE,12769G100,75,2130,DFND,
CALIX INC,13100M509,505,26861,DFND,
CANADIAN PACIFIC KANSAS CITY,13646K108,105,8323,DFND,
CANADIAN PACIFIC KANSAS CITY,13646K108,10,793,DFND,
CAPITAL ONE FINL CORP,14040H105,4740,1008482,DFND,
CAPITAL ONE FINL CORP,14040H105,920,195739,DFND,
CAPITAL ONE FINL CORP,14040H105,393,83615,DFND,
CARDINAL HEALTH INC,14149Y108,1448,243264,DFND,
CARDINAL HEALTH INC,14149Y108,787,132248,DFND,
CARDINAL HEALTH INC,14149Y108,57,9576,DFND,
CARDIOL THERAPEUTICS INC CL A,14161Y200,1000,1360,DFND,
CARLYLE GROUP INC,14316J108,79,4061,DFND,
CARRIER GLOBAL CORPORATION,14448C104,2714,198638,DFND,
CARRIER GLOBAL CORPORATION,14448C104,2299,168264,DFND,
CARRIER GLOBAL CORPORATION,14448C104,1510,110517,DFND,
CELSIUS HLDGS INC,15118V207,84,3897,DFND,
CENTENE CORP DEL,15135B101,27241,1478641,DFND,
CENTENE CORP DEL,15135B101,737,40004,DFND,
CENTENE CORP DEL,15135B101,44,2389,DFND,
CENTERPOINT ENERGY INC,15189T107,78,2866,DFND,
DAYFORCE INC,15677J108,30,1662,DFND,
CERTARA INC,15687V109,75,878,DFND,
CHAMPIONX CORPORATION,15872M104,20,497,DFND,
CHARTER COMMUNICATIONS INC N,16119P108,35,14309,DFND,
CHEMED CORP NEW,16359R103,16,7791,DFND,
CHEMED CORP NEW,16359R103,1,487,DFND,
CENTENE CORP DEL,16411R208,21236,5171391,DFND,
CENTENE CORP DEL,16411R208,13682,3331840,DFND,
CHENIERE ENERGY INC,16411R208,44,10715,DFND,
CHEWY INC,16679L109,10,427,DFND,
CISCO SYSTEMS INC,17275R102,75150,5213907,DFND,
CISCO SYSTEMS INC,17275R102,7820,542551,DFND,
CISCO SYSTEMS INC,17275R102,5119,355157,DFND,
CIVITAS RESOURCES INC,17888H103,140,3853,DFND,
CLEARWAY ENERGY INC,18539C204,100,3200,DFND,
CLOUDFLARE INC,18915M107,238,46608,DFND,
COGENT COMMUNICATIONS HOLDINGS,19239V302,6465,311678,DFND,
COHERENT CORP,19247G107,18,1606,DFND,
COINBASE GLOBAL INC,19260Q107,55,19277,DFND,
COINBASE GLOBAL INC,19260Q107,26,9113,DFND,
COINBASE GLOBAL INC,19260Q107,74,25937,DFND,
COLUMBIA ETF TR I,19761L508,4572,83257,DFND,
COMCAST CORP NEW,20030N101,17049,608479,DFND,
COMCAST CORP NEW,20030N101,50031,1785607,DFND,
COMCAST CORP NEW,20030N101,2061,73558,DFND,
COMPASS INC,20464U100,682,4283,DFND,
CONCENTRIX CORP,20602D101,120,6343,DFND,
CONFLUENT INC,20717M103,29,723,DFND,
CONOCOPHILLIPS,20825C104,14894,1336588,DFND,
CONOCOPHILLIPS,20825C104,525,47114,OTR,
CONOCOPHILLIPS,20825C104,1882,168891,DFND,
CONOCOPHILLIPS,20825C104,924,82920,DFND,
CONSTELLATION BRANDS INC,21036P108,9737,1584015,DFND,
CONSTELLATION BRANDS INC,21036P108,10400,1691872,DFND,
CONSTELLATION BRANDS INC,21036P108,20,3254,DFND,
CONSTELLATION ENERGY CORP,21037T109,27,8715,DFND,
CONSTELLATION ENERGY CORP,21037T109,93,30039,DFND,
COREBRIDGE FINL INC,21871X109,20,710,DFND,
CORE SCIENTIFIC INC NEW,21874A106,1703,29071,DFND,
CORE & MAIN INC,21874C102,5,302,DFND,
CORTEVA INC,22052L104,9575,713625,DFND,
CORTEVA INC,22052L104,279,20794,DFND,
COSTCO WHSL CORP NEW,22160K105,16493,16327080,DFND,
COSTCO WHSL CORP NEW,22160K105,9732,9634096,DFND,
COSTCO WHSL CORP NEW,22160K105,459,453922,DFND,
COSTAR GROUP INC,22160N109,200,16080,DFND,
COSTAR GROUP INC,22160N109,94,7558,DFND,
COURSERA INC,22266M104,5,44,DFND,
COUPANG INC,22266T109,411,12314,DFND,
COUPANG INC,22266T109,206,6172,DFND,
CROWDSTRIKE HLDGS INC,22788C105,263,133949,DFND,
CROWDSTRIKE HLDGS INC,22788C105,118,60099,DFND,
CROWN CASTLE INC,22822V101,2605,267612,DFND,
CROWN CASTLE INC,22822V101,125,12841,DFND,
CROWN CASTLE INC,22822V101,142,14588,DFND,
CUSTOMERS BANCORP INC,23204G100,115,6756,DFND,
CYTOKINETICS INC,23282W605,15,496,DFND,
D R HORTON INC,23331A109,104,13408,DFND,
DT MIDSTREAM INC,23345M107,15,1649,DFND,
DXC TECHNOLOGY CO,23355L106,114,1743,DFND,
DXC TECHNOLOGY CO,23355L106,10,153,DFND,
DATADOG INC,23804L103,35,4702,DFND,
DAVITA INC,23918K108,19,2707,DFND,
DELL TECHNOLOGIES INC,24703L202,29076,3564718,DFND,
DELL TECHNOLOGIES INC,24703L202,750,91950,DFND,
DELL TECHNOLOGIES INC,24703L202,58,7111,DFND,
DENTSPLY SIRONA INC,24906P109,75,1191,DFND,
DESTRA MULTI-ALTERNATIVE FD,25065A502,1027,8986,DFND,
DEVON ENERGY CORP NEW,25179M103,220,6998,DFND,
DEVON ENERGY CORP NEW,25179M103,388,12343,DFND,
DIAGEO PLC,25243Q205,2818,284167,DFND,
DIAGEO PLC,25243Q205,1320,133109,DFND,
DIAGEO PLC,25243Q205,30,3026,DFND,
DIAMONDBACK ENERGY INC,25278X109,18,2473,DFND,
DIAMONDBACK ENERGY INC,25278X109,28,3847,DFND,
DIAMONDBACK ENERGY INC,25278X109,150,20610,DFND,
TRUMP MEDIA & TECHNOLOGY GRO,25400Q105,34,614,DFND,
DIMENSIONAL ETF TRUST,25434V203,1133451,39183412,DFND,
DIMENSIONAL ETF TRUST,25434V302,295326,8549696,DFND,
DIMENSIONAL ETF TRUST,25434V401,908286,60873316,DFND,
DIMENSIONAL ETF TRUST,25434V500,1887,120221,DFND,
DIMENSIONAL ETF TRUST,25434V534,4229,230772,DFND,
DIMENSIONAL ETF TRUST,25434V609,1557,84016,DFND,
DIMENSIONAL ETF TRUST,25434V633,315,15524,DFND,
DIMENSIONAL ETF TRUST,25434V724,3813,161206,DFND,
DIMENSIONAL ETF TRUST,25434V807,857,36706,DFND,
DIREXION SHS ETF TR,25461A494,500,13380,DFND,
DIREXION SHS ETF TR,25461A700,4000,18640,DFND,
DOLBY LABORATORIES INC,25659T107,7,520,DFND,
DOMINION ENERGY INC,25746U109,12038,680388,DFND,
DOMINION ENERGY INC,25746U109,119,6726,DFND,
DOMINION ENERGY INC,25746U109,274,15487,DFND,
DOMINOS PIZZA,25754A201,4,1802,DFND,
DONNELLEY FINL SOLUTIONS INC,25787G100,145,8940,DFND,
DOORDASH INC,25809K105,90,22186,DFND,
DOORDASH INC,25809K105,110,27117,DFND,
DOUBLEVERIFY HLDGS INC,25862V105,6187,92620,DFND,
DOUGLAS EMMETT INC,25960P109,20,301,DFND,
DRAFTKINGS INC NEW,26142V105,3,129,DFND,
DRAFTKINGS INC NEW,26142V105,54,2317,DFND,
DROPBOX INC,26210C104,62,1774,DFND,
DRIVEN BRANDS HLDGS INC,26210V102,265,4654,DFND,
DUKE ENERGY CORP NEW,26441C204,42608,5027744,DFND,
DUKE ENERGY CORP NEW,26441C204,3730,440140,DFND,
DUKE ENERGY CORP NEW,26441C204,938,110684,DFND,
DUOLINGO INC,26603R106,11,4510,DFND,
DUOLINGO INC,26603R106,79,32392,DFND,
DUPONT DE NEMOURS INC,26614N102,7591,520667,DFND,
DUPONT DE NEMOURS INC,26614N102,170,11661,DFND,
DOXIMITY INC,26622P107,35,2147,DFND,
E L F BEAUTY INC,26856L103,40,4978,DFND,
ENI SPA SPONS ADR,26874R108,374,12125,DFND,
EOG RES INC,26875P101,11700,1399437,DFND,
EOG RES INC,26875P101,403,48203,DFND,
EOG RES INC,26875P101,247,29544,DFND,
EQT CORP,26884L109,161,9390,DFND,
ETF OPPORTUNITIES TRUST,26923N405,52,2036,DFND,
EAGLE MATLS INC,26969P108,2,405,DFND,
EAST WEST BANCORP INC,27579R104,55,5554,DFND,
EASTERLY GOVT PPTYS INC,27616P301,24,533,DFND,
ELANCO ANIMAL HEALTH INC,28414H103,515,7354,DFND,
ELANCO ANIMAL HEALTH INC,28414H103,185,2642,DFND,
ELEMENT SOLUTIONS INC,28618M106,48,1088,DFND,
EMBECTA CORP,29082K105,6,58,DFND,
EMBECTA CORP,29082K105,6,58,DFND,
EMBECTA CORP,29082K105,40,388,DFND,
"EMCOR GROUP, INC.",29084Q100,22,11768,DFND,
ENBRIDGE INCORPORATED ADR,29250N105,2622,118829,DFND,
ENDAVA PLC ADR,29260V105,131,2007,DFND,
ENCOMPASS HEALTH CORP,29261A100,10,1227,DFND,
ENERGY TRANSFER L P,29273V100,533,9663,DFND,
ENERGY TRANSFER L P,29273V100,2085,37801,DFND,
ENERGY TRANSFER L P,29273V100,1109,20107,DFND,
ENERSYS/SH,29275Y102,22,1887,DFND,
TCW ETF TRUST,29287L601,621,21754,DFND,
ENPHASE ENERGY INC,29355A107,40,1586,DFND,
ENTEGRIS INC,29362U104,34,2743,DFND,
ENTERGY CORP NEW,29364G103,250,20780,DFND,
ENTERGY CORP NEW,29364G103,537,44636,DFND,
EPAM SYS INC,29414B104,3,531,DFND,
VESTIS CORP COM,29430C102,701,4017,DFND,
EQUINIX INC,29444U700,40,31819,DFND,
EQUITY LIFESTYLE PPTYS INC,29472R108,5,309,DFND,
EQUITY RESIDENTIAL,29476L107,116,7829,DFND,
ERIE INDTY CO,29530P102,7,2428,DFND,
ESAB CORPORATION,29605J106,27,3255,DFND,
ESSENTIAL UTILS INC,29670G102,701,26036,DFND,
ETSY INC,29786A106,16,803,DFND,
EVERCORE INC,29977A105,6,1621,DFND,
EVERGY INC,30034W106,266,18336,DFND,
EVERSOURCE ENERGY,30040W108,1379,87732,DFND,
EVERSOURCE ENERGY,30040W108,109,6935,DFND,
EVERQUOTE INC,30041R108,39,944,DFND,
EVOLUTION PETE CORP,30049A107,212,997,DFND,
EVOLV TECHNOLOGIES HLDNGS INC,30049H102,18571,115883,DFND,
EVGO INC,30052F100,1000,3650,DFND,
EXACT SCIENCES CORP,30063P105,191,10150,DFND,
EXELON CORP,30161N101,251,10899,DFND,
EXELIXIS INC/SH,30161Q104,209,9212,DFND,
EXELIXIS INC/SH,30161Q104,66,2909,DFND,
EXPEDIA GROUP INC,30212P303,47,7928,DFND,
EXTRA SPACE STORAGE INC,30225T102,72,10616,DFND,
EXXON MOBIL CORP,30231G102,49509,5337070,DFND,
EXXON MOBIL CORP,30231G102,22726,2449863,DFND,
EXXON MOBIL CORP,30231G102,6911,745006,DFND,
META PLATFORMS INC,30303M102,5632,4156923,DFND,
META PLATFORMS INC,30303M102,11073,8172871,DFND,
META PLATFORMS INC,30303M102,1244,918259,DFND,
FEDEX CORPORATION,31428X106,1479,336191,DFND,
FEDEX CORPORATION,31428X106,42,9548,DFND,
FERGUSON ENTERPRISES INC,31488V107,110,23953,DFND,
FERGUSON ENTERPRISES INC,31488V107,20,4355,DFND,
FID COVINGTON T/ENHANCED MID C,31609A503,2845,97910,DFND,
FIDELITY NATL INFORMATION SVCS,31620M106,11008,896161,DFND,
FIDELITY NATL INFORMATION SV,31620M106,110,8956,DFND,
FIDELITY NATIONAL FINANCIAL,31620R303,49,2747,DFND,
FIRST AMERN FINL CORP,31847R102,163,10007,DFND,
FIRST CTZNS BANCSHARES INC N,31946M103,1540,3012964,DFND,
FIRST CTZNS BANCSHARES INC N,31946M103,20,39130,DFND,
FIRST FINL BANKSHARES INC,32020R109,40,1440,DFND,
FIRST HAWAIIAN INC,32051X108,5,125,DFND,
FIRST INTST BANCSYSTEM INC,32055Y201,5,145,DFND,
FIRST TR EXCHANGE-TRADED FD,33733B100,180,19491,DFND,
FIRST TR EXCHANGE-TRADED FD,33733E500,410,13403,DFND,
FIRST TR EXCHANGE-TRADED FD,33734H106,537,24004,DFND,
FIRST TRUST CLOUD COMPUTING ET,33734X192,48,5839,DFND,
FIRST TRUST EXCHANGE-TRADED FU,33734X846,104,7860,DFND,
FIRST TR EXCHNG TRADED FD VI,33740F888,70319,1750240,DFND,
FIVE BELOW INC,33829M101,43,5641,DFND,
FIVE BELOW INC,33829M101,5,656,DFND,
FLEXSHARES TR,33939L860,1257,91988,DFND,
FLOWSERVE CORP,34354P105,66,3456,DFND,
FORTIVE CORP,34959J108,27640,1440873,DFND,
FORTIVE CORP,34959J108,2000,104260,DFND,
FORTIVE CORP,34959J108,169,8810,DFND,
FORTUNE BRANDS INNOVATIONS I,34964C106,8,412,DFND,
FORTREA HOLDINGS INC,34965K107,15,74,DFND,
FOUR CORNERS PPTY TR INC,35086T109,45,1211,DFND,
FOX CORP,35137L105,24,1345,DFND,
FRANKLIN TEMPLETON ETF TR,35473P868,4532,109947,DFND,
FREEPORT-MCMORAN INC,35671D857,193,8367,DFND,
FREEPORT-MCMORAN INC,35671D857,1012,43871,DFND,
FRONTDOOR INC,35905A109,26,1533,DFND,
FRONTIER COMMUNICATIONS PARE,35909D109,162,5897,DFND,
FUELCELL ENERGY INC,35952H700,78,438,DFND,
FUBOTV INC,35953D104,500,1930,DFND,
GSI TECHNOLOGY INC,36241U106,28,95,DFND,
GMS INC,36251C103,5,544,DFND,
GXO LOGISTICS INCORPORATED,36262G101,35,1705,DFND,
GE HEALTHCARE TECHNOLOGIES I,36266G107,71,5259,DFND,
GE HEALTHCARE TECHNOLOGIES I,36266G107,26,1925,DFND,
GE HEALTHCARE TECHNOLOGIES I,36266G107,2352,174213,DFND,
GAMING & LEISURE PPTYS INC,36467J108,5,234,DFND,
GE VERNOVA INC,36828A101,68,35982,DFND,
GE VERNOVA INC,36828A101,47,24870,DFND,
GE VERNOVA INC,36828A101,1906,1008560,DFND,
GENERAL MTRS CO,37045V100,287,14124,DFND,
GENTHERM INC,37253A103,19,538,DFND,
GITLAB INC,37637K108,155,6993,DFND,
GLACIER BANCORP INC NEW,37637Q105,30,1293,DFND,
GSK PLC ADR,37733W204,436,16742,DFND,
GLOBAL X MLP & ENERGY INFRAS,37954Y293,11,689,DFND,
GLOBAL X FDS,37954Y343,975,48945,DFND,
GLOBAL X FDS,37954Y483,0,8,DFND,
GLOBAL X FDS,37954Y632,1858,81177,DFND,
GLOBAL X FDS,37954Y673,62,2702,DFND,
GLOBAL X FDS,37954Y855,130,4992,DFND,
GLOBAL X FDS,37954Y871,110,4270,DFND,
GOLDMAN SACHS GROUP INC,38141G104,4054,2869219,DFND,
GOLDMAN SACHS GROUP INC,38141G104,411,290885,DFND,
GOLDMAN SACHS GROUP INC,38141G104,31,21941,DFND,
GOOSEHEAD INS INC,38267D109,6,634,DFND,
GRAND CANYON EDUCATION INC,38526M106,58,10962,DFND,
GRAYSCALE ETHEREUM MINI TR E,38964R203,46,1091,DFND,
GROCERY OUTLET HLDG CORP,39874R101,35,435,DFND,
GUARDANT HEALTH INC,40131M109,100,5204,DFND,
GUGGENHEIM ACTIVE ALLOCATION F,40170T106,8425,131767,DFND,
GUIDEWIRE SOFTWARE INC,40171V100,23,5416,DFND,
HCA HEALTHCARE INC,40412C101,5928,2271017,DFND,
HCA HEALTHCARE INC,40412C101,67,25668,DFND,
HP INC,40434L105,2762,67559,DFND,
HP INC,40434L105,2537,62056,DFND,
HEALTHEQUITY INC,42226A107,7,734,DFND,
HEALTHCARE RLTY TR,42226K105,75,1190,DFND,
HEALTHPEAK PROPERTIES INC,42250P103,420,7355,DFND,
HESS CORP,42809H107,387,53615,DFND,
HESS CORP,42809H107,53,7343,DFND,
HEWLETT PACKARD ENTERPRISE C,42824C109,896,18323,DFND,
HEWLETT PACKARD ENTERPRISE C,42824C109,3132,64050,DFND,
HILTON WORLDWIDE HLDGS INC,43300A203,57,15182,DFND,
HOST HOTELS & RESORTS INC,44107P104,153,2351,DFND,
ICU MED INC,44930G107,29,3833,DFND,
ITT INC,45073V108,16,2510,DFND,
IDEAYA BIOSCIENCES INC,45166A102,500,10510,DFND,
IDEX CORP,45167R104,11,1932,DFND,
IDEXX LABS INC,45168D104,163,87424,DFND,
IMMUNITYBIO INC,45256X103,5120,13517,DFND,
TIDAL TRUST III,45259A878,7750,189875,DFND,
INCYTE CORP,45337C102,95,6470,DFND,
INDEPENDENCE RLTY TR INC,45378A106,50,885,DFND,
INFORMATICA INC,45674M101,28,682,DFND,
INGERSOLL-RAND INC,45687V106,123,10231,DFND,
INGERSOLL RAND INC,45687V106,134,11147,DFND,
INGEVITY CORP,45688C107,2,87,DFND,
INSTALLED BLDG PRODS INC,45780R101,2,361,DFND,
INNOVATIVE INDL PPTYS INC,45781V101,5,277,DFND,
INNOVATOR ETFS TRUST,45782C755,235,10284,DFND,
INSULET CORP,45784P101,52,16338,DFND,
INTELLIA THERAPEUTICS INC,45826J105,20,188,DFND,
INTEGRA RES CORP,45826T509,270,405,DFND,
INTERACTIVE BROKERS GROUP IN,45841N107,88,4876,DFND,
INTERACTIVE BROKERS GROUP IN,45841N107,44,2438,DFND,
INTERACTIVE BROKERS GROUP IN,45841N107,12,665,DFND,
INTERCONTINENTAL EXCHANGE INC,45866F104,56072,10287530,DFND,
INTERCONTINENTAL EXCHANGE IN,45866F104,20448,3751595,DFND,
INTERCONTINENTAL EXCHANGE IN,45866F104,204,37428,DFND,
INTUITIVE SURGICAL INC,46120E602,30744,16706597,DFND,
INTUITIVE SURGICAL INC,46120E602,95,51624,OTR,
INTUITIVE SURGICAL INC,46120E602,11608,6307903,DFND,
INTUITIVE SURGICAL INC,46120E602,156,84772,DFND,
INVESCO EXCHANGE TRADED FD T,46137V134,134,2670,DFND,
INVESCO EXCHANGE TRADED FD T,46137V142,35,2447,DFND,
INVESCO EXCHANGE TRADED FD T,46137V233,600,31260,DFND,
INVESCO EXCHANGE TRADED FD T,46137V241,375908,26787233,DFND,
INVESCO S&P 500 PURE VALUE ETF,46137V258,530,49693,DFND,
INVESCO S&P 500 PURE GROWTH ET,46137V266,1150,52636,DFND,
INVESCO EXCHANGE TRADED FD T,46137V357,3250,590655,DFND,
INVESCO EXCHANGE TRADED FD T,46137V563,20973,428059,DFND,
INVESCO EXCHANGE TRADED FD T,46137V563,1013,20675,DFND,
INVESCO EXCHANGE TRADED FD T,46137V597,4900,199283,DFND,
INVESCO EXCHANGE TRADED FD T,46137V738,695,43188,DFND,
INVESCO S&P 500 LOW VOLATILITY,46138E354,14410,1049336,DFND,
INVESCO EXCH TRADED FD TR II,46138E651,100,4467,DFND,
INVESCO EXCH TRADED FD TR II,46138E727,609,14245,DFND,
INVESCO EXCH TRD,46138J429,50,827,DFND,
INVESCO EXCH TRD SLF IND,46138J577,62,1159,DFND,
INVESCO EXCHANGE-TRD SLF IDX,46138J643,40,820,DFND,
INVESCO SLF INDEX FD TR 2027 C,46138J783,59,1159,DFND,
INVESCO SLF INDEX FD TR 2026 C,46138J791,27,527,DFND,
INVESCO SLF INDEX FD TR 2025 C,46138J825,55,1137,DFND,
INVITATION HOMES INC,46187W107,133,4363,DFND,
IONQ INC,46222L108,2,86,DFND,
IQVIA HLDGS INC,46266C105,63,9929,DFND,
IRON MTN INC DEL,46284V101,13,1333,DFND,
IRON MTN INC DEL,46284V101,108,11078,DFND,
ISHARES SILVER TR,46428Q109,21,689,DFND,
ISHARES SILVER TR,46428Q109,500,16405,DFND,
ISHARES TR,46429B267,809,18591,DFND,
ISHARES CORE HIGH DIVIDEND ETF,46429B663,5698,667635,DFND,
ISHARES TR,46429B689,1159,97426,DFND,
ISHARES TR,46432F339,8338,1524354,DFND,
ISHARES TR,46432F396,14,3365,DFND,
ISHARES TR,46432F842,30309,2530195,DFND,
ISHARES TR,46432F842,4539,378916,DFND,
ISHARES TR,46432F842,79151,6607495,DFND,
ISHARES INC,46434G103,18217,1093567,DFND,
ISHARES INC,46434G822,117,8772,DFND,
ISHARES MSCI GLOBAL GOLD MIN E,46434G855,17508,766500,DFND,
ISHARES INC,46434G863,2806,109912,DFND,
ISHARES TR,46434V407,6705,289254,DFND,
ISHARES TR,46434V407,1375,59318,DFND,
ISHARES TR,46434V449,16318,745570,DFND,
ISHARES TR,46434V456,80,3458,DFND,
ISHARES TR,46434V613,3504,161990,DFND,
ISHARES CORE DIVIDEND GROWTH E,46434V621,95913,6132677,DFND,
ISHARES TR,46434V647,6000,148200,DFND,
ISHARES CORE MSCI EURO ETF,46434V738,6,397,DFND,
ISHARES TR,46435G409,924,30391,DFND,
ISHARES TR,46435G516,3625,323423,DFND,
ISHARES TR,46435U218,6154,666786,DFND,
ISHARES SELF-DRIVING EV&TECH,46435U366,525,16055,DFND,
ISHARES TR,46435U663,2198,90844,DFND,
ISHARES TR,46435U853,203,7615,DFND,
ISHARES TR/ISHARES 0-3 MNTH TR,46436E718,224714,22626453,DFND,
ISHARES TR/IBONDS DEC 2027 TER,46436E841,55,1237,DFND,
ISHARES GOLD TR,46436F103,4205,138723,DFND,
ISHARES BITCOIN TRUST ETF,46438F101,4983,305009,DFND,
ISHARES BITCOIN TRUST ETF,46438F101,2573,157494,DFND,
JBG SMITH PPTYS,46590V100,99,1713,DFND,
JOYY INC/ADR,46591M109,17,865,DFND,
JP MORGAN CHASE & CO,46625H100,138411,40126733,DFND,
JP MORGAN CHASE & CO,46625H100,225,65230,OTR,
JPMORGAN CHASE & CO.,46625H100,25409,7366323,DFND,
JPMORGAN CHASE & CO.,46625H100,3498,1014106,DFND,
J P MORGAN EXCHANGE TRADED F,46641Q191,80,5397,DFND,
J P MORGAN EXCHANGE TRADED F,46641Q225,162,13074,DFND,
J P MORGAN EXCHANGE TRADED F,46641Q332,525,29847,DFND,
J P MORGAN EXCHANGE TRADED F,46641Q647,27974,1388654,DFND,
J P MORGAN EXCHANGE TRADED F,46641Q654,2465,125518,DFND,
J P MORGAN EXCHANGE TRADED F,46641Q670,803656,37820047,DFND,
JPMORGAN US QUALITY FACTOR ETF,46641Q761,606,36390,DFND,
J P MORGAN EXCHANGE TRADED F,46654Q724,16593,1038390,DFND,
J P MORGAN EXCHANGE TRADED F,46654Q724,1121,70152,DFND,
J P MORGAN EXCHANGE TRADED F,46654Q724,206045,12894305,DFND,
JACOBS SOLUTIONS INC,46982L108,34,4470,DFND,
JANUS DETROIT STR TR,47103U845,900,45675,DFND,
JD.COM INC,47215P106,20,653,DFND,
JEFFERIES FINL GROUP INC,47233W109,57,3118,DFND,
JONES LANG LASALLE INC,48020Q107,18,4605,DFND,
ZIFF DAVIS INC,48123V102,5,152,DFND,
JUNIPER NETWORKS INC,48203R104,52,2077,DFND,
OPENLANE INC/SH CL B,48238T109,13,318,DFND,
KKR & CO INC,48251W104,133,17693,DFND,
KKR & CO INC,48251W104,155,20620,DFND,
KLX ENERGY SERVICS HOLDNGS I,48253L205,294,550,DFND,
KB HOME,48666K109,17,901,DFND,
KENVUE INC,49177J102,2116,44288,DFND,
KEURIG DR PEPPER INC,49271V100,120,3968,DFND,
KEYSIGHT TECHNOLOGIES INC,49338L103,150,24579,DFND,
KEYSIGHT TECHNOLOGIES INC,49338L103,328,53746,DFND,
KEYSIGHT TECHNOLOGIES INC,49338L103,35,5736,DFND,
KILROY RLTY CORP,49427F108,154,5284,DFND,
KIMCO RLTY CORP,49446R109,189,3973,DFND,
KINDER MORGAN INC DEL,49456B101,690,20286,DFND,
KINDER MORGAN INC DEL,49456B101,4540,133476,DFND,
KINDER MORGAN INC DEL,49456B101,1019,29959,DFND,
KINSALE CAPITAL GROUP INC,49714P108,179,86618,DFND,
KINSALE CAP GROUP INC,49714P108,1,484,DFND,
KITE RLTY GROUP TR,49803T300,17550,397508,DFND,
KITE RLTY GROUP TR,49803T300,1835,41563,DFND,
KITE RLTY GROUP TR,49803T300,5,114,DFND,
KYNDRYL HLDGS INC,50155Q100,160,6714,DFND,
KYNDRYL HLDGS INC,50155Q100,351,14728,DFND,
LCI INDUSTRIES,50189K103,549,50063,DFND,
LPL FINANCIAL HOLDINGS INC,50212V100,29,10874,DFND,
LPL FINANCIAL HOLDINGS INC,50212V100,7,2625,DFND,
LENDINGCLUB CORP,52603A208,90,1083,DFND,
LEONARDO DRS INC,52661A108,19,884,DFND,
LINEAGE INC,53566V106,70,3047,DFND,
LUMENTUM HLDGS INC,55024U109,15,1426,DFND,
LYFT INC,55087P104,30127,474802,DFND,
LYFT INC,55087P104,137,2160,DFND,
M & T BK CORP,55261F104,9693,1880345,DFND,
M & T BK CORP,55261F104,36,6984,DFND,
MGP INGREDIENTS INC NEW,55303J106,5,150,DFND,
MKS INC.,55306N104,1000,99360,DFND,
MKS INC.,55306N104,40,3975,DFND,
MSCI INC,55354G100,32,18456,DFND,
MACOM TECH SOLUTIONS HLDGS I,55405Y100,5,717,DFND,
MACYS INC,55616P104,40,467,DFND,
MAGNITE INC,55955D100,100,2412,DFND,
MANPOWERGROUP I/SH SH,56418H100,15,606,DFND,
MARATHON PETROLEUM CORPORATION,56585A102,3723,618428,DFND,
MARATHON PETROLEUM CORPORATION,56585A102,176,29236,DFND,
MARKETAXESS HLDGS INC,57060D108,5,1117,DFND,
MASTERCARD INCORPORATED,57636Q104,76863,43192394,DFND,
MASTERCARD INCORPORATED,57636Q104,187,105083,OTR,
MASTERCARD INCORPORATED,57636Q104,1250,702425,DFND,
MASTERCARD INCORPORATED,57636Q104,927,520660,DFND,
MASTERBRAND INC,57638P104,3,33,DFND,
MATCH GROUP INC NEW,57667L107,595,18380,DFND,
MATCH GROUP INC NEW,57667L107,35,1082,DFND,
MCKESSON CORP,58155Q103,420,307768,DFND,
MCKESSON CORP,58155Q103,127,93064,DFND,
MEDICAL PPTYS TRUST INC,58463J304,405,1746,DFND,
MERCADOLIBRE INC,58733R102,3,7841,DFND,
MERCK & CO INC,58933Y105,29453,2331499,DFND,
MERCK & CO INC,58933Y105,4383,346958,DFND,
MERCK & CO INC,58933Y105,1846,146130,DFND,
MERITAGE HOMES CORP,59001A102,12,804,DFND,
METLIFE INC,59156R108,464,37315,DFND,
METLIFE INC,59156R108,1369,110095,DFND,
METLIFE INC,59156R108,246,19784,DFND,
MID-AMER APT CMNTYS INC,59522J103,25,3701,DFND,
MODERNA INC,60770K107,0,6,DFND,
MODERNA INC,60770K107,327,9022,DFND,
MOLINA HEALTHCARE INC,60855R100,28,8342,DFND,
MOLSON COORS BEVERAGE CO,60871R209,11,529,DFND,
MONGODB INC CL A,60937P106,100,20999,DFND,
MONGODB INC,60937P106,1,210,DFND,
MONGODB INC,60937P106,12,2520,DFND,
MONSTER BEVERAGE CORP NEW,61174X109,1300,81432,DFND,
MONSTER BEVERAGE CORP NEW,61174X109,575,36018,DFND,
MOSAIC CO NEW,61945C103,18528,675901,DFND,
MOSAIC CO NEW,61945C103,425,15504,DFND,
MOSAIC CO NEW,61945C103,256,9339,DFND,
MYRIAD GENETICS INC,62855J104,50,266,DFND,
NIO INC SPONSORED ADR,62914V106,50,172,DFND,
NVR INC,62944T105,5,36929,DFND,
NOV INC,62955J103,83,1032,DFND,
NATIONAL HEALTH INVS INC,63633D104,8,561,DFND,
NEOGENOMICS INC,64049M209,98,717,DFND,
NETAPP INC/SH,64110D104,209,22269,DFND,
NETAPP INC,64110D104,85,9057,DFND,
NETFLIX INC,64110L106,142,190156,DFND,
NETFLIX INC,64110L106,97,129896,DFND,
NETFLIX INC,64110L106,1026,1373948,DFND,
NETEASE INC SPONSD ADR,64110W102,15,2019,DFND,
NET LEASE OFFICE PROPERTIES,64110Y108,8,261,DFND,
NEUROCRINE BIOSCIENCES INC,64125C109,11,1383,DFND,
RITHM CAPITAL CORP,64828T201,2161,24398,DFND,
NEWS CORP NEW,65249B109,130,3864,DFND,
NEXTERA ENERGY INC,65339F101,207872,14430474,DFND,
NEXTERA ENERGY INC,65339F101,52215,3624765,DFND,
NEXTERA ENERGY INC,65339F101,1378,95661,DFND,
908 DEVICES INC,65443P102,200,1426,DFND,
NISOURCE INC,65473P105,25,1009,DFND,
NORTHWEST NAT HLDG CO,66765N105,13,517,DFND,
NOVARTIS AG,66987V109,7914,957673,DFND,
NOVARTIS AG,66987V109,215,26017,OTR,
NOVARTIS AG,66987V109,163,19725,DFND,
NOVANTA INC,67000B104,5,645,DFND,
DNOW INC,67011P100,175,2596,DFND,
NU SKIN ENTERPRISES INC,67018T105,105,839,DFND,
NUTANIX INC,67059N108,368,28130,DFND,
NVIDIA CORPORATION,67066G104,21722,3431859,DFND,
NVIDIA CORPORATION,67066G104,4733,747767,DFND,
NVIDIA CORPORATION,67066G104,20333,3212384,DFND,
NUVEEN S&P 500 BUY-WRITE INC,6706ER101,978,13575,DFND,
NUTRIEN LTD ADR,67077M108,200,11648,DFND,
NUSCALE POWER CORPORATION,67079K100,2300,90988,DFND,
NUSHARES ETF TR,67092P300,47,1971,DFND,
NUSHARES ETF TR,67092P409,24,1163,DFND,
NUSHARES ETF TR,67092P508,17,613,DFND,
O REILLY AUTOMOTIVE INC,67103H107,75,6760,DFND,
O REILLY AUTOMOTIVE INC,67103H107,377,33980,DFND,
OMNIAB INC,68218J103,1,2,DFND,
ONE GAS INC,68235P108,7,504,DFND,
ONEMAIN HLDGS INC,68268W103,62,3534,DFND,
ORACLE CORPORATION COM,68389X105,147809,32315482,DFND,
ORACLE CORPORATION COM,68389X105,236,51597,OTR,
ORACLE CORPORATION COM,68389X105,32440,7092358,DFND,
ORACLE CORPORATION COM,68389X105,1563,341719,DFND,
OPTION CARE HEALTH INC,68404L201,38,1235,DFND,
ORGANON & CO,68622V106,3744,36242,DFND,
ORGANON & CO,68622V106,5,48,DFND,
ORGANON & CO,68622V106,165,1598,DFND,
OTIS WORLDWIDE CORP,68902V107,826,81791,DFND,
OTIS WORLDWIDE CORP,68902V107,1199,118725,DFND,
OTIS WORLDWIDE CORP,68902V107,202,20003,DFND,
OVINTIV INC,69047Q102,110,4186,DFND,
OVINTIV INC,69047Q102,25,952,DFND,
PG&E CORP,69331C108,443,6176,DFND,
PJT PARTNERS INC,69343T107,304,50164,DFND,
PGIM ETF TR,69344A107,42249,2102301,DFND,
PPL CORP,69351T106,175,5931,DFND,
PTC INC,69370C100,11,1896,DFND,
PACS GROUP INC,69380Q107,20,259,DFND,
PACIFIC BIOSCIENCES OF CALIFOR,69404D108,500,620,DFND,
PALANTIR TECHNOLOGIES INC,69608A108,6985,952195,DFND,
PALANTIR TECHNOLOGIES INC,69608A108,802,109329,DFND,
PALANTIR TECHNOLOGIES INC,69608A108,907,123643,DFND,
PAR PAC HOLDINGS INC,69888T207,15,398,DFND,
PARAMOUNT GROUP INC,69924R108,100,610,DFND,
PARSONS CORP DEL,70202L102,5,359,DFND,
PAYCOM SOFTWARE INC,70432V102,35,8099,DFND,
PAYCOM SOFTWARE INC,70432V102,76,17587,DFND,
PAYLOCITY HLDG CORP,70438V106,5,906,DFND,
PAYPAL HOLDINGS INC,70450Y103,78606,5841998,DFND,
PAYPAL HOLDINGS INC,70450Y103,4912,365060,DFND,
PAYPAL HOLDINGS INC,70450Y103,690,51281,DFND,
PELOTON INTERACTIVE INC,70614W100,70,486,DFND,
PENSKE AUTOMOTIVE GRP INC,70959W103,14,2406,DFND,
PENUMBRA INC,70975L107,8,2054,DFND,
PERDOCEO ED CORP,71363P106,24,785,DFND,
PERFORMANCE FOOD GROUP CO,71377A103,12,1050,DFND,
PERMIAN RESOURCES CORP,71424F105,4127,56210,DFND,
PHINIA INC,71880K101,2,89,DFND,
PILGRIMS PRIDE CORP,72147K108,25,1125,DFND,
PIMCO ETF TR,72201R585,41900,1112026,DFND,
PIMCO ETF TR,72201R635,5029,222417,DFND,
PIMCO ETF TR 0-5 HIGH YIELD,72201R783,134,12731,DFND,
PIMCO ETF TR,72201R833,25002,2513540,DFND,
PIMCO ETF TR,72201R833,2397,240983,DFND,
PIMCO ACCESS IN/COM SHS BEN IN,72203T100,9350,141279,DFND,
PINNACLE FINL PARTNERS INC,72346Q104,61,6736,DFND,
PINTEREST INC,72352L106,218,7818,DFND,
PLANET FITNESS INC,72703H101,16,1745,DFND,
PLUG POWER INC,72919P202,292,436,DFND,
POOL CORP,73278L105,5,1458,DFND,
PRECISION BIOSCIENCES INC,74019P207,95,399,DFND,
PRESTIGE CONSMR HEALTHCARE I,74112D101,14,1118,DFND,
PRICE T ROWE GROUP INC,74144T108,8502,820443,DFND,
PRICE T ROWE GROUP INC,74144T108,120,11580,DFND,
PRICE T ROWE GROUP INC,74144T108,60,5790,DFND,
PRIMERICA INC,74164M108,1,274,DFND,
PRINCIPAL FINANCIAL GROUP IN,74251V102,79,6275,DFND,
PRINCIPAL SPECTRUM PFD ETF,74255Y888,740,14038,DFND,
PROCORE TECHNOLOGIES INC,74275K108,16,1095,DFND,
PROLOGIS INC.,74340W103,40,4205,DFND,
PROLOGIS INC.,74340W103,188,19763,DFND,
PROPETRO HLDG CORP,74347M108,101,603,DFND,
PROSHARES TR II,74347W353,2500,118725,DFND,
PROSHARES TR,74348A467,16935,1705394,DFND,
PUBLIC STORAGE OPER CO,74460D109,125,36678,DFND,
PUBLIC STORAGE OPER CO,74460D109,39,11444,DFND,
PUMA BIOTECHNOLOGY INC,74587V107,111,381,DFND,
PURE STORAGE INC,74624M102,500,28790,DFND,
PURE STORAGE INC,74624M102,92,5298,DFND,
QORVO INC,74736K101,39,3311,DFND,
QORVO INC,74736K101,9,765,DFND,
QUEST DIAGNOSTICS INC,74834L100,10,1797,DFND,
RBB FD INC,74933W189,11127,327201,DFND,
RB GLOBAL INC,74935Q107,195,20707,DFND,
RB GLOBAL INC,74935Q107,258,27398,DFND,
RH,74967X103,3,568,DFND,
RANGE RES CORP,75281A109,37,1505,DFND,
RANPAK HOLDINGS CORP,75321W103,2,8,DFND,
RBC BEARINGS INC,75524B104,2,770,DFND,
REDDIT INC,75734B100,106,15961,DFND,
REGENERON PHARMACEUTICALS,75886F107,45,23625,DFND,
REGIONS FINANCIAL CORP NEW,7591EP100,411,9667,DFND,
REGIONS FINANCIAL CORP NEW,7591EP100,300,7056,DFND,
RESIDEO TECHNOLOGIES INC,76118Y104,10,221,DFND,
RESIDEO TECHNOLOGIES INC,76118Y104,83,1831,DFND,
REXFORD INDL RLTY INC,76169C100,55,1957,DFND,
REYNOLDS CONSUMER PRODS INC,76171L106,74,1586,DFND,
RHYTHM PHARMACEUTICALS INC,76243J105,71,4487,DFND,
RINGCENTRAL INC,76680R206,10,284,DFND,
RING ENERGY INC,76680V108,265,211,DFND,
RIVIAN AUTOMOTIVE INC,76954A103,2750,37785,DFND,
RIVIAN AUTOMOTIVE INC,76954A103,254,3490,DFND,
ROCKET COS INC,77311W101,2000,28360,DFND,
ROCKET COS INC,77311W101,59,837,DFND,
ROKU INC,77543R102,56,4922,DFND,
RYAN SPECIALTY HOLDINGS INC,78351F107,5,340,DFND,
S&P GLOBAL INC,78409V104,33,17401,DFND,
S&P GLOBAL INC,78409V104,21,11101,DFND,
S&P GLOBAL INC,78409V104,199,104931,DFND,
SBA COMMUNICATIONS CORP NEW,78410G104,44,10333,DFND,
SL GREEN RLTY CORP,78440X887,100,6190,DFND,
SLM CORP,78442P106,65374,2143613,DFND,
SLM CORP,78442P106,49,1607,DFND,
SM ENERGY CO,78454L100,48,1187,DFND,
SPDR S&P 500 ETF TR,78462F103,21131,13055788,DFND,
SPDR S&P 500 ETF TR,78462F103,1637,1011420,DFND,
SPDR S&P 500 ETF TR,78462F103,3979,2458213,DFND,
SPDR GOLD TR,78463V107,1995,608136,DFND,
SPDR GOLD TR,78463V107,698,212771,DFND,
SPDR GOLD TR,78463V107,405,123457,DFND,
SPDR INDEX SHS FDS,78463X103,20,969,DFND,
SPDR INDEX SHS FDS,78463X301,103,13019,DFND,
SPDR INDEX SHS FDS,78463X848,24,784,DFND,
SPDR SERIES TRUST,78464A375,465,15615,DFND,
SPDR TR PORTFOLIO SHORT ETF,78464A474,612,18476,DFND,
SPDR DOW JONES REIT ETF,78464A607,2598,250551,DFND,
SPDR SER TR PORTFOLIO LONG ETF,78464A664,119,3163,DFND,
SPDR S TR/PORTFOLIO INTER TER,78464A672,58,1669,DFND,
SPDR SERIES TRUST,78464A698,480,28508,DFND,
SPDR SERIES TRUST,78464A763,5654,767390,DFND,
SPDR SERIES TRUST,78464A805,37153,2782389,DFND,
SPDR SERIES TRUST,78464A839,180,14298,DFND,
SPDR PORTFOLIO S&P 500 ETF,78464A854,123,8941,DFND,
SS&C TECHNOLOGIES HLDGS INC,78467J100,35,2898,DFND,
SPDR DOW JONES INDL AVERAGE,78467X109,5025,2214266,DFND,
SPDR DOW JONES INDL AVERAGE,78467X109,7,3085,DFND,
SPDR S&P MIDCAP 400 ETF TR,78467Y107,322,182407,DFND,
SPDR S&P MIDCAP 400 ETF TR,78467Y107,104,58914,DFND,
SPDR S&P MIDCAP 400 ETF TR,78467Y107,196,110927,DFND,
SPDR SER TR PORTFOLIO SHARES E,78468R101,78,2285,DFND,
SPDR S TR/PORTFOLIO TREAS ETF,78468R457,31,945,DFND,
SAGE THERAPEUTICS INC,78667J108,9,82,DFND,
SAIA INC,78709Y105,1,274,DFND,
SALESFORCE INC.,79466L302,16881,4603280,DFND,
SALESFORCE INC.,79466L302,5,1363,DFND,
SALESFORCE INC.,79466L302,295,80444,DFND,
SAMSARA INC,79589L106,12,478,DFND,
SANDISK CORP,80004C200,173,7846,DFND,
SEALED AIR CORP NEW,81211K100,90,2793,DFND,
SELECT SECTOR SPDR TR,81369Y100,5813,510440,DFND,
SELECT SECTOR SPDR TR,81369Y100,543,47681,DFND,
SELECT SECTOR SPDR TR,81369Y209,5264,709535,DFND,
SELECT SECTOR SPDR TR,81369Y209,422,56881,DFND,
SELECT SECTOR SPDR TR,81369Y308,1905,154248,DFND,
SELECT SECTOR SPDR TR,81369Y308,495,40080,DFND,
SELECT SECTOR SPDR TR,81369Y407,765,166257,DFND,
SELECT SECTOR SPDR TR,81369Y407,250,54333,DFND,
SELECT SECTOR SPDR TR,81369Y506,20857,1768882,DFND,
SELECT SECTOR SPDR TR,81369Y506,234,19845,DFND,
SELECT SECTOR SPDR TR,81369Y506,3872,328424,DFND,
SELECT SECTOR SPDR TR,81369Y605,12455,652268,DFND,
SELECT SECTOR SPDR TR,81369Y605,491,25714,DFND,
SELECT SECTOR SPDR TR,81369Y605,1953,102279,DFND,
SELECT SECTOR SPDR TR,81369Y704,922,136013,DFND,
SELECT SECTOR SPDR TR,81369Y704,174,25668,DFND,
SELECT SECTOR SPDR TR,81369Y803,1707,432264,DFND,
SELECT SECTOR SPDR TR,81369Y803,285,72171,DFND,
SELECT SECTOR SPDR TR,81369Y803,1286,325587,DFND,
SELECT SECTOR SPDR TR,81369Y852,19,2062,DFND,
SELECT SECTOR SPDR TR,81369Y852,115,12481,DFND,
SELECT SECTOR SPDR TR,81369Y852,269,29195,DFND,
SELECT SECTOR SPDR TR,81369Y886,865,70636,DFND,
SELECT SECTOR SPDR TR,81369Y886,135,11024,DFND,
SENSEONICS HLDGS INC,81727U105,1000,476,DFND,
SENTINELONE INC,81730H109,47,860,DFND,
SERVICENOW INC,81762P102,20874,21460142,DFND,
SERVICENOW INC,81762P102,86,88415,OTR,
SERVICENOW INC,81762P102,84,86359,DFND,
SERVICENOW INC,81762P102,50,51404,DFND,
SHIFT4 PMTS INC,82452J109,5,496,DFND,
SHOPIFY INC,82509L107,2621,302332,DFND,
SHOPIFY INC,82509L107,147,16957,DFND,
SIMPLY GOOD FOODS CO,82900L102,15,474,DFND,
SITEONE LANDSCAPE SUPPLY INC,82982L103,5,605,DFND,
SITIME CORP,82982T106,11,2344,DFND,
SKILLZ INC,83067L208,10,69,DFND,
SKYWORKS SOLUTIONS INC,83088M102,25,1863,DFND,
SNAP INC,83304A106,65,565,DFND,
SOFI TECHNOLOGIES INC,83406F102,8330,151689,DFND,
SOFI TECHNOLOGIES INC,83406F102,261,4753,DFND,
SOLVENTUM CORP,83444M101,1134,86003,DFND,
SOLVENTUM CORP,83444M101,91,6902,DFND,
SOUTHERN COPPER CORP,84265V105,5764,583144,DFND,
SOUTHERN COPPER CORP,84265V105,57,5767,DFND,
SPECTRUM BRANDS HLDGS INC NE,84790A105,5,265,DFND,
SPROTT PHYSICAL GOLD TR,85207H104,1790545,45390316,DFND,
SPROTT PHYSICAL GOLD TR,85207H104,6125,155269,OTR,
SPROTT PHYSICAL GOLD TR,85207H104,71464,1811612,DFND,
SPROTT PHYSICAL GOLD TR,85207H104,3356,85075,DFND,
SPROTT PHYSICAL SILVER TR,85207K107,34500,422280,DFND,
SPROTT PHYSICAL SILVER TR,85207K107,1675,20502,OTR,
SPROTT PHYSICAL SILVER TR,85207K107,500,6120,DFND,
SPROUTS FARMERS MARKET INC,85208M102,29,4775,DFND,
SPROUTS FARMERS MARKET INC,85208M102,8,1318,DFND,
SPROTT PHYSICAL GOLD & SILVE,85208R101,8000,240800,DFND,
SPROTT PHYSICAL GOLD & SILVE,85208R101,20576,619338,DFND,
SPROTT PHYSICAL GOLD & SILVE,85208R101,958,28836,DFND,
STAG INDL INC,85254J102,40,1452,DFND,
STARWOOD PPTY TR INC,85571B105,96,1927,DFND,
STEPSTONE GROUP INC,85914M107,11,611,DFND,
STRIDE INC,86333M108,129,18730,DFND,
SUPER MICRO COMPUTER INC,86800U302,101,4951,DFND,
SYNOVUS FINL CORP,87161C501,130,6728,DFND,
SYNCHRONY FINANCIAL,87165B103,1493,99643,DFND,
SYNCHRONY FINANCIAL,87165B103,683,45555,DFND,
TFS FINL CORP,87240R107,30,389,DFND,
TPI COMPOSITES INC COM,87266J104,200,172,DFND,
TALEN ENERGY CORP,87422Q109,3,873,DFND,
TANDY LEATHER FACTORY INC,87538X105,146,453,DFND,
TARGA RES CORP,87612G101,48,8356,DFND,
TAYLOR MORRISON HOME CORP,87724P106,25,1536,DFND,
TC ENERGY CORPORATION,87807B107,1000,48790,DFND,
TELADOC HEALTH INC,87918A105,580,5052,DFND,
TELADOC HEALTH INC,87918A105,69,601,DFND,
TEMPUS AI INC,88023B103,500,31770,DFND,
TEMPUS AI INC,88023B103,2,128,DFND,
SOMNIGROUP INTERNATIONAL INC,88023U101,9,613,DFND,
10X GENOMICS INC,88025U109,150,1737,DFND,
TENET HEALTHCARE CORP,88033G407,6,1056,DFND,
TERRENO RLTY CORP,88146M101,99,5551,DFND,
TESLA INC,88160R101,5351,1699799,DFND,
TESLA INC,88160R101,399,126747,DFND,
TESLA INC,88160R101,3217,1021913,DFND,
TETRA TECHNOLOGIES INC DEL,88162F105,217,730,DFND,
TETRA TECH INC NEW,88162G103,37,1331,DFND,
TEXAS PACIFIC LAND CORPORATI,88262P102,1,1057,DFND,
THE TRADE DESK INC,88339J105,4668,336049,DFND,
THE TRADE DESK INC,88339J105,141,10151,DFND,
3M CO,88579Y101,5355,815245,DFND,
3M CO,88579Y101,400,60896,DFND,
3M CO,88579Y101,524,79774,DFND,
TOPBUILD CORP,89055F103,5,1619,DFND,
TOWNE BANK,89214P109,2316,79161,DFND,
TRANSCODE THERAPEUTICS INC,89357L501,482,3760,DFND,
TRANSUNION,89400J107,14,1232,DFND,
TREX CO INC,89531P105,20,1088,DFND,
TRUIST FINANCIAL CORP,89832Q109,18196,782246,DFND,
TRUIST FINANCIAL CORP,89832Q109,508,21839,DFND,
TRUIST FINANCIAL CORP,89832Q109,225,9673,DFND,
TWILIO INC,90138F102,500,62180,DFND,
TWILIO INC,90138F102,41,5099,DFND,
2023 ETF SERIES TRUST II,90139K100,269334,9227383,DFND,
UBER TECHNOLOGIES INC,90353T100,15,1400,DFND,
UBER TECHNOLOGIES INC,90353T100,458,42732,DFND,
UIPATH INC,90364P105,20,256,DFND,
ULTA BEAUTY INC,90384S303,9105,4259501,DFND,
ULTA BEAUTY INC,90384S303,66,30876,DFND,
ULTA BEAUTY INC,90384S303,9,4211,DFND,
UNITED THERAPEUTICS CORP DEL,91307C102,2,575,DFND,
UNITEDHEALTH GROUP INC,91324P102,7682,2396554,DFND,
UNITEDHEALTH GROUP INC,91324P102,208,64890,DFND,
UNITEDHEALTH GROUP INC,91324P102,301,93903,DFND,
UNITY SOFTWARE INC,91332U101,135,3267,DFND,
UNUM GROUP,91529Y106,37,2989,DFND,
UPSTART HLDGS INC,91680M107,80,5175,DFND,
UR-ENERGY INC,91688R108,469,493,DFND,
USA RARE EARTH INC.,91733P107,100,1096,DFND,
VAIL RESORTS INC,91879Q109,185,29031,DFND,
VALERO ENERGY CORP,91913Y100,116510,15661274,DFND,
VALERO ENERGY CORP,91913Y100,520,69898,DFND,
VALERO ENERGY CORP,91913Y100,64,8603,DFND,
VANECK VECTORS GOLD MINERS ETF,92189F106,21,1093,DFND,
VANECK VECTORS GOLD MINERS ETF,92189F106,1050,54663,OTR,
VANECK ETF TRUST,92189F643,8,750,DFND,
VANECK ETF TRUST,92189F676,209,58286,DFND,
VANECK TRUST RARE EARTH ETF,92189H805,233,9455,DFND,
VANGUARD TOTAL INTERNATIONAL,92203J407,1954,96743,DFND,
VANGUARD WORLD FD,92204A108,62,22464,DFND,
VANGUARD WORLD FD,92204A207,4197,919143,DFND,
VANGUARD WORLD FD,92204A207,80,17520,DFND,
VANGUARD WORLD FD,92204A405,1000,127300,DFND,
VANGUARD WORLD FD,92204A405,240,30552,DFND,
VANGUARD WORLD FD,92204A504,55,13659,DFND,
VANGUARD WORLD FD,92204A504,55,13659,DFND,
VANGUARD WORLD FD,92204A504,357,88658,DFND,
VANGUARD WORLD FD,92204A603,4164,1166211,DFND,
VANGUARD WORLD FD,92204A603,60,16804,DFND,
VANGUARD WORLD FD,92204A702,3557,2359287,DFND,
VANGUARD WORLD FD,92204A702,153,101482,DFND,
VANGUARD WORLD FD,92204A702,208,137963,DFND,
VANGUARD WORLD FD,92204A801,25,4871,DFND,
VANGUARD SCOTTSDALE FDS,92206C102,2914,171285,DFND,
VANGUARD SCOTTSDALE FDS,92206C102,145,8523,DFND,
VANGUARD SCOTTSDALE FDS,92206C409,13907,1105607,DFND,
VANGUARD SCOTTSDALE FDS,92206C409,101434,8064004,DFND,
VANGUARD SCOTTSDALE FDS,92206C680,652,71199,DFND,
VANGUARD SCOTTSDALE FDS,92206C706,11955,715029,DFND,
VANGUARD SCOTTSDALE FDS,92206C706,1019,60946,DFND,
VANGUARD SCOTTSDALE FDS,92206C706,1887,112862,DFND,
VANGUARD SCOTTSDALE FDS,92206C730,61304,17217906,DFND,
VANGUARD SCOTTSDALE FDS,92206C870,4928,408630,DFND,
VANGUARD SCOTTSDALE FDS,92206C870,1400,116088,DFND,
VANGUARD SCOTTSDALE FDS,92206C870,207,17165,DFND,
VAXCYTE INC,92243G108,34,1106,DFND,
VENTAS INC,92276F100,118,7452,DFND,
VERALTO CORP,92338C103,166,16758,DFND,
VERALTO CORP,92338C103,384,38765,DFND,
VERALTO CORP,92338C103,63,6360,DFND,
VERIZON COMMUNICATIONS INC,92343V104,30508,1320081,DFND,
VERIZON COMMUNICATIONS INC,92343V104,2057,89006,DFND,
VERIZON COMMUNICATIONS INC,92343V104,3200,138464,DFND,
VERISK ANALYTIC CL B,92345Y106,66,20559,DFND,
VERISK ANALYTIC CL B,92345Y106,45,14018,DFND,
VERTEX PHARMACEUTICALS INC,92532F100,78,34726,DFND,
VERTIV HOLDINGS CO,92537N108,124,15923,DFND,
VERTEX INC,92538J106,13,460,DFND,
PARAMOUNT GLOBAL,92556H206,600,7740,DFND,
VIATRIS INC,92556V106,125,1116,DFND,
VIATRIS INC,92556V106,0,0,DFND,
VIATRIS INC,92556V106,729,6510,DFND,
VICTORY PORTFOLIOS II,92647N527,688649,32414721,DFND,
VIKING THERAPEUTICS INC,92686J106,10,265,DFND,
VISA INC,92826C839,164052,58246663,DFND,
VISA INC,92826C839,100,35505,OTR,
VISA INC,92826C839,1169,415054,DFND,
VISA INC,92826C839,9825,3488521,DFND,
VISA INC,92826C839,900,319545,DFND,Put
VIRTUS INVESTMENT PARTNERS INC,92828Q109,12,2177,DFND,
VISTRA CORP,92840M102,84,16281,DFND,
VITA COCO CO INC,92846Q107,20,722,DFND,
VITESSE ENERGY INC,92852X103,999,22068,DFND,
VUZIX CORP,92921W300,62,182,DFND,
WP CAREY INC REIT,92936U109,1244,77601,DFND,
WP CAREY INC REIT,92936U109,187,11666,DFND,
WEC ENERGY GROUP INC,92939U106,40,4168,DFND,
WASTE CONNECTIONS INC,94106B101,56,10457,DFND,
WASTE MGMT INC DEL,94106L109,5074,1161033,DFND,
WASTE MGMT INC DEL,94106L109,100,22882,OTR,
WASTE MGMT INC DEL,94106L109,6,1373,DFND,
WASTE MGMT INC DEL,94106L109,1358,310740,DFND,
WAYFAIR INC,94419L101,5,256,DFND,
WEBTOON ENTMT INC,94845U105,25,227,DFND,
WELLTOWER INC,95040Q104,122,18756,DFND,
WENDYS CO,95058W100,20,229,DFND,
"WESCO INTERNATIONAL, INC.",95082P105,24,4445,DFND,
"WESCO INTERNATIONAL, INC.",95082P105,7,1297,DFND,
WEX INC,96208T104,5,735,DFND,
WILLDAN GROUP INC,96924N100,103,6439,DFND,
WINTRUST FINANCIAL CORP,97650W108,33,4091,DFND,
WINTRUST FINANCIAL CORP,97650W108,10,1240,DFND,
WISDOMTREE TR,97717W315,83,3760,DFND,
WISDOMTREE US DIVIDEND EX-FINA,97717W406,2124,240144,DFND,
WISDOMTREE TR,97717W505,90578,4539769,DFND,
WISDOMTREE TR,97717W505,767,38443,DFND,
WISDOMTREE TR US SMALLCAP DIVI,97717W604,17682,561580,DFND,
WISDOMTREE TR,97717X669,333,27886,DFND,
WORKDAY INC,98138H101,77,18480,DFND,
WYNDHAM HOTELS & RESORTS INC,98311A105,5,407,DFND,
XCEL ENERGY INC,98389B100,3998,272264,DFND,
XCEL ENERGY INC,98389B100,485,33029,DFND,
XYLEM INC,98419M100,43,5563,DFND,
YETI HLDGS INC,98585X104,25,788,DFND,
YUM CHINA HLDGS INC,98850P109,594,26558,DFND,
ZILLOW GROUP INC,98954M101,15,1028,DFND,
ZILLOW GROUP INC,98954M200,30,2102,DFND,
ZIMMER BIOMET HOLDINGS INC,98956P102,30,2736,DFND,
ZOETIS INC,98978V103,35,5458,DFND,
ZOETIS INC,98978V103,335,52244,DFND,
ZOOMINFO TECHNOLOGIES INC,98980F104,25,253,DFND,
ZSCALER INC,98980G102,30966,9721466,DFND,
ZSCALER INC,98980G102,125,39243,OTR,
ZSCALER INC,98980G102,12872,4041036,DFND,
ZSCALER INC,98980G102,15,4710,DFND,
ZOOM COMMUNICATIONS INC,98980L101,300,23394,DFND,
ZOOM COMMUNICATIONS INC,98980L101,132,10294,DFND,
ZURN ELKAY WATER SOLNS CORP,98983L108,20,732,DFND,
ALKERMES PLC ADR,G01767105,134,3834,DFND,
AMCOR PLC,G0250X107,754,6929,DFND,
AMCOR PLC,G0250X107,104,956,DFND,
AMDOCS LTD,G02602103,73,6661,DFND,
AMDOCS LTD,G02602103,36,3285,DFND,
ANGLOGOLD ASHANTI PLC,G0378L100,37,1687,DFND,
AON PLC,G0403H108,15,5351,DFND,
AON PLC,G0403H108,99,35320,DFND,
ARCH CAP GROUP LTD,G0450A105,75,6829,DFND,
AXIS CAP HLDGS LTD,G0692U109,5,520,DFND,
BIOHAVEN LTD,G1110E107,3,43,DFND,
ACCENTURE PLC IRELAND,G1151C101,33574,10034933,DFND,
ACCENTURE PLC IRELAND,G1151C101,100,29889,OTR,
ACCENTURE PLC IRELAND,G1151C101,9490,2836467,DFND,
ACCENTURE PLC IRELAND,G1151C101,8069,2411744,DFND,
BROOKFIELD INFRASTRUCTURE PART,G16252101,112,3751,DFND,
CLARIVATE PLC,G21810109,140,602,DFND,
CREDO TECHNOLOGY GROUP HOLDI,G25457105,10,926,DFND,
CRH PLC,G25508105,65,5967,DFND,
CRH PLC,G25508105,43,3948,DFND,
CUSHMAN WAKEFIELD PLC,G2717B108,198,2192,DFND,
EATON CORP PLC,G29183103,1824,651150,DFND,
EATON CORP PLC,G29183103,55,19634,DFND,
EATON CORP PLC,G29183103,242,86392,DFND,
ESTABLISHMENT LABS HLDGS INC,G31249108,178,7603,DFND,
EVEREST GROUP LTD,G3223R108,3,1020,DFND,
APTIV PLC,G3265R107,25,1706,DFND,
FABRINET,G3323L100,4,1179,DFND,
FLUTTER ENTMT PLC,G3643J108,4,1144,DFND,
FRESH DEL MONTE PRODUCE INC,G36738105,18,584,DFND,
GENPACT LTD,G3922B107,500,22005,DFND,
GENPACT LIMITED,G3922B107,28,1233,DFND,
GLOBALFOUNDRIES INC,G39387108,245,9359,DFND,
HELEN OF TROY LTD,G4388N106,10,284,DFND,
JANUS HENDERSON GROUP PLC,G4474Y214,16,622,DFND,
WEATHERFORD INTL PLC,G48833118,53,2667,DFND,
INVESCO LTD,G491BT108,138,2177,DFND,
JAZZ PHARMACEUTICALS PLC,G50871105,123,13053,DFND,
JAZZ PHARMACEUTICALS PLC,G50871105,14,1486,DFND,
JOHNSON CTLS INTL PLC,G51502105,4,422,DFND,
JOHNSON CTLS INTL PLC,G51502105,618,65274,DFND,
KINIKSA PHARMACEUTICALS INTL,G52694109,179,4953,DFND,
LINDE PLC,G54950103,2122,995600,DFND,
LINDE PLC,G54950103,152,71316,DFND,
LIVANOVA PLC,G5509L101,10,451,DFND,
MEDTRONIC PLC,G5960L103,349,30422,DFND,
MEDTRONIC PLC,G5960L103,271,23623,DFND,
MEDTRONIC PLC,G5960L103,1276,111252,DFND,
MURAL ONCOLOGY,G63365103,3,7,DFND,
NOBLE CORP PLC,G65431127,24,638,DFND,
NORWEGIAN CRUISE LINE HLDG L,G66721104,1108,22470,DFND,
NORWEGIAN CRUISE LINE HLDG L,G66721104,153,3103,DFND,
NOVOCURE LTD,G6674U108,20,356,DFND,
NU HLDGS LTD,G6683N103,35,481,DFND,
NVENT ELECTRIC PLC,G6700G107,45,3297,DFND,
PAYSAFE LIMITED SHS ADR,G6964L206,292,3685,DFND,
RENAISSANCERE HOLDINGS LTD ADR,G7496G103,10,2429,DFND,
RENAISSANCERE HOLDINGS LTD ADR,G7496G103,16,3887,DFND,
ROIVANT SCIENCES LTD,G76279101,45,508,DFND,
SEALSQ CORP,G79483106,50,202,DFND,
SEAGATE TECHNOLOGY HLDNGS PL,G7997R103,1000,144330,DFND,
SEAGATE TECHNOLOGY HLDNGS PL,G7997R103,18,2598,DFND,
SEADRILL LTD,G7997W102,10,263,DFND,
PENTAIR PLC,G7S00T104,10,1027,DFND,
SENSATA TECHNOLOGIES HLDG PL,G8060N102,53,1596,DFND,
SHARKNINJA INC,G8068L108,7,693,DFND,
SIGNET JEWELERS LIMITED,G81276100,10,796,DFND,
SMURFIT WESTROCK PLC,G8267P108,24,1036,DFND,
STERIS PLC,G8473T100,17,4084,DFND,
STONECO LTD,G85158106,110,1765,DFND,
TE CONNECTIVITY PLC,G87052109,31,5229,DFND,
TE CONNECTIVITY PLC,G87052109,27,4555,DFND,
TECHNIPFMC PLC,G87110105,21,724,DFND,
TRANE TECHNOLOGIES PLC,G8994E103,130,56863,DFND,
TRANE TECHNOLOGIES PLC,G8994E103,23,10060,DFND,
TRANE TECHNOLOGIES PLC,G8994E103,170,74360,DFND,
TRINSEO VTG ADR,G9059U107,13,41,DFND,
TRONOX HOLDINGS PLC,G9087Q102,35,178,DFND,
WHITE MOUNTAINS INSURANCE GROU,G9618E107,3,5387,DFND,
WILLIS TOWERS WATSON PLC LTD,G96629103,7,2146,DFND,
XP INC,G98239109,320,6464,DFND,
ALCON INC,H01301128,264,23360,DFND,
BUNGE GLOBAL SA,H11356104,82,6583,DFND,
CHUBB LTD ADR,H1467J104,42031,12177221,DFND,
CHUBB LTD ADR,H1467J104,14819,4293361,DFND,
CHUBB LTD ADR,H1467J104,549,159057,DFND,
GARMIN LTD/SH SH ADR,H2906T109,51,10645,DFND,
GARMIN LTD/SH SH ADR,H2906T109,531,110831,DFND,
UBS GROUP AG,H42097107,8,271,DFND,
UBS GROUP AG,H42097107,150,5073,DFND,
ON HLDG AG,H5919C104,2,104,DFND,
GLOBANT SA ADR,L44385109,69,6268,DFND,
SPOTIFY TECHNOLOGY S A,L8681T102,172,131982,DFND,
SPOTIFY TECHNOLOGY S A,L8681T102,32,24555,DFND,
CHECK POINT SOFTWARE TECHNOLOG,M22465104,50,11063,DFND,
WIX COM LTD,M98068105,23,3645,DFND,
ASML HOLDING N V,N07059210,16,12822,DFND,
ASML HOLDING N V,N07059210,50,40070,DFND,
ELASTIC N V,N14506104,5,422,DFND,
CNH INDL N V,N20944109,80,1037,DFND,
FERRARI N V,N3167Y103,14,6871,DFND,
LYONDELLBASELL INDUSTRIES N,N53745100,2162,125093,DFND,
LYONDELLBASELL INDUSTRIES N,N53745100,150,8679,DFND,
LYONDELLBASELL INDUSTRIES N,N53745100,104,6018,DFND,
NXP SEMICONDUCTORS ADR,N6596X109,4929,1076937,DFND,
NXP SEMICONDUCTORS ADR,N6596X109,26,5681,DFND,
QIAGEN NV,N72482206,74,3557,DFND,
COPA HOLDINGS SA,P31076105,10,1100,DFND,
ROYAL CARIBBEAN GROUP,V7780T103,173,54174,DFND,
FLEXTRONICS INT/ORDSHS ADR,Y2573F102,108,5391,DFND,
FLEXTRONICS INT/ORDSHS ADR,Y2573F102,17,849,DFND,
NAVIOS MARITIME PARTNERS LP CO,Y62267409,398,14997,DFND,
SCORPIO TANKERS INC,Y7542C130,5,196,DFND,
