Company,CUSIP,Shares,Value,Discretion
AAON INC,000360206,5,391,DFND
ADMA BIOLOGICS INC,000899104,950,18848,DFND
AFLAC INC,001055102,5247,583414,DFND
AFLAC INC,001055102,4810,534824,DFND
AFLAC INC,001055102,198,22016,DFND
AGCO CORP,001084102,10,926,DFND
A10 NETWORKS INC,002121101,34,556,DFND
ABBOTT LABS,002824100,20934,2776895,DFND
ABBOTT LABS,002824100,30926,4102334,DFND
ABBOTT LABS,002824100,2076,275346,DFND
ABERCROMBIE & FITCH CO,002896207,5,382,DFND
ABRDN SILVER ETF TRUST,003264108,1000,32510,DFND
ACADIA PHARMACEUTICALS INC,004225108,45,748,DFND
ACADIA RLTY TR,004239109,73,1530,DFND
ACI WORLDWIDE I/SH,004498101,58,3173,DFND
ADVANCED MICRO DEVICES INC,007903107,168,17260,DFND
ADVANCED MICRO DEVICES INC,007903107,70,7192,DFND
ADVANCED MICRO DEVICES INC,007903107,1298,133357,DFND
ADVANCED ENERGY INDUSTRIES INC,007973100,27,2573,DFND
AFFILIATED MANAGERS GROUP INC.,008252108,6,1008,DFND
AFFILIATED MANAGERS GROUP INC.,008252108,3,505,DFND
AIRBNB INC CL A,009066101,78,9318,DFND
AIRBNB INC CL A,009066101,63,7526,DFND
AIRBNB INC CL A,009066101,153,18278,DFND
AIR PRODS & CHEMS INC,009158106,752,221780,DFND
AIR PRODS & CHEMS INC,009158106,103,30377,DFND
ALASKA AIR GROUP INC,011659109,69,3397,DFND
ALBEMARLE CORP,012653101,47,3385,DFND
ALBERTSONS COS INC,013091103,96,2112,DFND
ALCOA CORP,013872106,44,1342,DFND
ALEXANDRIA REAL ESTATE EQ INC,015271109,14,1295,DFND
ALEXANDRIA REAL ESTATE EQ INC,015271109,104,9622,DFND
ALIGN TECHNOLOGY INC,016255101,29,4607,DFND
ALIGN TECHNOLOGY INC,016255101,36,5719,DFND
ALLETE INC,018522300,10,657,DFND
ALLIANT ENERGY CORP,018802108,28,1802,DFND
ALLSTATE CORP,020002101,1887,390741,DFND
ALLSTATE CORP,020002101,1647,341044,DFND
ALLSTATE CORP,020002101,155,32096,DFND
AMAZON COM INC,023135106,25957,4938579,DFND
AMAZON.COM INC,023135106,146214,27818676,DFND
AMAZON.COM INC,023135106,200,38052,OTR
AMAZON COM INC,023135106,15808,3007652,DFND
U HAUL HOLDING COMPANY,023586506,31,1835,DFND
AMEREN CORP,023608102,341,34237,DFND
AMENTUM HOLDINGS INC,023939101,20,364,DFND
AMERICAN CENTY ETF TR,025072604,9267,557596,DFND
AMERICAN CENTY ETF TR,025072703,38591,2557426,DFND
AMERICAN ELEC PWR INC,025537101,6626,724023,DFND
AMERICAN ELEC PWR INC,025537101,209,22838,DFND
AMERICAN EXPRESS CO,025816109,2404,646796,DFND
AMERICAN EXPRESS CO,025816109,11413,3070667,DFND
AMERICAN EXPRESS CO,025816109,573,154242,DFND
AMERICAN INTERNATIONAL GROUP,026874784,149,12954,DFND
AMERICAN INTERNATIONAL GROUP,026874784,435,37819,DFND
AMERICAN SUPERCONDUCTOR CORP,030111207,765,13878,DFND
AMERICAN WATER WORKS CO INC,030420103,3388,499798,DFND
AMERICAN WATER WORKS CO INC,030420103,157,23161,DFND
AMETEK INC NEW,031100100,26,4476,DFND
AMETEK INC NEW,031100100,111,19108,DFND
AMGEN INC,031162100,11654,3630804,DFND
AMGEN INC,031162100,11731,3654793,DFND
AMGEN INC,031162100,872,271672,DFND
AMKOR TECHNOLOGY INC,031652100,55,994,DFND
AMPHENOL CORP NEW,032095101,554,36337,DFND
AMPLIFY ETF TR,032108649,3300,39996,DFND
AMPLIFY DIGITAL PAYMENTS ETF,032108656,600,31926,DFND
ANALOG DEVICES INC,032654105,225,45376,DFND
ANALOG DEVICES INC,032654105,518,104536,DFND
ANNALY CAPITAL MANAGEMENT IN,035710839,50,1016,DFND
ELEVANCE HEALTH INC,036752103,28604,12441596,DFND
ELEVANCE HEALTH INC,036752103,8408,3657144,DFND
ELEVANCE HEALTH INC,036752103,128,55675,DFND
APPLE INC,037833100,388490,86295284,DFND
APPLE INC,037833100,460,102180,OTR
APPLE INC,037833100,55966,12431728,DFND
APPLE INC,037833100,62761,13941037,DFND
APPLE INC,037833100,3000,666390,DFND
APPLIED MATERIALS INC,038222105,1628,236255,DFND
APPLIED MATERIALS INC,038222105,1900,275728,DFND
APPLIED MATERIALS INC,038222105,425,61676,DFND
ARCHER DANIELS MIDLAND CO,039483102,56,2689,DFND
ARCHER DANIELS MIDLAND CO,039483102,128,6146,DFND
ARCOSA INC,039653100,2116,163186,DFND
ARISTA NETWORKS INC,040413205,4306,333629,DFND
ARISTA NETWORKS INC,040413205,470,36416,DFND
ASBURY AUTOMOTIVE GROUP INC,043436104,1,221,DFND
ASHLAND INC,044186104,10,593,DFND
ASTRAZENECA PLC SPONS ADR,046353108,61497,4520030,DFND
ASTRAZENECA PLC SPONS ADR,046353108,236,17346,OTR
ASTRAZENECA PLC SPONS ADR,046353108,693,50936,DFND
ASTRAZENECA PLC SPONS ADR,046353108,900,66150,DFND
ATLASSIAN CORPORATION,049468101,107,22707,DFND
ATMOS ENERGY CORPORATION,049560105,1380,213320,DFND
ATMOS ENERGY CORP,049560105,67,10357,DFND
AURORA INNOVATION INC,051774107,153,1029,DFND
AUTODESK INC,052769106,96,25133,DFND
AUTOLIV INC,052800109,14,1238,DFND
AUTOLIV INC,052800109,267,23637,DFND
AUTOMATIC DATA PROCESSING INC,053015103,12536,3830124,DFND
AUTOMATIC DATA PROCESSING INC,053015103,4402,1344943,DFND
AUTOMATIC DATA PROCESSING INC,053015103,667,203789,DFND
AVALONBAY CMNTYS INC,053484101,21,4508,DFND
AVERY DENNISON CORP,053611109,70,12458,DFND
AVERY DENNISON CORP,053611109,137,24382,DFND
AVIS BUDGET GROUP,053774105,60,4554,DFND
AXCELIS TECHNOLOGIES INC,054540208,24,1193,DFND
BP PLC SPONS ADR,055622104,93074,3144970,DFND
BP PLC SPONS ADR,055622104,750,25343,OTR
BP PLC SPONS ADR,055622104,2452,82853,DFND
BP PLC SPONS ADR,055622104,258,8718,DFND
BRT APARTMENTS CORP,055645303,1250,21250,DFND
BADGER METER INC,056525108,2,381,DFND
BAIDU INC,056752108,4,333,DFND
BALL CORP,058498106,149,7766,DFND
BANK AMERICA CORP COM,060505104,1834,76533,DFND
BANK OF AMERICA CORP,060505104,228371,9529922,DFND
BANK AMERICA CORP,060505104,2753,114883,DFND
BANK AMERICA CORP,060505682,10,12346,DFND
BANK HAWAII CORP,062540109,22,1518,DFND
BANK MONTREAL QUE COM,063671101,15,1433,DFND
BANK OF NEW YORK MELLON CORP,064058100,14548,1220141,DFND
BANK OF NEW YORK MELLON CORP,064058100,304,25497,DFND
BARRICK GOLD CORP,067901108,265279,5157024,DFND
BARRICK GOLD CORP,067901108,1750,34020,OTR
BARRICK GOLD CORP,067901108,88828,1726816,DFND
BASSETT FURNITURE INDUSTRIES I,070203104,10087,153827,DFND
BATH & BODY WORKS INC,070830104,33,1001,DFND
BAUSCH HEALTH COMPANIES INC,071734107,325,2103,DFND
BAXTER INTL INC,071813109,333,11399,DFND
BECTON DICKINSON & CO,075887109,3761,861495,DFND
BECTON DICKINSON & CO,075887109,103,23593,DFND
BECTON DICKINSON & CO,075887109,55,12599,DFND
BERKLEY W R CORP,084423102,122,8682,DFND
BERKSHIRE HATHAWAY INC-CL A,084670108,2,1596883,DFND
BERKSHIRE HATHAWAY INC DEL CL B NEW,084670702,18449,9825568,DFND
BERKSHIRE HATHAWAY INC DEL CL B NEW,084670702,97801,52086857,DFND
BERKSHIRE HATHAWAY INC DEL CL B NEW,084670702,195,103853,OTR
BERKSHIRE HATHAWAY INC DEL CL B NEW,084670702,6590,3509703,DFND
BEST BUY INC COM,086516101,1770,130290,DFND
BEST BUY INC COM,086516101,52,3828,DFND
BHP GROUP LTD SPONSORED ADS,088606108,20936,1016233,DFND
BHP GROUP LTD SPONSORED ADS,088606108,3593,174404,DFND
BILL HOLDINGS INC,090043100,20,918,DFND
BIO RAD LABS INC,090572207,9,2193,DFND
BLACK HILLS CORP,092113109,10,607,DFND
BLACKROCK ETF TRUST II,092528876,914,46030,DFND
BLOCK H & R INC,093671105,10,550,DFND
BOEING COMPANY,097023105,206,35133,DFND
BOEING COMPANY,097023105,4074,694821,DFND
BOEING COMPANY,097023105,639,108982,DFND
BOOZ ALLEN HAMILTON HOLDING CO,099502106,1370,143275,DFND
BOOZ ALLEN HAMILTON HOLDING CO,099502106,19,1988,DFND
BORGWARNER INC,099724106,84,2407,DFND
"BOSTON BEER CO., INC. CLASS A",100557107,6,1433,DFND
"BOSTON BEER CO., INC. CLASS A",100557107,2,478,DFND
BXP INC,101121101,141,9474,DFND
BOSTON SCIENTIFIC CORP,101137107,158906,16030437,DFND
BOSTON SCIENTIFIC CORP,101137107,217,21891,OTR
BOSTON SCIENTIFIC CORP,101137107,1366,137802,DFND
BOSTON SCIENTIFIC CORP,101137107,1328,133969,DFND
SRH TOTAL RETURN FUND,101507101,100000,1725000,DFND
BOYD GAMING CORP,103304101,20,1317,DFND
BRANDYWINE RLTY TR,105368203,503,2244,DFND
BRIGHT HORIZONS FAM SOL IN D,109194100,27,3431,DFND
BRISTOL MYERS SQUIBB CO,110122108,26193,1597511,DFND
BRISTOL-MYERS SQUIBB CO,110122108,676,41229,DFND
BRISTOL-MYERS SQUIBB CO,110122108,1735,105818,DFND
BROWN & BROWN INC,115236101,88,10947,DFND
BROWN & BROWN INC,115236101,166,20651,DFND
BROWN FORMAN CORP CL B,115637209,808,27424,DFND
BROWN FORMAN CORP CL B,115637209,522,17717,DFND
BRUKER CORP,116794108,116,4842,DFND
BRUNSWICK CORP,117043109,49,2639,DFND
BURLINGTON STORES INC,122017106,25,5958,DFND
BURLINGTON STORES INC,122017106,26,6197,DFND
BUTTERFLY NETWORK INC CL A,124155102,1123,2560,DFND
CF INDUSTRIES HOLDINGS INC,125269100,100,7815,DFND
CF INDS HLDGS INC,125269100,122,9535,DFND
CIGNA GROUP,125523100,137,45073,DFND
CIGNA GROUP,125523100,255,83895,DFND
CIGNA GROUP,125523100,155,50995,DFND
CMS ENERGY CORP,125896100,129,9690,DFND
CSX CORP COM,126408103,240,7063,DFND
CSX CORP COM,126408103,23778,699787,DFND
CSX CORP COM,126408103,2333,68661,DFND
CVS HEALTH CORP,126650100,46120,3124630,DFND
CVS HEALTH CORP,126650100,1182,80088,DFND
COTERRA ENERGY INC COM,127097103,602,17398,DFND
COTERRA ENERGY INC COM,127097103,213,6156,DFND
CACI INTL INC,127190304,1,367,DFND
"CADENCE DESIGN SYSTEMS, INC.",127387108,160,40693,DFND
CADENCE DESIGN SYSTEM INC,127387108,79,20093,DFND
CAL MAINE FOODS INC,128030202,8,728,DFND
CALAVO GROWERS INC,128246105,22,528,DFND
CALIFORNIA WTR SVC GROUP,130788102,2800,135688,DFND
TOPGOLF CALLAWAY BRANDS CORP,131193104,84,554,DFND
CAMDEN PPTY TR,133131102,30,3669,DFND
THE CAMPBELLS COMPANY,134429109,10,400,DFND
CANADIAN IMPERIAL BK COMM,136069101,11,619,DFND
CANADIAN IMPERIAL BK COMM,136069101,2000,112600,DFND
CANADIAN NATIONAL RAILWAY CO,136375102,700,68222,DFND
CANADIAN NATIONAL RAILWAY CO,136375102,452,44052,DFND
CANOPY GROWTH CORPORATION ADR,138035704,10,9,DFND
CARLISLE COS INC,142339100,18,6129,DFND
CARMAX INC,143130102,690,53765,DFND
CARMAX INC,143130102,100,7792,DFND
CARMAX INC,143130102,70,5455,DFND
CARNIVAL CORP ADR,143658300,5260,102728,DFND
CARNIVAL CORP ADR,143658300,185,3613,DFND
CARNIVAL CORP ADR,143658300,531,10371,DFND
CARPENTER TECHNOLOGY CORP,144285103,3,544,DFND
CARTERS INC CLASS B,146229109,17,695,DFND
CARVANA CO,146869102,64,13382,DFND
CASELLA WASTE SYS INC,147448104,5,558,DFND
CASEYS GEN STORES INC,147528103,1,435,DFND
CAVA GROUP INC,148929102,110,9505,DFND
CAVA GROUP INC,148929102,16,1383,DFND
CATERPILLAR INC,149123101,2114,697197,DFND
CATERPILLAR INC,149123101,788,259882,DFND
CATERPILLAR INC,149123101,995,328151,DFND
CAVCO INDS INC DEL,149568107,2,1040,DFND
CELANESE CORP DEL,150870103,222,12603,DFND
CEMEX SAB DE CV SPONSORED ADR,151290889,11856,66512,DFND
CERUS CORP,157085101,500,695,DFND
CEVA INC,157210105,3,68,DFND
CHARLES RIV LABS INTL INC,159864107,79,11892,DFND
CHEMOURS COMPANY,163851108,2499,33811,DFND
EXPAND ENERGY CORPORATION,165167735,28,3117,DFND
CHEVRON CORP NEW COM,166764100,18268,3056054,DFND
CHEVRON CORP NEW COM,166764100,75842,12687608,DFND
CHEVRON CORP NEW COM,166764100,500,83645,OTR
CHEVRON CORP NEW COM,166764100,2740,458375,DFND
CHIPOTLE MEXICAN GRILL INC,169656105,800,40168,DFND
CHIPOTLE MEXICAN GRILL INC,169656105,50,2511,DFND
CHIPOTLE MEXICAN GRILL INC,169656105,946,47499,DFND
CHOICE HOTELS INTL INC,169905106,5,664,DFND
CHURCH & DWIGHT CO INC,171340102,16651,1833109,DFND
CHURCH & DWIGHT CO INC,171340102,325,35779,DFND
CHURCH & DWIGHT CO INC,171340102,215,23670,DFND
CHURCHILL DOWNS INC,171484108,8,889,DFND
CIENA CORP,171779309,40,2418,DFND
CINCINNATI FINANCIAL CORP,172062101,2824,417161,DFND
CINCINNATI FINANCIAL CORP,172062101,39,5762,DFND
CIRRUS LOGIC INC,172755100,20,1994,DFND
CINTAS CORP,172908105,576,118385,DFND
CINTAS CORP,172908105,238,48917,DFND
CITIGROUP INC,172967424,1657,117631,DFND
CITIZENS FINANCIAL GROUP INC C,174610105,230,9423,DFND
CITIZENS FINANCIAL GROUP INC C,174610105,184,7539,DFND
CLEAN HARBORS INC,184496107,7,1380,DFND
CLEARWATER ANALYTICS HLDGS I,185123106,21,563,DFND
CLEVELAND-CLIFFS INC NEW,185899101,531,4365,DFND
CLOROX COMPANY,189054109,6,884,DFND
CLOROX COMPANY,189054109,25,3682,DFND
COCA COLA CO,191216100,180356,12917097,DFND
COCA COLA CO,191216100,647,46338,OTR
COCA COLA CO,191216100,69650,4988333,DFND
COCA COLA CO,191216100,4479,320786,DFND
CODEXIS INC,192005106,200,538,DFND
COGNEX CORP,192422103,58,1730,DFND
COGNEX CORP,192422103,15,448,DFND
COGNIZANT TECHNOLOGY SOLUTIO,192446102,213,16295,DFND
COHU INC,192576106,31,457,DFND
COLGATE PALMOLIVE CO,194162103,2949,276321,DFND
COLGATE PALMOLIVE CO,194162103,1841,172502,DFND
COLGATE PALMOLIVE CO,194162103,207,19396,DFND
COLUMBIA BKG SYS INC,197236102,10,250,DFND
COLUMBIA SPORTSWEAR CO,198516106,10,757,DFND
COLUMBUS MCKINNON CORP N Y,199333105,10,170,DFND
COMFORT SYS USA INC,199908104,3,967,DFND
COMERICA INC,200340107,266,15710,DFND
COMMERCE BANCSHARES INC,200525103,22,1370,DFND
COMMERCIAL METALS CO,201723103,12,553,DFND
COMMVAULT SYS INC,204166102,3,474,DFND
CONAGRA BRANDS INC,205887102,2023,53954,DFND
CONSOLIDATED EDISON INC,209115104,1000,110590,DFND
CONSOLIDATED EDISON INC,209115104,57,6304,DFND
COOPER COS INC,216648501,33,2784,DFND
COPART INC,217204106,787,44537,DFND
CORNING INC,219350105,63,2884,DFND
CORNING INC,219350105,114,5219,DFND
QUIDELORTHO CORP,219798105,15,525,DFND
CORPAY INC,219948106,20,6975,DFND
CORVEL CORP,221006109,5,560,DFND
COTY INC COM,222070203,1873,10245,DFND
COTY INC,222070203,535,2927,DFND
COUSINS PPTYS INC,222795502,98,2891,DFND
CRANE COMPANY,224408104,3,460,DFND
CREDIT ACCEP CORP MICH,225310101,1,517,DFND
CROCS INC,227046109,14,1487,DFND
ARTIVION INC,228903100,265,6514,DFND
CUBESMART,229663109,300,12813,DFND
CUBESMART,229663109,42,1794,DFND
CULLEN FROST BANKERS INC,229899109,37,4633,DFND
CUMMINS INC,231021106,1010,316574,DFND
CUMMINS INC,231021106,250,78360,DFND
CUMMINS INC,231021106,26,8150,DFND
CURTISS WRIGHT CORP,231561101,268,85028,DFND
CURTISS WRIGHT CORP,231561101,11,3490,DFND
DBX ETF TR XTRACK MSCI EAFE,233051200,502,21737,DFND
DBX ETF TR XTRACK MSCI EAFE,233051200,728,31523,DFND
DBX ETF TR XTRACKERS RUSSEL,233051481,478,25665,DFND
DBX ETF TR XTRACKERS FTSE,233051515,305,9182,DFND
DBX ETF TR XTRACK MSCI EAFE,233051630,1468,39842,DFND
DBX ETF TR XTRACK MSCI EURP,233051853,60,2650,DFND
DTE ENERGY CO,233331107,213,29452,DFND
DANA INC,235825205,48,640,DFND
DANAHER CORP,235851102,77930,15975650,DFND
DANAHER CORP,235851102,200,41000,OTR
DANAHER CORP,235851102,22678,4648990,DFND
DANAHER CORP,235851102,144,29520,DFND
DARDEN RESTAURANTS INC,237194105,173,35943,DFND
DAVE & BUSTER'S ENTERTAINMENT,238337109,25,439,DFND
DECKERS OUTDOOR CORP,243537107,21,2349,DFND
DEERE & CO COM,244199105,18,8448,DFND
DEERE & CO COM,244199105,2058,965922,DFND
DEERE & CO COM,244199105,141,66179,DFND
DELTA AIR LINES INC,247361702,5,218,DFND
DELTA AIR LINES INC,247361702,250,10900,DFND
DELTA AIR LINES INC,247361702,132,5756,DFND
DEXCOM INC,252131107,143,9765,DFND
DEXCOM INC,252131107,135,9220,DFND
"DICKS SPORTING GOODS, INC.",253393102,60,12094,DFND
"DICKS SPORTING GOODS, INC.",253393102,4,807,DFND
DIEBOLD NIXDORF INC,253651202,13,569,DFND
DIGI INTL INC,253798102,30,835,DFND
DIGITAL REALTY TR INC,253868103,20,2866,DFND
DIGITAL REALTY TR INC,253868103,57,8168,DFND
DILLARDS INC,254067101,9,3223,DFND
DILLARDS INC,254067101,1,359,DFND
DISNEY WALT CO COM,254687106,32724,3229859,DFND
DISNEY WALT CO COM,254687106,13950,1376865,DFND
DISNEY WALT CO COM,254687106,1746,172319,DFND
DISCOVER FINL SVCS,254709108,1233,210473,DFND
DISCOVER FINL SVCS,254709108,735,125464,DFND
DISCOVER FINL SVCS,254709108,119,20314,DFND
DOCUSIGN INC,256163106,295,24013,DFND
DOLLAR GENERAL CORP,256677105,4,352,DFND
DOLLAR GENERAL CORP,256677105,249,21895,DFND
DOLLAR TREE INC,256746108,1912,143534,DFND
DOLLAR TREE INC,256746108,111,8333,DFND
DONALDSON INC,257651109,28,1878,DFND
DORMAN PRODS INC,258278100,5,603,DFND
DOVER CORP,260003108,244,42866,DFND
DOW INC,260557103,8379,292595,DFND
DOW INC,260557103,225,7857,DFND
DOW INC,260557103,599,20918,DFND
DYNATRACE INC,268150109,49,2311,DFND
EASTGROUP PROPERTIES INC,277276101,115,20257,DFND
EASTGROUP PPTYS INC,277276101,3,529,DFND
EASTMAN CHEM CO,277432100,35,3084,DFND
EASTMAN CHEM CO,277432100,31,2732,DFND
EASTMAN KODAK CO,277461406,1000,6320,DFND
EBAY INC.,278642103,256,17339,DFND
ECOLAB INC COM,278865100,110,27887,DFND
ECOLAB INC COM,278865100,6639,1683119,DFND
ECOLAB INC COM,278865100,99,25099,DFND
EDISON INTL,281020107,120,7071,DFND
ELECTRONIC ARTS INC,285512109,2618,378353,DFND
EMERSON ELEC CO COM,291011104,29848,3272535,DFND
EMERSON ELEC CO COM,291011104,18533,2031958,DFND
EMERSON ELEC CO COM,291011104,721,79051,DFND
EMPIRE ST RLTY TR INC,292104106,47,368,DFND
ENERGY FUELS INC,292671708,115,429,DFND
ENTERPRISE PRODS PARTNERS L COM,293792107,1333,45509,DFND
ENTERPRISE PRODS PARTNERS L COM,293792107,1033,35253,DFND
EQUIFAX INC,294429105,54,13153,DFND
EQUITY COMWLTH,294628102,25,41,DFND
ERICSSON SPONS ADR,294821608,910,7062,DFND
ESSEX PPTY TR INC,297178105,6,1840,DFND
EVERUS CONSTR GROUP,300426103,2,75,DFND
EXPEDITORS INTL WASH INC,302130109,110,13228,DFND
FMC CORP,302491303,50,2110,DFND
F N B CORP,302520101,10,135,DFND
FACTSET RESH SYS INC,303075105,60,27279,DFND
FAIR ISAAC CORP COM,303250104,3,5532,DFND
FAIR ISAAC CORP,303250104,1,1845,DFND
FASTENAL CO,311900104,152,11788,DFND
FEDERAL AGRIC MTG CORP,313148306,50,9376,DFND
FEDERAL RLTY INVT TR NEW,313745101,5,490,DFND
F5 NETWORKS INC,315616102,31,8254,DFND
F5 INC,315616102,14,3728,DFND
FIDELITY MSCI INFORMATION TECH,316092808,62,9999,DFND
FIDELITY COVINGTON TRUST MSCI INFO TECH I,316092808,300,48381,DFND
FIFTH THIRD BANCORP COM,316773100,2000,78400,DFND
FIFTH THIRD BANCORP,316773100,862,33791,DFND
FIRST BANCORP ADR,318672706,299,5732,DFND
FIRST BANCORP ADR,318910106,12989,521378,DFND
FIRST HORIZON CORPORATION,320517105,215,4176,DFND
FIRST SOLAR INC,336433107,13,1644,DFND
FIRST TR NASDAQ 100 TECH IND,337345102,437,75846,DFND
FISERV INC,337738108,4319,953765,DFND
FISERV INC,337738108,22028,4864444,DFND
FISERV INC,337738108,498,109974,DFND
FIRSTENERGY CORP,337932107,162,6549,DFND
FIVE9 INC,338307101,145,3937,DFND
FLOOR & DECOR HLDGS INC,339750101,35,2817,DFND
FLUOR CORP NEW,343412102,5500,197010,DFND
FLUOR CORP NEW,343412102,15,538,DFND
FOOT LOCKER INC,344849104,44,620,DFND
FORD MOTOR CO DEL,345370860,30,301,DFND
FORD MOTOR CO DEL,345370860,4405,44182,DFND
FORD MTR CO,345370860,3900,39117,DFND
FORWARD AIR CORP,349853101,35,704,DFND
FRANKLIN COVEY CO,353469109,166,4585,DFND
FRANKLIN ELEC INC,353514102,5,470,DFND
FRANKLIN RESOURCES INC,354613101,168,3234,DFND
FULGENT GENETICS INC,359664109,350,5915,DFND
FULLER H B CO,359694106,5,281,DFND
GALLAGHER ARTHUR J & CO,363576109,112,38667,DFND
GAP INC,364760108,97,2000,DFND
GARTNER INC,366651107,16,6716,DFND
GARTNER INC,366651107,28,11753,DFND
GENERAC HOLDINGS INC,368736104,216,27356,DFND
GENERAC HLDGS INC,368736104,23,2913,DFND
GENERAL DYNAMICS CORP,369550108,1426,388699,DFND
GENERAL DYNAMICS CORP,369550108,324,88316,DFND
GENERAL DYNAMICS CORP,369550108,113,30802,DFND
GE AEROSPACE,369604301,909,181936,DFND
GE AEROSPACE,369604301,205,41030,DFND
GE AEROSPACE,369604301,761,152315,DFND
GENERAL MLS INC,370334104,1415,84603,DFND
GENERAL MLS INC,370334104,410,24514,DFND
GENERAL MLS INC,370334104,482,28819,DFND
GENTEX CORP,371901109,136,3169,DFND
GENUINE PARTS CO,372460105,2219,264372,DFND
GENUINE PARTS CO,372460105,1120,133437,DFND
GENUINE PARTS CO,372460105,192,22875,DFND
GERMAN AMERN BANCORP INC,373865104,744,27900,DFND
GIBRALTAR INDS INC,374689107,8,470,DFND
GILEAD SCIENCES INC,375558103,8235,922732,DFND
GILEAD SCIENCES INC COM,375558103,1022,114516,DFND
GILEAD SCIENCES INC,375558103,687,76979,DFND
GLOBUS MED INC,379577208,17,1245,DFND
GODADDY INC CL A,380237107,83,14952,DFND
GODADDY INC,380237107,52,9368,DFND
GOODYEAR TIRE & RUBR CO,382550101,85,786,DFND
GRACO INC,384109104,26,2172,DFND
GRAIL INC COM,384747101,12,306,DFND
GRAINGER W W INC,384802104,15,14818,DFND
GRANITE CONSTR INC,387328107,9,679,DFND
GRAPHIC PACKAGING HLDG CO,388689101,50,1298,DFND
GRAYSCALE BITCOIN TRUST ETF SHS REP COM UT,389637109,6458,420868,DFND
GRAYSCALE ETHEREUM TRUST ETF SHS,389638107,460,7001,DFND
GRAYSCALE BITCOIN MINI TR ET SHS NEW,389930207,1321,48203,DFND
GRAYSCALE BITCOIN MINI TR ET,389930207,69,2518,DFND
GROUP 1 AUTOMOTIVE INC,398905109,3,1146,DFND
GUESS INC,401617105,44,488,DFND
HF SINCLAIR CORP,403949100,267,8779,DFND
HSBC HOLDINGS P/S ADR,404280406,223,12807,DFND
HACKETT GROUP INC,404609109,19,556,DFND
HALLIBURTON CO,406216101,1049,26613,DFND
HALLIBURTON CO,406216101,364,9235,DFND
HAMILTON LANE INC,407497106,19,2825,DFND
HANESBRANDS INC,410345102,310,1789,DFND
HANOVER INS GROUP INC,410867105,8,1392,DFND
HARLEY DAVIDSON INC,412822108,25,632,DFND
HARROW INC,415858109,194,5161,DFND
HARTFORD INSURANCE GROUP INC,416515104,80,9899,DFND
HASBRO INC,418056107,80,4920,DFND
HEICO CORP NEW,422806109,2,535,DFND
HEICO CORP NEW,422806208,23,4853,DFND
JACK HENRY & ASSOCIATES INC,426281101,469,85639,DFND
HENRY JACK & ASSOC INC,426281101,1,183,DFND
THE HERSHEY COMPANY,427866108,4,684,DFND
HERSHEY CO,427866108,39,6671,DFND
HEXCEL CORP NEW,428291108,18,986,DFND
HIGHWOODS PPTYS INC,431284108,220,6521,DFND
HILLTOP HOLDINGS INC,432748101,1833,55815,DFND
HIMS & HERS HEALTH INC,433000106,41,1212,DFND
HOLOGIC INC,436440101,17,1051,DFND
HOME DEPOT INC,437076102,40752,14935200,DFND
HOME DEPOT INC,437076102,90,32984,OTR
HOME DEPOT INC,437076102,15293,5604732,DFND
HOME DEPOT INC,437076102,1797,658736,DFND
HONEYWELL INTERNATIONAL INC,438516106,7197,1523965,DFND
HONEYWELL INTERNATIONAL INC,438516106,121,25622,OTR
HONEYWELL INTERNATIONAL INC,438516106,15579,3298853,DFND
HONEYWELL INTL INC,438516106,522,110534,DFND
HORMEL FOODS CORP,440452100,16,496,DFND
HOULIHAN LOKEY INC,441593100,6,969,DFND
HOWMET AEROSPACE INC,443201108,127,16476,DFND
HUBBELL INC,443510607,16,5295,DFND
HUBSPOT INC,443573100,39,22281,DFND
HUMANA INC,444859102,41,10849,DFND
HUNT J B TRANS SVCS INC,445658107,14,2072,DFND
HUNTINGTON BANCSHARES INC COM,446150104,102,1531,DFND
HUNTINGTON BANCSHARES INC COM,446150104,967,14515,DFND
HUNTINGTON INGALLS INDS INC,446413106,30,6122,DFND
HUNTSMAN CORP,447011107,29,458,DFND
HYATT HOTELS CORP COM CL A,448579102,334,40915,DFND
HYATT HOTELS CORP COM CL A,448579102,28509,3492353,DFND
IRHYTHM TECHNOLOGIES INC,450056106,32,3350,DFND
IRHYTHM TECHNOLOGIES INC,450056106,14,1466,DFND
IDACORP INC,451107106,20,2325,DFND
ILLINOIS TOOL WORKS,452308109,3631,900524,DFND
ILLINOIS TOOL WORKS,452308109,403,99949,DFND
ILLUMINA INC,452327109,443,35148,DFND
ILLUMINA INC,452327109,77,6109,DFND
ILLUMINA INC,452327109,11,873,DFND
IMPINJ INC,453204109,600,54420,DFND
ING GROEP N.V.,456837103,971,19022,DFND
INGREDION INC COM,457187102,300,40563,DFND
INSMED INC,457669307,6,458,DFND
INSPIRE MEDICAL SYSTEMS INC,457730109,200,31856,DFND
INSPIRE MEDICAL SYSTEMS INC,457730109,3,478,DFND
INTEGRA LIFESCIENCES HLDGS C,457985208,80,1760,DFND
INTEL CORP,458140100,4296,97562,DFND
INTEL CORP,458140100,3680,83573,DFND
INTEL CORP,458140100,4054,92075,DFND
INTERNATIONAL BANCSHARES COR,459044103,8,505,DFND
INTERNATIONAL BUSINESS MACHS COM,459200101,4053,1007819,DFND
INTERNATIONAL BUSINESS MACHS COM,459200101,22863,5685114,DFND
INTERNATIONAL BUSINESS MACHS COM,459200101,2175,540956,DFND
INTERNATIONAL FLAVORS & FRAGRA,459506101,250,19403,DFND
INTERNATIONAL FLAVORS&FRAGRA,459506101,75,5821,DFND
INTERNATIONAL PAPER CO,460146103,5106,272405,DFND
INTERNATIONAL PAPER CO,460146103,1113,59379,DFND
INTERNATIONAL PAPER CO,460146103,110,5869,DFND
INTERPUBLIC GROUP COS INC,460690100,43,1168,DFND
INTUIT,461202103,72,44207,DFND
INTUIT,461202103,499,306381,DFND
INTUIT,461202103,96,58679,DFND
IONIS PHARMACEUTICALS INC,462222100,37,1116,DFND
IONIS PHARMACEUTICALS INC,462222100,82,2474,DFND
ISHARES GOLD TR ISHARES NEW,464285204,106,6250,DFND
ISHARES GOLD TR ISHARES NEW,464285204,1987,117154,DFND
ISHARES GOLD TR ISHARES NEW,464285204,466,27476,DFND
ISHARES INC MSCI CDA ETF,464286509,28,1141,DFND
ISHARES INC MSCI EMERG MRKT,464286533,438,25553,DFND
ISHARES CORE S&P TOTAL U.S. ETF,464287150,751,91630,DFND
ISHARES CORE S&P TOTAL U.S. ETF,464287150,11624,1418245,DFND
ISHARES DJ SELECT DIVIDEND ETF ETF,464287168,3144,422208,DFND
ISHARES DJ SELECT DIVIDEND ETF ETF,464287168,465,62445,DFND
ISHARES DJ SELECT DIVIDEND ETF ETF,464287168,953,127979,DFND
ISHARES BARCLAYS TIPS BOND ETF ETF,464287176,129,14331,DFND
ISHARES BARCLAYS TIPS BOND ETF ETF,464287176,14384,1597919,DFND
ISHARES BARCLAYS TIPS BOND ETF ETF,464287176,387,43021,DFND
ISHARES CORE S&P 500 ETF ETF,464287200,59090,33202671,DFND
ISHARES CORE S&P 500 ETF ETF,464287200,833,468063,DFND
ISHARES CORE S&P 500 ETF ETF,464287200,1756,986448,DFND
ISHARES CORE U.S. AGGREGATE ET ETF,464287226,16048,1587468,DFND
ISHARES CORE U.S. AGGREGATE ET ETF,464287226,725,71717,DFND
ISHARES CORE U.S. AGGREGATE ET ETF,464287226,6758,668502,DFND
ISHARES TR MSCI EMG MKT ETF,464287234,3266,142710,DFND
ISHARES S&P 500 GROWTH ETF ETF,464287309,875,81226,DFND
ISHARES S&P 500 GROWTH ETF ETF,464287309,1329,123392,DFND
ISHARES TR GLOBAL ENERG ETF,464287341,1168,49138,DFND
ISHARES TR S&P 500 VAL ETF,464287408,8598,1638607,DFND
ISHARES TR 7-10 YR TRSY BD,464287440,3025,288494,DFND
ISHARES BARCLAYS 1-3 YEAR TR E,464287457,360082,29789584,DFND
ISHARES BARCLAYS 1-3 YEAR TR E,464287457,12750,1054808,DFND
ISHARES MSCI EAFE ETF,464287465,18088,1478332,DFND
ISHARES MSCI EAFE ETF,464287465,20633,1686324,DFND
ISHARES RUSSELL MIDCAP VALUE E,464287473,1377,173461,DFND
ISHARES RUSSELL MIDCAP VALUE E,464287473,291,36657,OTR
ISHARES RUSSELL MIDCAP VALUE E,464287473,221,27840,DFND
ISHARES RUSSELL MIDCAP GRWTH E,464287481,5237,615295,DFND
ISHARES RUSSELL MIDCAP GRWTH E,464287481,1233,144866,DFND
ISHARES RUSSELL MIDCAP ETF,464287499,30513,2595741,DFND
ISHARES RUSSELL MIDCAP ETF,464287499,1627,138409,DFND
ISHARES CORE S&P MID-CAP ETF,464287507,19693,1149087,DFND
ISHARES CORE S&P MID-CAP ETF,464287507,2581,150601,OTR
ISHARES CORE S&P MID-CAP ETF,464287507,9835,573873,DFND
ISHARES CORE S&P MID-CAP ETF,464287507,29986,1749679,DFND
ISHARES TR EXPANDED TECH,464287515,655,58289,DFND
ISHARES BIOTECHNOLOGY ETF,464287556,82,10488,DFND
ISHARES BIOTECHNOLOGY ETF,464287556,221,28266,DFND
ISHARES TR US CONSUM DISCRE,464287580,320,28264,DFND
ISHARES RUSSELL 1000 VALUE ETF,464287598,7469,1405367,DFND
ISHARES RUSSELL 1000 VALUE ETF,464287598,1956,368041,OTR
ISHARES RUSSELL 1000 VALUE ETF,464287598,4028,757921,DFND
ISHARES S&P MIDCAP 400/GRWTH E,464287606,6711,558892,DFND
ISHARES S&P MIDCAP 400/GRWTH E,464287606,7911,658829,DFND
ISHARES RUSSELL 1000 GROWTH ET,464287614,5270,1902944,DFND
ISHARES RUSSELL 1000 GROWTH ET,464287614,1590,574133,OTR
ISHARES RUSSELL 1000 GROWTH ET,464287614,250,90273,DFND
ISHARES RUSSELL 1000 GROWTH ET,464287614,2465,890078,DFND
ISHARES RUSSELL 1000 ETF,464287622,1209,370849,DFND
ISHARES RUSSELL 1000 ETF,464287622,2708,830690,DFND
ISHARES RUSSELL 2000 VALUE ETF,464287630,642,96929,DFND
ISHARES RUSSELL 2000 VALUE ETF,464287630,151,22798,DFND
ISHARES RUSSELL 2000 GROWTH ET,464287648,195,49828,DFND
ISHARES RUSSELL 2000 GROWTH ET,464287648,74,18910,DFND
ISHARES RUSSELL 2000 ETF,464287655,1705,340130,DFND
ISHARES RUSSELL 2000 ETF,464287655,877,174953,DFND
ISHARES RUSSELL 2000 ETF,464287655,1036,206696,DFND
ISHARES TR CORE S&P US VLU,464287663,77,7106,DFND
ISHARES TR CORE S&P US VLU,464287663,888,81954,DFND
ISHARES TR CORE S&P US GROWTH,464287671,628,79806,DFND
ISHARES TR CORE S&P US GROWTH,464287671,144,18300,DFND
ISHARES TR RUSSELL 3000 ETF,464287689,1717,545388,DFND
ISHARES TR RUSSELL 3000 ETF,464287689,4868,1546252,DFND
ISHARES TR U.S. UTILITS ETF,464287697,150,15213,DFND
ISHARES S&P MIDCAP 400/VALUE E,464287705,3285,393313,DFND
ISHARES S&P MIDCAP 400/VALUE E,464287705,4121,493408,DFND
ISHARES TR U.S. TECH ETF,464287721,260,36514,DFND
ISHARES TR US INDUSTRIALS,464287754,160,20829,DFND
ISHARES TR US HLTHCARE ETF,464287762,115,7002,DFND
ISHARES TR U.S. ENERGY ETF,464287796,115,5670,DFND
ISHARES CORE S&P SMALL-CAP ETF,464287804,104127,10888560,DFND
ISHARES CORE S&P SMALL-CAP ETF,464287804,1635,170972,DFND
ISHARES CORE S&P SMALL-CAP ETF,464287804,71741,7501995,DFND
ISHARES TR US CONSM STAPLES,464287812,450,32206,DFND
ISHARES TR U.S. BAS MTL ETF,464287838,30,4044,DFND
ISHARES TR DOW JONES US ETF,464287846,223,30363,DFND
ISHARES S&P SMALLCAP 600/VAL E,464287879,3562,347224,DFND
ISHARES S&P SMALLCAP 600/VAL E,464287879,125,12185,OTR
ISHARES S&P SMALLCAP/600 GROWT,464287887,1325,164963,DFND
ISHARES S&P SMALLCAP/600 GROWT,464287887,1024,127488,DFND
ISHARES TR SHRT NAT MUN ETF,464288158,405,42768,DFND
ISHARES TR SHRT NAT MUN ETF,464288158,3338,352493,DFND
ISHARES GLOBAL TIMBER & FOREST,464288174,275,20743,DFND
ISHARES TR EAFE SML CP,464288273,81,5146,DFND
ISHARES TR NATIONAL MUNI,464288414,2315,244094,DFND
ISHARES TR ESG MSCI KLD 400,464288570,623,63802,DFND
ISHARES TR ISHS 1-5YR INVS,464288646,91071,4769388,DFND
ISHARES TR 10-20 YR TRS ETF,464288653,550,57063,DFND
ISHARES TR 3 7 YR TREAS BD,464288661,2175,256944,DFND
ISHARES TR SHORT TREAS BD,464288679,42,4639,DFND
ISHARES TR SHORT TREAS BD,464288679,9680,1069253,DFND
ISHARES PREFERRED & INCOME SEC,464288687,18106,556397,DFND
ISHARES PREFERRED & INCOME SEC,464288687,75697,2326169,DFND
ISHARES TR US AER DEF,464288760,100,15310,DFND
ISHARES TR MSCI USA ESG SLC,464288802,162,18609,DFND
ISHARES MSCI EAFE VALUE ETF,464288877,13191,777478,DFND
ISHARES MSCI EAFE VALUE ETF,464288877,386,22751,OTR
ISHARES MSCI EAFE VALUE ETF,464288877,429,25286,DFND
ISHARES TR EAFE GROWTH ETF,464288885,383,38300,DFND
ISHARES TR EAFE GROWTH ETF,464288885,180,18000,DFND
ISHARES TR MSCI EURO FL,464289180,1513,43106,DFND
ISHARES RUSSELL TOP 200 VALUE,464289420,1898,155978,DFND
ISHARES RUSSELL TOP 200 GROWTH,464289438,801,168963,DFND
ISHARES TR INDIA 50,464289529,1173,59554,DFND
ISHARES TR CORE 60/40 BALAN,464289867,390,22452,DFND
ISHARES TR CORE 60/40 BALAN,464289867,13017,749389,DFND
ISHARES TR CORE 40/60 MOD,464289875,2362,103645,DFND
JABIL INC,466313103,46,6260,DFND
JOHNSON & JOHNSON,478160104,35553,5896110,DFND
JOHNSON & JOHNSON,478160104,5961,988572,DFND
JOHNSON & JOHNSON,478160104,4144,687191,DFND
KLA CORP COM NEW,482480100,23,15635,DFND
KLA CORP COM NEW,482480100,21,14276,DFND
KLA CORP COM NEW,482480100,150,101970,DFND
KELLANOVA,487836108,104,8579,DFND
KENNEDY-WILSON HOLDINGS INC,489398107,70,608,DFND
KEYCORP,493267108,1227,19620,DFND
KIMBERLY-CLARK CORP,494368103,130,18489,DFND
KIMBERLY-CLARK CORP,494368103,341,48497,DFND
KIMBERLY-CLARK CORP,494368103,93,13227,DFND
KIRBY CORP,497266106,12,1213,DFND
KOHLS CORP,500255104,15,123,DFND
KRAFT HEINZ CO,500754106,737,22427,DFND
KRAFT HEINZ CO,500754106,290,8825,DFND
KRAFT HEINZ CO,500754106,140,4261,DFND
KROGER CO,501044101,747,50565,DFND
LKQ CORP,501889208,125,5318,DFND
L3 HARRIS TECHNOLOGIES INC,502431109,44163,9243758,DFND
L3 HARRIS TECHNOLOGIES INC,502431109,120,25117,OTR
L3 HARRIS TECHNOLOGIES INC,502431109,16172,3384961,DFND
L3HARRIS TECHNOLOGIES INC,502431109,40,8373,DFND
LABCORP HOLDINGS INC.,504922105,125,29093,DFND
LABCORP HOLDINGS INC,504922105,15,3492,DFND
LAM RESEARCH CORPORATION COM U,512807306,290,21083,DFND
LAM RESEARCH CORPORATION COM U,512807306,1327,96473,DFND
LAMAR ADVERTISING CO NEW,512816109,4,456,DFND
LAMB WESTON HLDGS INC,513272104,214,11407,DFND
LANDSTAR SYS INC COM,515098101,240,36048,DFND
LANTHEUS HLDGS INC,516544103,132,12884,DFND
LAS VEGAS SANDS CORP,517834107,126,4868,DFND
LATTICE SEMICONDUCTOR CORP,518415104,115,6032,DFND
LAUDER ESTEE COS INC,518439104,134,8844,DFND
LAUREATE EDUCATION INC,518613203,67,1371,DFND
LEAR CORP,521865204,39,3441,DFND
LEGGETT & PLATT INC,524660107,25,198,DFND
LEIDOS HOLDINGS INC,525327102,715,96483,DFND
LEMAITRE VASCULAR INC,525558201,130,10907,DFND
LENNAR CORP,526057104,1054,120979,DFND
LENNAR CORP,526057302,25,2727,DFND
LENNOX INTL INC,526107107,1,561,DFND
LIBERTY BROADBAND CORP,530307305,289,24580,DFND
LIBERTY MEDIA CORP DEL,531229722,20,1363,DFND
LIBERTY MEDIA CORP DEL,531229755,6,541,DFND
LIBERTY MEDIA CORP DEL,531229771,30,2406,DFND
ELI LILLY & CO COM,532457108,1207,996898,DFND
ELI LILLY & CO COM,532457108,8849,7308478,DFND
ELI LILLY & CO COM,532457108,1265,1044821,DFND
LINCOLN ELEC HLDGS INC,533900106,6,1135,DFND
LINCOLN NATL CORP IND,534187109,385,13826,DFND
LITHIA MTRS INC,536797103,2,588,DFND
LITTELFUSE INC,537008104,2,394,DFND
LIVE NATION ENTERTAINMENT IN,538034109,89,11622,DFND
LOCKHEED MARTIN CORP,539830109,3769,1683650,DFND
LOCKHEED MARTIN CORP,539830109,30,13401,DFND
LOCKHEED MARTIN CORP,539830109,986,440457,DFND
LOEWS CORP,540424108,52,4780,DFND
LOUISIANA PAC CORP,546347105,17,1564,DFND
LOWES COS INC,548661107,21073,4914856,DFND
LOWES COS INC,548661107,544,126878,DFND
LOWES COS INC,548661107,550,128277,DFND
LUCID GROUP INC,549498103,1440,3485,DFND
LULULEMON ATHLETICA INC,550021109,171,48404,DFND
MDU RES GROUP INC,552690109,20,339,DFND
MGIC INVT CORP WIS,552848103,10,248,DFND
MGM RESORTS INTERNATIONAL,552953101,255,7559,DFND
MP MATERIALS CORP,553368101,130,3174,DFND
MV OIL TR TR UNITS,553859109,3939,21269,DFND
MACERICH CO,554382101,1,18,DFND
MADRIGAL PHARMACEUTICALS INC,558868105,4,1325,DFND
MAGNOLIA OIL & GAS CORP,559663109,10,253,DFND
"MANHATTAN ASSOCIATES, INC.",562750109,21,3634,DFND
MANHATTAN ASSOCIATES INC,562750109,19,3288,DFND
MAPLEBEAR INC,565394103,15,599,DFND
MARA HOLDINGS INC,565788106,15,173,DFND
MARKEL GROUP INC COM,570535104,77,143960,DFND
MARKEL GROUP INC COM,570535104,2,3740,DFND
MARSH & MCCLENNAN,571748102,221,53931,DFND
MARSH & MCCLENNAN,571748102,338,82483,DFND
MARRIOTT INTERNATIONAL INC,571903202,12,2858,DFND
MARRIOTT INTERNATIONAL INC,571903202,53,12625,DFND
MARTIN MARIETTA MATERIALS INC,573284106,45,21516,DFND
MARTIN MARIETTA MATERIALS INC,573284106,29,13866,DFND
MARVELL TECHNOLOGY INC COM,573874104,200,12314,DFND
MARVELL TECHNOLOGY INC COM,573874104,50,3079,DFND
MARVELL TECHNOLOGY INC COM,573874104,1579,97220,DFND
MASCO CORP,574599106,121,8415,DFND
MASIMO CORP,574795100,70,11662,DFND
MASIMO CORP,574795100,10,1666,DFND
MASTEC INC,576323109,119,13889,DFND
MATADOR RES CO,576485205,20,1022,DFND
MATTEL INC,577081102,45,875,DFND
MCCORMICK & CO INC,579780206,66,5433,DFND
MCDONALDS CORP,580135101,13277,4147336,DFND
MCDONALDS CORP,580135101,450,140567,DFND
MCDONALDS CORP,580135101,859,268469,DFND
MERCURY SYS INC,589378108,10,431,DFND
MERIT MED SYS INC,589889104,16,1692,DFND
METTLER TOLEDO INTERNATIONAL,592688105,6,7086,DFND
MICROSOFT CORP,594918104,232658,87337487,DFND
MICROSOFT CORP,594918104,342,128383,OTR
MICROSOFT CORP,594918104,26082,9790922,DFND
MICROSOFT CORP,594918104,15061,5653843,DFND
MICROSTRATEGY INC,594972408,123,35458,DFND
MICROCHIP TECHNOLOGY INC.,595017104,1024,49560,DFND
MICRON TECHNOLOGY INC,595112103,24514,2130021,DFND
MICRON TECHNOLOGY INC,595112103,150,13034,DFND
MICRON TECHNOLOGY INC,595112103,430,37363,DFND
MIDDLEBY CORP/SH,596278101,17,2584,DFND
MIDDLEBY CORP,596278101,1,152,DFND
MILLROSE PPTYS INC,601137102,517,13706,DFND
MIRUM PHARMACEUTICALS INC,604749101,48,2163,DFND
MITSUBISHI UFJ FINL GROUP IN,606822104,750,10223,DFND
MODINE MFG CO,607828100,40,3070,DFND
"MOHAWK INDUSTRIES, INC.",608190104,43,4910,DFND
MOHAWK INDS INC,608190104,49,5595,DFND
MONDELEZ INTERNATIONAL INC,609207105,102627,6963242,DFND
MONDELEZ INTERNATIONAL INC,609207105,40462,2745347,DFND
MONDELEZ INTERNATIONAL INC,609207105,769,52177,DFND
MONOLITHIC PWR SYS INC,609839105,57,33059,DFND
MOODYS CORP,615369105,322,149952,DFND
MOODYS CORP,615369105,120,55883,DFND
MORGAN STANLEY,617446448,18714,2183362,DFND
MORGAN STANLEY,617446448,7890,920526,DFND
MORGAN STANLEY,617446448,3307,385828,DFND
MORNINGSTAR INC,617700109,3,900,DFND
MOTOROLA SOLUTIONS INC COM NEW,620076307,350,153234,DFND
MOTOROLA SOLUTIONS INC COM NEW,620076307,13060,5717799,DFND
MOTOROLA SOLUTIONS INC COM NEW,620076307,74,32398,DFND
MUELLER INDS INC,624756102,7,533,DFND
MURPHY OIL CORP,626717102,27,767,DFND
MURPHY USA INC COM,626755102,585,274839,DFND
MURPHY USA INC COM,626755102,4,1880,DFND
NRG ENERGY INC,629377508,205,19570,DFND
NASDAQ INC,631103108,1500,113790,DFND
NASDAQ INC,631103108,304,23062,DFND
NATERA INC,632307104,9,1273,DFND
NATIONAL FUEL GAS CO,636180101,8,634,DFND
NATIONAL GRID PLC SPONS ADR,636274409,295,19355,DFND
NATIONAL RESH CORP,637372202,35,448,DFND
NNN REIT INC,637417106,23,981,DFND
ATLAS ENERGY SOLUTIONS INC,642045108,101,1810,DFND
NEW FORTRESS ENERGY INC,644393100,548,4554,DFND
NEW JERSEY RES CORP,646025106,5,246,DFND
NY TIMES CO/SH CL A,650111107,105,5208,DFND
NEW YORK TIMES CO,650111107,20,992,DFND
NEWELL BRANDS INC,651229106,35,217,DFND
NEWMARKET CORP,651587107,4,2266,DFND
NEWMONT CORP,651639106,1928,93084,DFND
NICE LTD,653656108,1,115,DFND
NIKE INC CL B,654106103,27739,1760872,DFND
NIKE INC CL B,654106103,15038,954612,DFND
NIKE INC CL B,654106103,937,59488,DFND
NORDSON CORP,655663102,22,4438,DFND
NORDSON CORP,655663102,2,404,DFND
NORDSON CORP,655664100,35,856,DFND
NORDSTROM INC,655664100,99,2421,DFND
NORFOLK SOUTHERN CORP,655844108,2096,496438,DFND
NORFOLK SOUTHERN CORP,655844108,108,25580,DFND
NORFOLK SOUTHN CORP,655844108,58,13738,DFND
NORTHERN TR CORP,665859104,157,15489,DFND
NORTHROP GRUMMAN CORP,666807102,85,43521,DFND
NORTHROP GRUMMAN CORP,666807102,48,24577,DFND
GEN DIGITAL INC,668771108,120,3185,DFND
NOVO NORDISK AS SPONS ADR,670100205,11910,827030,DFND
NOVO NORDISK AS SPONS ADR,670100205,300,20832,OTR
NOVO NORDISK AS SPONS ADR,670100205,36866,2559975,DFND
NOVO NORDISK AS SPONS ADR,670100205,910,63191,DFND
NUCOR CORP,670346105,696,83757,DFND
NUCOR CORP,670346105,5212,627212,DFND
NUCOR CORP,670346105,94,11312,DFND
NUVALENT INC,670703107,7,497,DFND
OGE ENERGY CORP,670837103,60,2758,DFND
CHORD ENERGY CORPORATION,674215207,10,1128,DFND
OCCIDENTAL PETE CORP,674599105,111,5479,DFND
OCCIDENTAL PETE CORP,674599105,46,2271,DFND
OCCIDENTAL PETROLEUM - WTS 8/0,674599162,85,2352,DFND
"OCEANEERING INTERNATIONAL, INC",675232102,1000,21810,DFND
OKTA INC CL A,679295105,48,5051,DFND
OKTA INC CL A,679295105,122,12837,DFND
OLD DOMINION FREIGHT LINE INC,679580100,76,12574,DFND
OLD DOMINION FREIGHT LINE INC,679580100,63,10424,DFND
OLD NATL BANCORP IND,680033107,309,6548,DFND
OLIN CORP,680665205,269,6521,DFND
OLIN CORP,680665205,60,1455,DFND
OLLIES BARGAIN OUTLET HLDGS,681116109,5,582,DFND
OMNICOM GROUP INC,681919106,86,7131,DFND
OMEGA FLEX INC,682095104,13,453,DFND
ON SEMICONDUCTOR CORP,682189105,144,5860,DFND
ONEOK INC,682680103,150,14883,DFND
ONEOK INC,682680103,733,72728,DFND
ONEOK INC,682680103,279,27683,DFND
ONTO INNOVATION INC,683344105,18,2185,DFND
ORMAT TECHNOLOGIES INC,686688102,7,496,DFND
OSHKOSH CORP,688239201,20,1882,DFND
OTTER TAIL CORP,689648103,17,1367,DFND
OWENS CORNING,690742101,18,2571,DFND
OWENS CORNING,690742101,9,1285,DFND
OWENS CORNING,690742101,12,1714,DFND
PNC FINANCIAL SERVICES GROUP,693475105,2062,362438,DFND
PNC FINL SVCS GROUP INC,693475105,119,20917,DFND
PPG INDUSTRIES INC,693506107,5320,581742,DFND
PPG INDUSTRIES INC,693506107,63,6890,DFND
PVH CORPORATION,693656100,74,4783,DFND
PVH CORPORATION,693656100,14,905,DFND
PACCAR INC,693718108,38,3700,DFND
PACCAR INC,693718108,182,17722,DFND
PACKAGING CORP OF AMERICA,695156109,210,41584,DFND
PACKAGING CORP OF AMERICA,695156109,11,2179,DFND
PALO ALTO NETWORKS INC,697435105,1788,305104,DFND
PALO ALTO NETWORKS INC,697435105,1034,176370,DFND
REPOSITRAK INC,700215304,619,12548,DFND
PARK NATIONAL CORP COM,700658107,1996,302194,DFND
PARKER HANNIFIN CORP COM,701094104,31968,19431749,DFND
PARKER-HANNIFIN CORP COM,701094104,727,441907,DFND
PARKER-HANNIFIN CORP COM,701094104,58,35256,DFND
PATTERSON COS INC,703395103,48,1500,DFND
PATTERSON-UTI ENERGY INC,703481101,71,584,DFND
PAYCHEX INC,704326107,7869,1214029,DFND
PAYCHEX INC,704326107,131,20211,DFND
PAYCHEX INC,704326107,1236,190758,DFND
PEGASYSTEMS INC,705573103,20,1391,DFND
PENN ENTERTAINMENT INC COM,707569109,15,245,DFND
PENN ENTERTAINMENT INC COM,707569109,29,473,DFND
PEPSICO INC,713448108,32736,4908436,DFND
PEPSICO INC,713448108,3881,581917,DFND
PEPSICO INC,713448108,33387,5006088,DFND
REVVITY INC,714046109,68,7195,DFND
PFIZER INC,717081103,15023,380683,DFND
PFIZER INC,717081103,2080,52708,DFND
PFIZER INC,717081103,1475,37377,DFND
PHILIP MORRIS INTERNATIONAL,718172109,15006,2381902,DFND
PHILIP MORRIS INTERNATIONAL,718172109,2323,368730,DFND
PHILIP MORRIS INTL INC,718172109,748,118731,DFND
PHILLIPS 66,718546104,11326,1398534,DFND
PHILLIPS 66,718546104,4041,498983,DFND
PHILLIPS 66,718546104,261,32229,DFND
PIEDMONT OFFICE REALTY TR IN,720190206,52,384,DFND
PINNACLE WEST CAP CORP,723484101,7,667,DFND
PIPER SANDLER COMPANIES COM,724078100,515,127545,DFND
POLARIS INC,731068102,81,3317,DFND
POST HLDGS INC,737446104,9,1048,DFND
POWER INTEGRATIONS INC.,739276103,46,2323,DFND
PRIMO BRANDS CORPORATION,741623102,84,2982,DFND
PROCTER & GAMBLE COMPANY,742718109,59200,10088864,DFND
PROCTER & GAMBLE COMPANY,742718109,208,35447,OTR
PROCTER & GAMBLE COMPANY,742718109,17133,2919806,DFND
PROCTER & GAMBLE COMPANY,742718109,2838,483733,DFND
PROGRESSIVE CORP OHIO COM,743315103,10125,2865476,DFND
PROGRESSIVE CORP,743315103,188,53206,DFND
PROTO LABS INC/SH,743713109,19,666,DFND
PRUDENTIAL FINL INC,744320102,203,22671,DFND
PRUDENTIAL FINL INC,744320102,472,52713,DFND
PRUDENTIAL FINL INC,744320102,650,72592,DFND
PUBLIC SVC ENTERPRISE GRP IN,744573106,1439,118430,DFND
PULTE GROUP INC,745867101,93,9561,DFND
QUALCOMM INC,747525103,3054,469125,DFND
QUALCOMM INC,747525103,1535,235791,DFND
QUALCOMM INC,747525103,758,116437,DFND
QUANEX BLDG PRODS CORP,747619104,10,186,DFND
REV GROUP INC,749527107,43,1359,DFND
RPM INTL INC,749685103,13,1504,DFND
RAMBUS INC DEL,750917106,31,1606,DFND
RALPH LAUREN CORP,751212101,10,2208,DFND
RAPID7 INC,753422104,41,1087,DFND
RAYMOND JAMES FINL INC,754730109,104,14447,DFND
RAYONIER INC,754907103,40,1116,DFND
REALTY INCOME CORP REIT,756109104,310,17983,DFND
REALTY INCOME CORP REIT,756109104,262,15199,DFND
REGAL REXNORD CORPORATION,758750103,4,456,DFND
REGENCY CTRS CORP,758849103,42,3098,DFND
REINSURANCE GROUP OF AMERICA I,759351604,43,8467,DFND
REINSURANCE GROUP OF AMERICA I,759351604,200,39380,DFND
RELIANCE INC,759509102,1,289,DFND
KORU MEDICAL SYSTEMS INC,759910102,3000,7620,DFND
REPLIGEN CORP,759916109,14,1782,DFND
REPUBLIC SERVICES INC,760759100,7101,1719578,DFND
REPUBLIC SERVICES INC,760759100,18678,4523065,DFND
REPUBLIC SERVICES INC,760759100,220,53276,DFND
RESMED INC,761152107,84,18804,DFND
RIO TINTO PLC SPONSORED ADR,767204100,500,30040,DFND
RIO TINTO PLC SPONSORED ADR,767204100,5,301,DFND
ROBERT HALF INC.,770323103,16,873,DFND
ROBINHOOD MKTS INC,770700102,60,2497,DFND
ROBINHOOD MKTS INC,770700102,225,9365,DFND
ROBLOX CORP,771049103,131,7636,DFND
ROCKET LAB USA INC,773122106,53,948,DFND
ROCKWELL AUTOMATION INC COM,773903109,8478,2190546,DFND
ROCKWELL AUTOMATION INC COM,773903109,39323,10160277,DFND
ROCKWELL AUTOMATION INC COM,773903109,30,7752,DFND
ROGERS CORP,775133101,7,473,DFND
ROLLINS INC,775711104,55,2972,DFND
ROPER TECHNOLOGIES INC,776696106,28898,17037683,DFND
ROPER TECHNOLOGIES INC,776696106,50,29479,OTR
ROPER TECHNOLOGIES INC,776696106,7721,4552148,DFND
ROPER TECHNOLOGIES INC,776696106,46,27121,DFND
ROSS STORES INC COM,778296103,210,26836,DFND
ROSS STORES INC COM,778296103,9427,1204676,DFND
ROSS STORES INC,778296103,195,24920,DFND
ROYAL BANK OF CANADA ADR,780087102,47,5298,DFND
SHELL PLC SPON ADR,780259305,81459,5969316,DFND
SHELL PLC SPON ADR,780259305,476,34881,OTR
SHELL PLC SPON ADR,780259305,1147,84052,DFND
SHELL PLC SPON ADR,780259305,908,66539,DFND
ROYAL GOLD INC,780287108,12,1963,DFND
ROYCE SMALL CAP TRUST,780910105,18972,270161,DFND
ROYCE SMALL CAP TRUST,780910105,1000,14240,DFND
RUBRIK INC.,781154109,9,549,DFND
RYANAIR HOLDINGS PLC SPONS ADR,783513203,10000,423700,DFND
RYDER SYS INC,783549108,4,576,DFND
SEI INVESTMENTS COMPANY,784117103,930,72196,DFND
SJW GROUP,784305104,10,547,DFND
SAN JUAN BASIN RTY TR UNIT BEN INT,798241105,2000,11040,DFND
SANMINA CORPORATION,801056102,8,610,DFND
SAP SE ADR,803054204,579,155427,DFND
SAP SE ADR,803054204,479,128583,DFND
SAREPTA THERAPEUTICS INC,803607100,5,320,DFND
HENRY SCHEIN INC,806407102,22,1507,DFND
SCHLUMBERGER LTD,806857108,1018,42553,DFND
RADIUS RECYCLING INC,806882106,33,954,DFND
CHARLES SCHWAB CORP,808513105,313,24502,DFND
CHARLES SCHWAB CORP,808513105,5758,450737,DFND
SCHWAB STRATEGIC TR US BRD MKT,808524102,119828,2579894,DFND
SCHWAB STRATEGIC TR US LRG CAP ETF,808524201,354,7816,DFND
SCHWAB STRATEGIC TR US LRG CAP ETF,808524201,407186,8990672,DFND
SCHWAB STRATEGIC TR US LCAP GR,808524300,57665,1443925,DFND
SCHWAB STRATEGIC TR US LCAP VA ETF,808524409,201,5343,DFND
SCHWAB STRATEGIC TR US LCAP VA ETF,808524409,36373,966792,DFND
SCHWAB STRATEGIC US MID-CAP,808524508,35682,934857,DFND
SCHWAB STRATEGIC TR US SML CAP,808524607,45370,1063014,DFND
SCHWAB STRATEGIC TR EMRG MKTEQ,808524706,6749,186071,DFND
SCHWAB STRATEGIC TR 1000 INDEX,808524722,43405,1168463,DFND
SCHWAB STRATEGIC TR FUNDAMENTAL EMERG,808524730,16687,513952,DFND
SCHWAB STRATEGIC TR FUNDAMENTAL INTL,808524748,1857,67221,DFND
SCHWAB STRATEGIC TR FUNDAMENTAL INTL,808524755,23873,862769,DFND
SCHWAB STRATEGIC TR FUNDAMENTAL US S,808524763,260,7122,DFND
SCHWAB STRATEGIC TR FUNDAMENTAL US L,808524771,8310,196199,DFND
SCHWAB STRATEGIC TR FUNDAMENTAL US L,808524771,33798,797962,DFND
SCHWAB STRATEGIC TR FUNDAMENTAL US B,808524789,3979,91551,DFND
SCHWAB STRATEGIC TR US DIVIDEND EQ,808524797,41787,1168369,DFND
SCHWAB STRATEGIC TR INTL EQTY ETF,808524805,2392,47314,DFND
SCHWAB STRATEGIC TR INTL EQTY ETF,808524805,49800,985051,DFND
SCHWAB STRATEGIC TR INT TRM U.S. TRES,808524854,104,2586,DFND
SCHWAB STRATEGI/US TIPS ETF,808524870,3250,87393,DFND
SCOTTS MIRACLE-GRO CO,810186106,4,220,DFND
SEMPRA,816851109,81,5781,DFND
SERVICE CORP INTL,817565104,5,401,DFND
SHAKE SHACK INC CL A,819047101,189,16664,DFND
SHAKE SHACK INC CL A,819047101,10,882,DFND
SHERWIN-WILLIAMS CO,824348106,230,80314,DFND
SHERWIN-WILLIAMS CO,824348106,1150,401569,DFND
SHERWIN WILLIAMS CO,824348106,235,82060,DFND
SHUTTERSTOCK INC,825690100,2,32,DFND
SILGAN HLDGS INC,827048109,5,256,DFND
SIMMONS 1ST NATL CORP,828730200,3473,71299,DFND
SIMON PROPERTY GROUP INC NEW C,828806109,27,4484,DFND
SIMON PROPERTY GROUP INC NEW C,828806109,111,18435,DFND
SIRIUSXM HOLDINGS INC,829933100,287,6480,DFND
CHAMPION HOMES INC,830830105,7,664,DFND
SKYWEST INC,830879102,7,612,DFND
SKYWARD SPECIALTY INS GROUP,830940102,13,688,DFND
SMITH A O CORP,831865209,36,2353,DFND
SMITH A O CORP,831865209,78,5099,DFND
SMITH MIDLAND CORP,832156103,33,1026,DFND
JM SMUCKER CO/THE-NEW,832696405,1958,231847,DFND
JM SMUCKER CO/THE-NEW,832696405,18,2132,DFND
SNAP ON INC,833034101,22931,7727976,DFND
SNAP ON INC,833034101,570,192096,DFND
SNAP ON INC,833034101,2,675,DFND
SNOWFLAKE INC,833445109,33,4824,DFND
SONOCO PRODUCTS CO,835495102,230,10865,DFND
SONY GROUP CORP SPONS ADR,835699307,509687,12940953,DFND
SONY GROUP CORP SPONS ADR,835699307,1550,39355,OTR
SONY GROUP CORP SPONS ADR,835699307,168370,4274915,DFND
SOUNDHOUND AI INC,836100107,21,171,DFND
SOUTHSTATE CORPORATION COM,840441109,36805,3416240,DFND
SOUTHSTATE CORPORATION COM,840441109,7638,708959,DFND
SOUTHSTATE CORPORATION,840441109,16873,1566113,DFND
SOUTHERN CO,842587107,29954,2754270,DFND
SOUTHERN CO,842587107,1428,131305,DFND
SOUTHERN CO,842587107,417,38344,DFND
SOUTHWEST AIRLINES CO,844741108,44,1478,DFND
SOUTHWEST AIRLINES CO,844741108,222,7455,DFND
SOUTHWEST GAS HOLDINGS INC,844895102,406,29151,DFND
SPIRIT AEROSYSTEMS HOLDINGS IN,848574109,901,31048,DFND
SPIRIT AEROSYSTEMS HLDGS INC,848574109,50,1723,DFND
BLOCK INC CL A,852234103,223,12116,DFND
BLOCK INC CL A,852234103,238,12931,DFND
STAAR SURGICAL CO,852312305,10,177,DFND
STANLEY BLACK & DECKER INC,854502101,35,2691,DFND
STARBUCKS CORP,855244109,1622,159102,DFND
STARBUCKS CORP,855244109,1312,128694,DFND
STARBUCKS CORP,855244109,2658,260759,DFND
STATE STR CORP,857477103,95,8506,DFND
STEEL DYNAMICS INC,858119100,63,7881,DFND
STIFEL FINL CORP,860630102,37,3488,DFND
STONEX GROUP INC,861896108,9,688,DFND
STRYKER CORP,863667101,8887,3308186,DFND
STRYKER CORP,863667101,9866,3672619,DFND
STRYKER CORP,863667101,380,141629,DFND
SUN CMNTYS INC,866674104,18,2316,DFND
SUNCOR ENERGY INC NEW,867224107,476,18431,DFND
SUPERNUS PHARMACEUTICALS INC,868459108,153,5011,DFND
SYLVAMO CORP,871332102,17,1140,DFND
SYNOPSYS INC COM,871607107,82,35166,DFND
SYNOPSYS INC COM,871607107,41,17583,DFND
SYSCO CORP COM,871829107,1052,78942,DFND
SYSCO CORP COM,871829107,99,7429,DFND
TJX COMPANIES,872540109,137722,16774540,DFND
TJX COMPANIES,872540109,295,35931,OTR
TJX COMPANIES,872540109,55799,6796318,DFND
TJX COS INC NEW,872540109,635,77343,DFND
T-MOBILE US INC,872590104,8502,2267568,DFND
T-MOBILE US INC,872590104,945,252041,DFND
TPG INC,872657101,110,5218,DFND
TAIWAN SEMICONDUCTOR MFG LTD,874039100,127,21082,DFND
TAIWAN SEMICONDUCTOR MFG LTD,874039100,565,93790,DFND
TAKE-TWO INTERACTIVE SOFTWAR,874054109,28,5803,DFND
TAKE-TWO INTERACTIVE SOFTWAR,874054109,97,20104,DFND
TAPESTRY INC,876030107,131,9224,DFND
TELEDYNE TECHNOLOGIES INC,879360105,2,996,DFND
TELEFLEX INCORPORATED,879369106,6,830,DFND
TELEPHONE & DATA SYS INC,879433829,174,6741,DFND
TEMPLETON EMERGING MKTS FD,880191101,4697,60356,DFND
TERADYNE INC,880770102,52,4296,DFND
TEREX CORP NEW,880779103,15,567,DFND
TEXAS INSTRS INC COM,882508104,150,26955,DFND
TEXAS INSTRS INC COM,882508104,3972,713768,DFND
TEXAS INSTRS INC COM,882508104,831,149331,DFND
TEXAS ROADHOUSE INC COM,882681109,120,19996,DFND
TEXTRON INC,883203101,88,6358,DFND
THERMO FISHER SCIENTIFIC INC,883556102,14,6966,DFND
THERMO FISHER SCIENTIFIC INC,883556102,220,109472,DFND
THOMSON REUTERS CORP,884903808,2,287,DFND
THOR INDS INC,885160101,12,910,DFND
TIMKEN CO,887389104,162,11643,DFND
TOAST INC,888787108,43,1427,DFND
TOLL BROTHERS INC,889478103,179,18901,DFND
TOOTSIE ROLL INDS INC,890516107,18,567,DFND
TOYOTA MTR CORP SPONSD ADR,892331307,165,29127,DFND
TOYOTA MTR CORP SPONSD ADR,892331307,224,39543,DFND
TRACTOR SUPPLY CO,892356106,32991,1817804,DFND
TRACTOR SUPPLY CO,892356106,1125,61988,DFND
TRACTOR SUPPLY CO,892356106,172,9478,DFND
TRADEWEB MKTS INC,892672106,16,2376,DFND
TRANSDIGM GROUP INC,893641100,16,22133,DFND
TRAVEL PLUS  LEISURE CO.,894164102,22,1018,DFND
TRIMBLE INC CL B,896239100,35058,2301558,DFND
TRIMBLE INC CL B,896239100,2000,131300,DFND
TRIMBLE INC CL B,896239100,34,2233,DFND
TRINET GROUP INC,896288107,5,397,DFND
TRINITY INDS INC,896522109,300,8418,DFND
TRIPADVISOR INC,896945201,10,142,DFND
2SEVENTY BIO INC,901384107,13,64,DFND
"TYLER TECHNOLOGIES, INC.",902252105,15,8721,DFND
TYLER TECHNOLOGIES INC,902252105,7,4070,DFND
TYSON FOODS INC,902494103,68,4340,DFND
UDR INC,902653104,258,11654,DFND
UGI CORP NEW,902681105,1867,61742,DFND
US BANCORP,902973304,5437,229550,DFND
US BANCORP,902973304,30000,1266600,DFND
US BANCORP,902973304,890,37578,DFND
UMH PPTYS INC,903002103,26,487,DFND
UNILEVER PLC,904767704,6732,400891,DFND
UNILEVER PLC,904767704,483,28763,DFND
UNILEVER PLC,904767704,364,21677,DFND
UNION PAC CORP,907818108,37994,8975703,DFND
UNION PAC CORP,907818108,150,35436,OTR
UNION PAC CORP,907818108,12949,3059071,DFND
UNION PAC CORP,907818108,556,131340,DFND
UNITED BANKSHARES INC WEST V,909907107,43,1491,DFND
UNITED AIRLS HLDGS INC,910047109,1228,84794,DFND
UNITED PARCEL SERVICE INC CL B,911312106,600,65994,DFND
UNITED PARCEL SERVICE INC CL B,911312106,7058,776309,DFND
UNITED PARCEL SERVICE INC CL B,911312106,521,57311,DFND
UNITED RENTALS INC COM,911363109,21,13161,DFND
UNITED RENTALS INC COM,911363109,113,70818,DFND
UNITED STATES CELLULAR CORP,911684108,9,623,DFND
US FOODS HLDG CORP,912008109,18,1179,DFND
UNITED STATES STL CORP NEW,912909108,45,1902,DFND
UNIVERSAL HLTH SVCS INC,913903100,3,564,DFND
URBAN OUTFITTERS INC,917047102,10,524,DFND
V F CORP,918204108,688,10678,DFND
V F CORP,918204108,90,1397,DFND
V F CORP,918204108,240,3725,DFND
VALLEY NATL BANCORP,919794107,25,223,DFND
VALMONT INDS INC,920253101,2,571,DFND
VANGUARD DIVIDEND APPREC ETF,921908844,99998,19398612,DFND
VANGUARD DIVIDEND APPREC ETF,921908844,2050,397680,DFND
VANGUARD DIVIDEND APPREC ETF,921908844,1518,294570,DFND
VANGUARD TOTAL INTL STOCK ET,921909768,20687,1284663,DFND
VANGUARD TOTAL INTL STOCK ET,921909768,2218,137738,DFND
VANGUARD WORLD MEGA CAP FUND E,921910816,250,77220,DFND
VANGUARD WORLD FD MEGA CAP VAL,921910840,630,81169,DFND
VANGUARD ADMIRAL FDS INC 500 GRTH IDX,921932505,578,193197,DFND
VANGUARD ADMIRAL FDS INC SMLLCP 600,921932828,516,49800,DFND
VANGUARD ADMIRAL FDS INC MIDCP 400 GRTH,921932869,3698,381523,DFND
VANGUARD INTERMEDIATE-TERM  .1,921937819,630,48239,DFND
VANGUARD INTERMEDIATE-TERM  .1,921937819,520,39817,DFND
VANGUARD BD INDEX FDS SHORT TRM BOND,921937827,68829,5387934,DFND
VANGUARD BD INDEX FDS SHORT TRM BOND,921937827,41636,3259266,DFND
VANGUARD BD INDEX FDS SHORT TRM BOND,921937827,2580,201963,DFND
VANGUARD BD INDEX FDS TOTAL BND MRKT,921937835,72,5288,DFND
VANGUARD BD INDEX FDS TOTAL BND MRKT,921937835,3460,254137,DFND
VANGUARD BD INDEX FDS TOTAL BND MRKT,921937835,19964,1466364,DFND
VANGUARD FTSE DEVELOPED MARKET,921943858,84293,4284613,DFND
VANGUARD FTSE DEVELOPED MARKET,921943858,851,43256,DFND
VANGUARD FTSE DEVELOPED MARKET,921943858,122912,6247628,DFND
VANGUARD HIGH DVD YIELD ETF,921946406,4269,550530,DFND
VANGUARD HIGH DVD YIELD ETF,921946406,706,91046,OTR
VANGUARD HIGH DVD YIELD ETF,921946406,25,3224,DFND
VANGUARD HIGH DVD YIELD ETF,921946406,2114,272622,DFND
VANGUARD WHITEHALL FDS INTL HIGH,921946794,1001,73764,DFND
VANGUARD WHITEHALL FDS INTL DVD,921946810,2539,210604,DFND
VANGUARD MALVERN FDS CORE BD,922020748,136869,10597767,DFND
VANGUARD MALVERN FDS STRM INFPROIDX,922020805,141,7036,DFND
VANGUARD FTSE ALL WORLD X-US S,922042718,6545,756602,DFND
VANGUARD INTL EQUITY INDEX FTSE SMCAP,922042718,908,104967,DFND
VANGUARD INTL EQUITY INDEX F TT WRLD ST ETF,922042742,121,14030,DFND
VANGUARD INTL EQUITY INDEX F TT WRLD ST ETF,922042742,800,92760,DFND
VANGUARD INTL EQUITY INDEX TT WRLD ST,922042742,244,28272,DFND
VANGUARD FTSE ALL-WORLD EX-US,922042775,229513,13922259,DFND
VANGUARD FTSE ALL-WORLD EX-US,922042775,10549,639876,DFND
VANGUARD FTSE ALL-WORLD EX-US,922042775,2142,129924,DFND
VANGUARD FTSE EMERGING MARKETS,922042858,1842,83369,DFND
VANGUARD FTSE EMERGING MARKETS,922042858,1082,48971,DFND
VANGUARD FTSE EMERGING MARKETS,922042858,22655,1025385,DFND
VANGUARD INTL EQUITY INDEX FTSE EUROPE,922042874,337,23661,DFND
VEECO INSTRS INC DEL,922417100,25,502,DFND
VEEVA SYS INC CL A COM,922475108,350,81071,DFND
VEEVA SYS INC CL A COM,922475108,27,6255,DFND
VANGUARD MUNI BD FUND TAX EXMP,922907746,448,22230,DFND
VANGUARD MUNI BD FUND TAX EXMP,922907746,18454,915688,DFND
VANGUARD INDEX FDS S&P 500 ETF,922908363,393,201967,DFND
VANGUARD INDEX FDS S&P 500 ETF,922908363,38,19529,DFND
VANGUARD INDEX FDS S&P 500 ETF,922908363,21464,11030384,DFND
VANGUARD MID-CAP VALUE ETF,922908512,225,36122,DFND
VANGUARD MID-CAP VALUE ETF,922908512,133,21352,DFND
VANGUARD MID-CAP GROWTH ETF,922908538,478,116938,DFND
VANGUARD MID-CAP GROWTH ETF,922908538,109,26666,OTR
VANGUARD REAL ESTATE ETF,922908553,2974,269266,DFND
VANGUARD REAL ESTATE ETF,922908553,432,39096,DFND
VANGUARD INDEX FDS SML CP GRW ETF,922908595,47,11833,DFND
VANGUARD INDEX FDS SML CP GRW ETF,922908595,45,11330,DFND
VANGUARD INDEX FDS SML CP GRW ETF,922908595,90,22660,DFND
VANGUARD INDEX FDS SM CP VAL ETF,922908611,65,12109,DFND
VANGUARD INDEX FDS SM CP VAL ETF,922908611,12134,2260443,DFND
VANGUARD INDEX FDS SM CP VAL ETF,922908611,396,73771,DFND
VANGUARD IND FD MID-CAP,922908629,18552,4797918,DFND
VANGUARD IND FD MID-CAP,922908629,17,4397,DFND
VANGUARD IND FD MID-CAP,922908629,83,21466,DFND
VANGUARD INDEX FDS LARGE CAP ETF,922908637,96,24675,DFND
VANGUARD INDEX FDS LARGE CAP ETF,922908637,12555,3227012,DFND
VANGUARD EXTENDED MARKET ETF,922908652,575,99050,DFND
VANGUARD EXTENDED MARKET ETF,922908652,4242,730727,DFND
VANGUARD GROWTH ETF,922908736,19386,7188717,DFND
VANGUARD GROWTH ETF,922908736,267,99009,OTR
VANGUARD GROWTH ETF,922908736,210,77872,DFND
VANGUARD GROWTH ETF,922908736,5494,2037269,DFND
VANGUARD INDEX FDS VALUE ETF,922908744,304,52513,DFND
VANGUARD INDEX FDS VALUE ETF,922908744,17844,3082373,DFND
VANGUARD INDEX FDS VALUE ETF,922908744,550,95007,OTR
VANGUARD INDEX FDS VALUE ETF,922908744,134195,23180854,DFND
VANGUARD INDEX FDS SMALL CP ETF,922908751,150,33263,DFND
VANGUARD INDEX FDS SMALL CP ETF,922908751,11848,2627294,DFND
VANGUARD INDEX FDS SMALL CP ETF,922908751,67157,14892026,DFND
VANGUARD INDEX FDS TOTAL STK MKT,922908769,3250,893230,DFND
VANGUARD INDEX FDS TOTAL STK MKT,922908769,7527,2068721,DFND
VANGUARD INDEX FDS TOTAL STK MKT,922908769,10159,2792155,DFND
VERONA PHARMA PLC,925050106,223,14159,DFND
VICI PPTYS INC,925652109,614,20029,DFND
VIPER ENERGY INC,927959106,5,226,DFND
VONTIER CORPORATION,928881101,77,2530,DFND
VORNADO RLTY TR,929042109,182,6733,DFND
VOYA FINANCIAL INC,929089100,12,814,DFND
VULCAN MATERIALS CO,929160109,100,23330,DFND
VULCAN MATERIALS CO,929160109,27,6300,DFND
WSFS FINANCIAL CORP COM,929328102,1000,51870,DFND
WABASH NATL CORP,929566107,20,221,DFND
WABTEC CORP,929740108,25,4534,DFND
WABTEC CORP,929740108,424,76916,DFND
WALMART INC,931142103,236427,20755926,DFND
WALMART INC,931142103,885,77694,OTR
WALMART INC,931142103,10552,926360,DFND
WALMART INC,931142103,3428,300945,DFND
WALGREENS BOOTS ALLIANCE INC,931427108,546,6099,DFND
WARNER BROS. DISCOVERY INC COM,934423104,743,7972,DFND
WARNER BROS. DISCOVERY INC COM,934423104,1174,12598,DFND
WARNER MUSIC GROUP CORP,934550203,20,627,DFND
WATERS CORP,941848103,21,7740,DFND
WATSCO INC COM,942622200,20,10166,DFND
WATSCO INC COM,942622200,9,4575,DFND
WAYSTAR HLDG CORP,946784105,19,710,DFND
WEBSTER FINL CORP,947890109,30,1547,DFND
WELLS FARGO & CO,949746101,5083,364909,DFND
WELLS FARGO & CO,949746101,4028,289170,DFND
WELLS FARGO CO NEW,949746101,4331,310923,DFND
WESBANCO INC,950810101,5,155,DFND
WEST PHARMACEUTICAL SVSC INC,955306105,5,1120,DFND
WESTERN ALLIANCE BANCORP,957638109,6,461,DFND
WESTERN DIGITAL CORP,958102105,118,4771,DFND
WESTERN MIDSTREAM PARTNERS LP,958669103,1251,51241,DFND
WESTLAKE CORPORATION,960413102,11,1101,DFND
WEYERHAEUSER CO,962166104,740,21667,DFND
WEYERHAEUSER CO,962166104,106,3104,DFND
WHEATON PRECIOUS METALS CORP,962879102,100,7763,DFND
WHITESTONE REIT,966084204,79,1152,DFND
WILLIAMS COS INC,969457100,119,7111,DFND
WILLIAMS COS INC,969457100,811,48466,DFND
"WILLIAMS-SONOMA, INC.",969904101,74,11699,DFND
"WILLIAMS-SONOMA, INC.",969904101,24,3795,DFND
WILLSCOT HLDGS CORP,971378104,20,556,DFND
WINGSTOP INC,974155103,12,2707,DFND
WOLFSPEED INC,977852102,550,1683,DFND
WOLVERINE WORLD WIDE INC,978097103,175,2435,DFND
WOODWARD INC,980745103,3,548,DFND
WORLD ACCEPTANCE CORP,981419104,200,25310,DFND
WYNN RESORTS LTD,983134107,17,1420,DFND
XPO INC,983793100,235,25282,DFND
Y-MABS THERAPEUTICS INC,984241109,68,302,DFND
YELP INC,985817105,14,519,DFND
YUM BRANDS INC,988498101,32664,5140007,DFND
YUM BRANDS INC,988498101,1581,248787,DFND
ZEBRA TECHNOLOGIES CORPORATI,989207105,47,13281,DFND
ZIONS BANCORPORATION N A,989701107,250,12465,DFND
EQUITABLE HOLDINGS INC,29452E101,93,4844,DFND
EQUITABLE HLDGS INC,29452E101,376,19586,DFND
NEXTRACKER INC,65290E101,57,2402,DFND
RTX CORPORATION,75513E101,6658,881919,DFND
RTX CORPORATION,75513E101,156,20664,OTR
RTX CORPORATION,75513E101,1861,246508,DFND
RTX CORPORATION,75513E101,2562,339363,DFND
GLOBAL INDUSTRIAL COMPANY,37892E102,10,224,DFND
GLOBE LIFE INC,37959E102,326,42941,DFND
QUANTA SERVICES INC COM,74762E102,22,5592,DFND
QUANTA SERVICES INC COM,74762E102,308,78288,DFND
VERISIGN INC,92343E102,76,19295,DFND
CNO FINL GROUP INC,12621E103,10,417,DFND
HCI GROUP INC,40416E103,5,747,DFND
INVESCO QQQ TR UNIT SER 1,46090E103,197,92377,DFND
INVESCO QQQ TR UNIT SER 1,46090E103,6771,3175057,DFND
INVESCO QQQ TR UNIT SER 1,46090E103,7952,3728685,DFND
CENCORA INC,03073E105,71,19745,DFND
FIRST TRUST CAP STRENGTH,33733E104,1097,98336,DFND
PRIMEENERGY RESOURCES CORP,74158E104,4,912,DFND
CONTROLADORA VUELA CIA SPONS A,21240E105,85400,445788,DFND
AMERICAN EAGLE OUTFITTERS IN,02553E106,15,175,DFND
TARGET CORP,87612E106,1833,191292,DFND
TARGET CORP,87612E106,283,29534,DFND
AMERESCO INC,02361E108,48,580,DFND
RENASANT CORP,75970E107,28000,950040,DFND
EDWARDS LIFESCIENCES CORP,28176E108,367,26601,DFND
FORTINET INC COM,34959E109,285,27434,DFND
FORTINET INC COM,34959E109,279,26857,DFND
IMAX CORP/SH SH,45245E109,40,1054,DFND
TOTALENERGIES SE ADR,89151E109,46,2976,DFND
TOTALENERGIES SE ADR,89151E109,526,34027,DFND
TRAVELERS COMPANIES INC,89417E109,1687,446144,DFND
TRAVELERS COMPANIES INC,89417E109,403,106577,DFND
TRAVELERS COMPANIES INC,89417E109,176,46545,DFND
DIREXION SHS ETF TR DLY S,25460E265,4000,28480,DFND
AGNC INVT CORP COM,00123Q104,1400,13412,DFND
AGNC INVT CORP,00123Q104,5890,56427,DFND
AES CORP,00130H105,1243,15439,DFND
ALPS ETF TR ALERIAN MLP,00162Q452,4510,234250,DFND
ALPS MEDICAL BREAKTHROUGHS ETF,00162Q593,140,3993,DFND
ASGN INC,00191U102,7,442,DFND
AT&T INC,00206R102,15344,433928,DFND
AT&T INC,00206R102,973,27517,DFND
AT&T INC,00206R102,2453,69371,DFND
ARK ETF TR INNOVATION,00214Q104,26,1238,DFND
AST SPACEMOBILE INC,00217D100,32542,740005,DFND
ABBVIE INC,00287Y109,71814,15046469,DFND
ABBVIE INC,00287Y109,321,67256,OTR
ABBVIE INC,00287Y109,3229,676540,DFND
ABBVIE INC,00287Y109,2278,477361,DFND
ABERDEEN STANDARD PHYSICAL GOL,00326A104,4500,134190,DFND
ACADEMY SPORTS AND OUTDOORS IN,00402L107,72,3284,DFND
"ACUITY, INC.",00508Y102,1794,472450,DFND
ACUITY INC,00508Y102,4,1054,DFND
ADOBE INC,00724F101,49065,18817899,DFND
ADOBE INC,00724F101,69,26464,OTR
ADOBE INC,00724F101,6725,2579240,DFND
ADOBE INC,00724F101,193,74047,DFND
ADVANCE AUTO PARTS INC,00751Y106,5,197,DFND
AEHR TEST SYS,00760J108,55,401,DFND
AECOM,00766T100,19,1762,DFND
ADVANSIX INC,00773T101,8,182,DFND
ADVANCED DRAIN SYS INC DEL,00790R104,132,14342,DFND
AERSALE CORPORATION,00810F106,125,937,DFND
AFFIRM HLDGS INC,00827B106,147,6643,DFND
AGILENT TECHNOLOGIES INC,00846U101,484,56618,DFND
AGILENT TECHNOLOGIES INC,00846U101,656,76739,DFND
AGILENT TECHNOLOGIES INC,00846U101,182,21291,DFND
AGIOS PHARMACEUTICALS INC,00847X104,4,117,DFND
AGILON HEALTH INC,00857U107,260,1126,DFND
AKAMAI TECHNOLOGIES INC,00971T101,6,483,DFND
ALIBABA GROUP HLDG LTD,01609W102,355,46942,DFND
ALIGHT INC/SH CL A,01626W101,200,1186,DFND
ALLEGRO MICROSYSTEMS INC,01749D105,75,1885,DFND
ALLY FINL INC,02005N100,79,2882,DFND
ALNYLAM PHARMACEUTICALS INC,02043Q107,21,5671,DFND
EA SERIES TRUST FREEDOM 100,02072L607,29937,1049361,DFND
ALPHABET INC CL C,02079K107,6040,943629,DFND
ALPHABET INC CL C,02079K107,149782,23400442,DFND
ALPHABET INC CL C,02079K107,400,62492,OTR
ALPHABET INC,02079K107,7806,1219532,DFND
ALPHABET INC CAP STK CL A,02079K305,37724,5833639,DFND
ALPHABET INC CAP STK CL A,02079K305,28454,4400127,DFND
ALPHABET INC CAP STK CL A,02079K305,9577,1480913,DFND
OKLO INC,02156V109,69,1493,DFND
ALTRIA GROUP INC,02209S103,34323,2060066,DFND
ALTRIA GROUP INC,02209S103,2145,128743,DFND
ALTRIA GROUP INC,02209S103,811,48677,DFND
KINETIK HOLDINGS INC,02215L209,11,572,DFND
AMERICAN AIRLS GROUP INC,02376R102,266,2807,DFND
AMERICAN HOMES 4 RENT,02665T306,13,492,DFND
AMERICAN TOWER CORP REIT,03027X100,7,1523,DFND
AMERICAN TOWER CORP REIT,03027X100,65,14144,DFND
AMERICAN TOWER CORP REIT,03027X100,337,73440,DFND
AMERICOLD REALTY TRUST INC,03064D108,23,494,DFND
AMERIPRISE FINANCIAL INC COM,03076C106,14,6778,DFND
AMERIPRISE FINL INC,03076C106,106,51316,DFND
AMICUS THERAPEUTICS INC,03152W109,96,784,DFND
AMPLIFY ENERGY CORP NEW,03212B103,196,734,DFND
ANHEUSER BUSCH INBEV SA/NV,03524A108,100,6156,DFND
ANSYS INC,03662Q105,25,7914,DFND
ANTERO RESOURCES CORP,03674X106,86,3478,DFND
APA CORPORATION,03743Q108,152,3196,DFND
APELLIS PHARMACEUTICALS INC,03753U106,20,438,DFND
APOLLO GLOBAL MGMT INC COM,03769M106,2000,273880,DFND
APOLLO GLOBAL MGMT INC COM,03769M106,96,13147,DFND
APOGEE THERAPEUTICS INC,03770N101,5,187,DFND
APPFOLIO INC,03783C100,5,1100,DFND
APPLIED INDL TECHNOLOGIES IN,03820C105,3,677,DFND
APPLOVIN CORP,03831W108,111,29412,DFND
ARAMARK,03852U106,38,1312,DFND
ARCBEST CORP,03937C105,5,353,DFND
ARCHER AVIATION INC CL A,03945R102,400,2844,DFND
ARES MANAGEMENT CORPORATION,03990B101,325,47649,DFND
ARES CAPITAL CORP COM,04010L103,3500,77560,DFND
ARGENX SE/S ADR,04016X101,7,4143,DFND
ARIS WATER SOLUTIONS INC,04041L106,375,12015,DFND
ARLO TECHNOLOGIES INC,04206A101,784,7739,DFND
ARMSTRONG WORLD INDS INC NEW,04247X102,60,8453,DFND
ARRAY TECHNOLOGIES INC,04271T100,169,824,DFND
ARTISAN PARTNERS ASSET MGMT,04316A108,38,1486,DFND
ASPEN AEROGELS INC,04523Y105,417,2665,DFND
ASSURANT INC,04621X108,1,210,DFND
ASTERA LABS INC,04626A103,140,8354,DFND
ATLANTIC UNION BANKSHARES CORP,04911A107,4335,134992,DFND
ATMUS FILTRATION TECHNOLOGIE,04956D107,722,26520,DFND
ATRICURE INC,04963C209,40,1290,DFND
ATRICURE INC,04963C209,49,1581,DFND
AUTONATION INC,05329W102,8,1296,DFND
AVANTOR INC,05352A100,981,15903,DFND
AXON ENTERPRISE INC,05464C101,300,157785,DFND
AXON ENTERPRISE INC,05464C101,122,64166,DFND
AZEK CO INC,05478C105,35,1712,DFND
BWX TECHNOLOGIES INC,05605H100,250,24663,DFND
BWX TECHNOLOGIES INC,05605H100,29,2861,DFND
BAKER HUGHES CO,05722G100,1053,46279,DFND
BAKER HUGHES CO,05722G100,223,9801,DFND
BANCFIRST CORP,05945F103,5,550,DFND
BK OZK LITTLE ROCK AR,06417N103,25,1086,DFND
BANK OZK LITTLE ROCK ARK,06417N103,34,1478,DFND
BANKUNITED INC,06652K103,25,861,DFND
BEAM THERAPEUTICS INC,07373V105,5,98,DFND
BEAZER HOMES USA INC,07556Q881,15,306,DFND
BELLRING BRANDS INC,07831C103,9,671,DFND
BENTLEY SYS INC,08265T208,64,2518,DFND
BERRY GLOBAL GROUP INC,08579W103,104,7260,DFND
BERRY GLOBAL GROUP INC,08579W103,13,908,DFND
BIOMARIN PHARMACEUTICAL INC.,09061G101,47,3322,DFND
BIOMARIN PHARMACEUTICAL INC,09061G101,59,4171,DFND
BIOLIFE SOLUTIONS INC,09062W204,158,3609,DFND
BIOGEN INC,09062X103,72,9853,DFND
BIO-TECHNE CORP,09073M104,57,3342,DFND
BLACKLINE INC,09239B109,275,13316,DFND
BLACKLINE INC,09239B109,5,243,DFND
BLACKROCK MUN INC TRUST II,09249N101,999,10380,DFND
BLACKSTONE INC,09260D107,321,44869,DFND
BLACKSTONE INC.,09260D107,125867,17593689,DFND
BLACKSTONE INC,09260D107,679,94911,DFND
BLACKROCK SCIENCE & TECHNOLO,09260K101,135,2395,DFND
BLACKROCK  INC.,09290D101,2000,1892960,DFND
BLACKROCK INC,09290D101,124,116942,DFND
BLINK CHARGING CO,09354A100,400,367,DFND
BLUE OWL CAPITAL INC,09581B103,412,8257,DFND
BLUEBIRD BIO IN/SH SH,09609G209,2,10,DFND
BLUEPRINT MEDICINES CORP,09627Y109,5,443,DFND
BOOKING HOLDINGS INC,09857L108,2,9214,DFND
BOOKING HOLDINGS INC,09857L108,15,69299,DFND
BOX INC,10316T104,118,3642,DFND
BRAZE INC,10576N102,2305,83165,DFND
BRIDGEBIO PHARMA INC,10806X102,30,1038,DFND
BRIGHTHOUSE FINL INC,10922N103,46,2668,DFND
BRIGHTHOUSE FINL INC,10922N103,20,1160,DFND
BRIGHTSPRING HEALTH SVCS INC,10950A106,42,760,DFND
BRIXMOR PPTY GROUP INC,11120U105,25,664,DFND
BROADRIDGE FINL SOLUTIONS IN,11133T103,28,6789,DFND
BROADCOM INC,11135F101,190435,31884532,DFND
BROADCOM INC,11135F101,480,80366,OTR
BROADCOM INC,11135F101,41000,6864630,DFND
BROADCOM INC,11135F101,4298,719644,DFND
BROOKFIELD CORPORATION CL ADR,11271J107,135,7075,DFND
BROOKFIELD CORPORATION CL ADR,11271J107,992,51991,DFND
BROOKFIELD INFRASTRUCTURE CO,11276H106,1312,47482,DFND
BROOKFIELD RENEWABLE CORP,11285B108,65,1815,DFND
BUILDERS FIRSTSOURCE INC,12008R107,25,3124,DFND
BYRNA TECHNOLOGIES INC COM,12448X201,100,1684,DFND
C & F FINANCIAL CORPORATION,12466Q104,404,27226,DFND
C3 AI INC,12468P104,8,163,DFND
CBOE GLOBAL MKTS INC,12503M108,19,4300,DFND
CBRE GROUP INC,12504L109,421,55058,DFND
CBRE GROUP INC,12504L109,893,116787,DFND
CCC INTELLIGENT SOLUTIONS HL,12510Q100,101,913,DFND
CDW CORP,12514G108,120,19232,DFND
C H ROBINSON WORLDWIDE INC,12541W209,61,6247,DFND
CME GROUP INC,12572Q105,503,133441,DFND
CRA INTL INC,12618T105,40,6928,DFND
CVR ENERGY INC,12662P108,54,1048,DFND
CAESARS ENTERTAINMENT INC NE,12769G100,63,1575,DFND
CALIX INC,13100M509,5,178,DFND
CANADIAN PACIFIC KANSAS CITY,13646K108,10,703,DFND
CAPITAL ONE FINANCIAL,14040H105,3674,658748,DFND
CAPITAL ONE FINANCIAL,14040H105,171,30660,DFND
CAPITAL ONE FINL CORP,14040H105,317,56839,DFND
CARDINAL HEALTH INC,14149Y108,48,6613,DFND
CARDINAL HEALTH INC,14149Y108,853,117544,DFND
CARDINAL HEALTH INC,14149Y108,52,7165,DFND
CARDIOL THERAPEUTICS INC CL A,14161Y200,1000,970,DFND
CARLYLE GROUP INC,14316J108,66,2877,DFND
CARRIER GLOBAL CORP,14448C104,2839,179993,DFND
CARRIER GLOBAL CORP,14448C104,2299,145757,DFND
CARRIER GLOBAL CORPORATION,14448C104,1434,90916,DFND
CELSIUS HLDGS INC,15118V207,79,2814,DFND
CENTENE CORP,15135B101,27032,1641113,DFND
CENTENE CORP,15135B101,737,44743,DFND
CENTENE CORP,15135B101,75,4554,DFND
CENTERPOINT ENERGY INC,15189T107,56,2029,DFND
DAYFORCE INC,15677J108,78,4550,DFND
CERTARA INC,15687V109,160,1584,DFND
CHAMPIONX CORP/SH,15872M104,163,4857,DFND
CHAMPIONX CORP/SH,15872M104,19,567,DFND
CHART INDS INC,16115Q308,4,578,DFND
CHARTER COMMUNICATIONS INC N,16119P108,69,25429,DFND
CHEMED CORP NEW,16359R103,1,616,DFND
CHENIERE ENERGY INC COM,16411R208,18215,4214951,DFND
CHENIERE ENERGY INC COM,16411R208,12434,2877227,DFND
CHENIERE ENERGY INC COM,16411R208,51,11802,DFND
CHEWY INC,16679L109,24,781,DFND
CINEMARK HOLDINGS INC,17243V102,25,622,DFND
CISCO SYS INC COM,17275R102,7817,482387,DFND
CISCO SYS INC COM,17275R102,76935,4747659,DFND
CISCO SYS INC,17275R102,4622,285224,DFND
CIVITAS RESOURCES INC COM NEW,17888H103,1060,36983,DFND
CIVITAS RESOURCES INC COM NEW,17888H103,15,524,DFND
CLEANSPARK INC,18452B209,25,168,DFND
CLEARWAY ENERGY INC,18539C204,100,3027,DFND
CLOUDFLARE INC CL A COM,18915M107,120,13523,DFND
CLOUDFLARE INC CL A COM,18915M107,498,56120,DFND
CODA OCTOPUS GROUP INC,19188U206,186,1161,DFND
COGENT COMMUNICATIONS HOLDINGS,19239V302,6485,397595,DFND
COHERENT CORP,19247G107,172,11170,DFND
COHERENT CORP,19247G107,25,1624,DFND
COINBASE GLOBAL INC CL A,19260Q107,55,9473,DFND
COINBASE GLOBAL INC CL A,19260Q107,26,4478,DFND
COINBASE GLOBAL INC CL A,19260Q107,104,17912,DFND
COLUMBIA ETF TR I DIVERSIFID FXD,19761L508,6493,116095,DFND
COMCAST CORP NEW CL A,20030N101,49477,1825702,DFND
COMCAST CORP NEW CL A,20030N101,23753,876486,DFND
COMCAST CORP NEW CL A,20030N101,2661,98191,DFND
COMMUNITY HEALTHCARE TR INC,20369C106,10,182,DFND
COMPANHIA PARANAENSE DE ENER,20441B605,2000,14620,DFND
COMPASS INC CL A,20464U100,682,5954,DFND
CONCENTRIX CORP,20602D101,170,9459,DFND
CONFLUENT INC,20717M103,57,1337,DFND
CONOCOPHILLIPS,20825C104,13984,1468600,DFND
CONOCOPHILLIPS,20825C104,525,55136,OTR
CONOCOPHILLIPS,20825C104,1882,197648,DFND
CONOCOPHILLIPS,20825C104,1308,137367,DFND
CONSTELLATION BRANDS INC,21036P108,11627,2133787,DFND
CONSTELLATION BRANDS INC,21036P108,10208,1873372,DFND
CONSTELLATION BRANDS INC,21036P108,181,33218,DFND
CONSTELLATION ENERGY CORPORATI,21037T109,27,5444,DFND
CONSTELLATION ENERGY CORP,21037T109,92,18561,DFND
CORE LABORATORIES INC,21867A105,7,105,DFND
COREBRIDGE FINL INC,21871X109,54,1705,DFND
CORE SCIENTIFIC INC NEW,21874A106,2481,17963,DFND
CORE & MAIN INC,21874C102,5,242,DFND
CORTEVA INC,22052L104,9671,608596,DFND
CORTEVA INC,22052L104,275,17306,DFND
COSTCO WHSL CORP NEW,22160K105,15912,15049251,DFND
COSTCO WHSL CORP NEW,22160K105,9491,8976398,DFND
COSTCO WHSL CORP NEW,22160K105,534,504759,DFND
COSTAR GROUP INC,22160N109,149,11806,DFND
COURSERA INC,22266M104,95,633,DFND
COUPANG INC CL A,22266T109,411,9013,DFND
COUPANG INC CL A,22266T109,147,3224,DFND
CROWDSTRIKE HOLDINGS INC CL A,22788C105,342,120582,DFND
CROWDSTRIKE HOLDINGS INC CL A,22788C105,117,41391,DFND
CROWN CASTLE INC,22822V101,5859,610684,DFND
CROWN CASTLE INC,22822V101,125,13029,DFND
CROWN CASTLE INC,22822V101,113,11778,DFND
CUSTOMERS BANCORP INC,23204G100,115,5773,DFND
CYTOKINETICS INC,23282W605,10,402,DFND
D R HORTON INC,23331A109,139,17672,DFND
DT MIDSTREAM INC,23345M107,15,1448,DFND
DXC TECHNOLOGY CO,23355L106,64,1091,DFND
DXC TECHNOLOGY CO,23355L106,10,171,DFND
DATADOG INC CL A,23804L103,200,19842,DFND
DATADOG INC CL A,23804L103,44,4366,DFND
DAVITA INC,23918K108,19,2907,DFND
DELL TECHNOLOGIES INC CL C,24703L202,750,68363,DFND
DELL TECHNOLOGIES INC CL C,24703L202,18798,1713438,DFND
DELL TECHNOLOGIES INC CL C,24703L202,72,6563,DFND
DENALI THERAPEUTICS INC,24823R105,30,408,DFND
DENTSPLY SIRONA INC,24906P109,120,1793,DFND
DESTRA MULTI-ALTERNATIVE FD,25065A502,1027,8709,DFND
DEVON ENERGY,25179M103,220,8228,DFND
DEVON ENERGY CORP NEW,25179M103,771,28836,DFND
DIAGEO PLC ADR,25243Q205,2887,302529,DFND
DIAGEO PLC ADR,25243Q205,10258,1074936,DFND
DIAGEO PLC ADR,25243Q205,30,3144,DFND
DIAMONDBACK ENERGY INC COM,25278X109,28,4477,DFND
DIAMONDBACK ENERGY INC COM,25278X109,17,2718,DFND
DIAMONDBACK ENERGY INC COM,25278X109,150,23982,DFND
TRUMP MEDIA & TECHNOLOGY GRO,25400Q105,23,450,DFND
DIGITALOCEAN HOLDINGS INC,25402D102,200,6678,DFND
DIMENSIONAL ETF TRUST INTL CORE EQT MK,25434V203,1545488,48265587,DFND
DIMENSIONAL ETF TRUST EMGR CRE EQT MNG,25434V302,439248,11372126,DFND
DIMENSIONAL ETF TRUST US EQUITY MARKET,25434V401,1184226,71621982,DFND
DIMENSIONAL ETF TRUST US SMALL CAP,25434V500,1692,101097,DFND
DIMENSIONAL ETF TRUST US TARGETED VLU,25434V609,2518,129652,DFND
DIMENSIONAL ETF TRUST US MKTWIDE VALUE,25434V724,4425,182347,DFND
DIMENSIONAL ETF TRUST INTERNATNAL VAL,25434V807,857,33732,DFND
DIREXION SHS ETF TR DAILY 20 YEAR,25460G138,94,4136,DFND
DIREXION SHS ETF TR DLY GOLD INDX 2X,25460G781,195,12114,DFND
DIREXION SHS ETF TR DAILY TECHNOLOGY,25461A494,500,31620,DFND
DIREXION SHS ETF TR DAILY NVDA BEAR,25461A700,4000,29160,DFND
DIREXION SHS ETF TR CSI 300 BULL2X,25490K869,2900,41441,DFND
DOLBY LABORATORIES INC,25659T107,31,2490,DFND
DOLBY LABORATORIES INC,25659T107,33,2651,DFND
DOMINION ENERGY INC,25746U109,11547,647440,DFND
DOMINION ENERGY INC COM,25746U109,119,6672,DFND
DOMINION ENERGY INC,25746U109,321,17999,DFND
DOMINOS PIZZA,25754A201,6,2757,DFND
DOMINOS PIZZA INC,25754A201,1,460,DFND
DONNELLEY FINL SOLUTIONS INC,25787G100,145,6338,DFND
DOORDASH INC,25809K105,90,16449,DFND
DOORDASH INC,25809K105,117,21385,DFND
DOUBLEVERIFY HLDGS INC,25862V105,10278,137417,DFND
DOUGLAS EMMETT INC,25960P109,20,320,DFND
DRAFTKINGS INC NEW CL A,26142V105,17,565,DFND
DRAFTKINGS INC NEW CL A,26142V105,127,4218,DFND
DROPBOX INC,26210C104,62,1657,DFND
DRIVEN BRANDS HLDGS INC,26210V102,1165,19969,DFND
DUKE ENERGY CORP,26441C204,43081,5254590,DFND
DUKE ENERGY CORP,26441C204,4336,528862,DFND
DUKE ENERGY CORP,26441C204,859,104773,DFND
DUOLINGO INC CL A,26603R106,11,3416,DFND
DUOLINGO INC CL A,26603R106,112,34781,DFND
DUPONT DE NEMOURS INC,26614N102,7614,568614,DFND
DUPONT DE NEMOURS INC,26614N102,158,11800,DFND
DOXIMITY INC,26622P107,177,10272,DFND
DUTCH BROS INC,26701L100,8,494,DFND
E L F BEAUTY INC,26856L103,146,9168,DFND
ENI SPA SPONS ADR,26874R108,338,10454,DFND
EOG RES INC,26875P101,12197,1564143,DFND
EOG RES INC,26875P101,403,51681,DFND
EOG RES INC,26875P101,298,38216,DFND
EQT CORP,26884L109,211,11274,DFND
ETF SER SOLUTIONS,26922A321,663,35962,DFND
EAGLE MATERIALS INC.,26969P108,12,2663,DFND
EAGLE MATLS INC,26969P108,2,444,DFND
EAST WEST BANCORP INC,27579R104,84,7540,DFND
EATON VANCE MUNI INCOME TRUS,27826U108,1500,15390,DFND
EDGEWELL PERS CARE CO,28035Q102,16,500,DFND
EDITAS MEDICINE INC,28106W103,500,580,DFND
ELANCO ANIMAL HEALTH INC,28414H103,515,5408,DFND
ELANCO ANIMAL HEALTH INC,28414H103,461,4841,DFND
ELEMENT SOLUTIONS INC,28618M106,40,905,DFND
EMBECTA CORP,29082K105,13,166,DFND
EMBECTA CORP,29082K105,6,77,DFND
"EMCOR GROUP, INC.",29084Q100,22,8132,DFND
EMCOR GROUP INC,29084Q100,1,370,DFND
ENBRIDGE INCORPORATED ADR,29250N105,2780,123182,DFND
ENDAVA PLC ADR,29260V105,131,2556,DFND
ENCOMPASS HEALTH CORP,29261A100,5,507,DFND
ENERGIZER HLDGS INC NEW,29272W109,20,599,DFND
ENERGY TRANSFER L P COM UT LTD PTN,29273V100,2517,46791,DFND
ENERGY TRANSFER L P COM UT LTD PTN,29273V100,533,9908,DFND
ENERGY TRANSFER L P COM UT LTD PTN,29273V100,1109,20617,DFND
TCW ETF TRUST,29287L601,621,20578,DFND
ENPHASE ENERGY INC,29355A107,36,2234,DFND
ENTEGRIS INC,29362U104,84,7348,DFND
ENTEGRIS INC,29362U104,148,12948,DFND
ENTERGY CORP,29364G103,382,32657,DFND
ENTERGY CORP NEW,29364G103,559,47789,DFND
EPAM SYS INC,29414B104,16,2702,DFND
VESTIS CORP COM,29430C102,1000,9900,DFND
VESTIS CORPORATION,29430C102,55,545,DFND
EQUINIX INC,29444U700,58,47291,DFND
EQUITY LIFESTYLE PPTYS INC,29472R108,10,667,DFND
EQUITY RESIDENTIAL,29476L107,65,4653,DFND
ERIE INDTY CO,29530P102,6,2515,DFND
ESAB CORPORATION,29605J106,27,3146,DFND
ESSENTIAL UTILS INC,29670G102,75,2965,DFND
ETSY INC,29786A106,76,3586,DFND
ETSY INC,29786A106,30,1416,DFND
EVERCORE INC,29977A105,5,999,DFND
EVERGY INC,30034W106,286,19720,DFND
EVERSOURCE ENERGY,30040W108,1379,85650,DFND
EVERSOURCE ENERGY,30040W108,774,48074,DFND
EVERQUOTE INC,30041R108,39,1022,DFND
EVOLUTION PETE CORP,30049A107,97,503,DFND
EVOLV TECHNOLOGIES HLDNGS INC,30049H102,18571,57942,DFND
EVOLUS INC,30052C107,217,2611,DFND
EVGO INC,30052F100,1000,2660,DFND
EXACT SCIENCES CORP COM,30063P105,29,1255,DFND
EXACT SCIENCES CORP COM,30063P105,225,9741,DFND
EXELON CORP,30161N101,339,15622,DFND
EXELIXIS INC/SH,30161Q104,209,7716,DFND
EXELIXIS INC,30161Q104,52,1920,DFND
EXPEDIA GROUP INC,30212P303,66,11095,DFND
EXTRA SPACE STORAGE INC,30225T102,92,13662,DFND
EXXON MOBIL CORP,30231G102,45450,5405369,DFND
EXXON MOBIL CORP,30231G102,21819,2594934,DFND
EXXON MOBIL CORP,30231G102,13701,1629402,DFND
META PLATFORMS INC CL A,30303M102,10847,6251777,DFND
META PLATFORMS INC CL A,30303M102,5083,2929638,DFND
META PLATFORMS INC CL A,30303M102,1752,1009549,DFND
FEDEX CORPORATION,31428X106,1383,337148,DFND
FEDEX CORP,31428X106,48,11702,DFND
FERGUSON ENTERPRISES INC.,31488V107,110,17625,DFND
FERGUSON ENTERPRISES INC,31488V107,17,2724,DFND
FIBROGEN INC/SH,31572Q808,105,33,DFND
FIDELITY NATL INFORMATION SVCS,31620M106,11002,821629,DFND
FIDELITY NATL INFORMATION SV,31620M106,109,8141,DFND
FIDELITY NATIONAL FINANCIAL,31620R303,55,3580,DFND
FIRST AMERN FINL CORP,31847R102,163,10698,DFND
FIRST CITIZENS BANCSHARES INC,31946M103,2100,3893652,DFND
FIRST CITIZENS BANCSHARES INC,31946M103,20,37083,DFND
FIRST FINL BANKSHARES INC,32020R109,68,2443,DFND
FIRST HAWAIIAN INC,32051X108,5,123,DFND
FIRST INDL RLTY TR INC,32054K103,241,13005,DFND
FIRST INTST BANCSYSTEM INC,32055Y201,5,144,DFND
FIRST MAJESTIC SILVER CORP,32076V103,900,6021,DFND
FIRST TR EXCHANGE-TRADED FD,33733B100,180,18178,DFND
FIRST TR EXCHANGE-TRADED FD,33733E500,410,11735,DFND
FIRST TR VALUE LINE DIVID IN,33734H106,985,43922,DFND
FIRST TRUST CLOUD COMPUTING ET,33734X192,48,4907,DFND
FIRST TRUST EXCHANGE-TRADED FU,33734X846,104,6552,DFND
FIRST TR EXCH TRADED FD III LNG SHT EQUITY,33739P103,1284,82279,DFND
FIRST TR EXCH TRADED FD LOW OPPT,33739Q200,1678,82491,DFND
FIRST TR EXCHNG TRADED FD VI TCW UNCONSTRAI,33740F888,73929,1829743,DFND
FIVE BELOW INC,33829M101,61,4571,DFND
FLEXSHARES TR QUALT DIVD IDX,33939L860,1257,85929,DFND
FLOWSERVE CORP,34354P105,59,2882,DFND
FORTIVE CORP,34959J108,19777,1447281,DFND
FORTIVE CORP,34959J108,1000,73180,DFND
FORTIVE CORP,34959J108,213,15588,DFND
FORTUNE BRANDS INNOVATIONS INC,34964C106,33,2009,DFND
FORTUNE BRANDS INNOVATIONS INC,34964C106,16,975,DFND
FORTREA HLDGS INC,34965K107,110,831,DFND
FOUR CORNERS PPTY TR INC,35086T109,45,1292,DFND
FOX CORP,35137L105,10,566,DFND
FOX FACTORY HLDG CORP,35138V102,19,444,DFND
FRANKLIN TEMPLETON ETF TR FRANKLIN DYN MUN,35473P868,3454,84416,DFND
FREEPORT-MCMORAN INC,35671D857,2814,106539,DFND
FRONTDOOR INC,35905A109,26,999,DFND
FRONTIER COMMUNICATIONS PARE,35909D109,207,7424,DFND
FUELCELL ENERGY INC COM NEW,35952H700,78,358,DFND
GMS INC,36251C103,5,366,DFND
GXO LOGISTICS INCORPORATED,36262G101,181,7074,DFND
GE HEALTHCARE TECHNOLOGIES I COMMON STOCK,36266G107,26,2099,DFND
GE HEALTHCARE TECHNOLOGIES I COMMON STOCK,36266G107,63,5085,DFND
GE HEALTHCARE TECHNOLOGIES I COMMON STOCK,36266G107,1578,127361,DFND
GAMING & LEISURE PPTYS INC,36467J108,15,764,DFND
GE VERNOVA INC,36828A101,56,17096,DFND
GE VERNOVA INC,36828A101,44,13432,DFND
GE VERNOVA INC,36828A101,316,96469,DFND
GENERAL MOTORS CO,37045V100,97,4562,DFND
GENERAL MOTORS CO,37045V100,887,41716,DFND
GITLAB INC,37637K108,164,7708,DFND
GLACIER BANCORP INC NEW,37637Q105,52,2300,DFND
GLOBAL PMTS INC,37940X102,142,13905,DFND
GLOBAL X FDS GLBL X MLP,37954Y343,975,51900,DFND
GLOBAL X FDS NASDAQ 100 COVER,37954Y483,0,8,DFND
GLOBAL X FDS ARTIFICIAL,37954Y632,1858,67595,DFND
GLOBAL X FDS US INFR DEV,37954Y673,62,2340,DFND
GLOBAL X FDS LITHIUM BTRY,37954Y855,195,7566,DFND
GLOBAL X FDS GLOBAL X URANIUM,37954Y871,110,2522,DFND
GLOBAL X FDS DEFENSE TECH,37960A529,423,19691,DFND
GOLDMAN SACHS GROUP INC COM,38141G104,410,223979,DFND
GOLDMAN SACHS GROUP INC COM,38141G104,3499,1911469,DFND
GOLDMAN SACHS GROUP INC,38141G104,113,61731,DFND
GOOSEHEAD INS INC,38267D109,6,709,DFND
GOPRO INC CL A,38268T103,13,9,DFND
GRAYSCALE ETHEREUM MINI TR E SHS NEW,38964R203,46,792,DFND
GUARDANT HEALTH INC,40131M109,30,1278,DFND
GUARDANT HEALTH INC,40131M109,100,4260,DFND
GUGGENHEIM ACTIVE ALLOCATION F,40170T106,8425,126965,DFND
GUIDEWIRE SOFTWARE INC,40171V100,13,2436,DFND
GUIDEWIRE SOFTWARE INC,40171V100,23,4310,DFND
HCA HEALTHCARE INC,40412C101,6752,2333154,DFND
HCA HEALTHCARE INC,40412C101,66,22807,DFND
HP INC,40434L105,750,20768,DFND
HP INC,40434L105,975,26998,DFND
HALL OF FAME RESORT & ENTERTAI,40619L201,5,4,DFND
HALOZYME THERAPEUTICS INC,40637H109,9,575,DFND
HA SUSTAINABLE INFRA CAP INC,41068X100,18,527,DFND
HEALTHSTREAM INC,42222N103,17,548,DFND
HEALTHEQUITY INC,42226A107,18,1591,DFND
HEALTHCARE RLTY TR,42226K105,135,2282,DFND
HEALTHPEAK PROPERTIES INC,42250P103,662,13386,DFND
HESS CORP COM,42809H107,387,61816,DFND
HESS CORP COM,42809H107,37,5910,DFND
HESS CORP COM,42809H107,60,9584,DFND
HEWLETT PACKARD ENTERPRISE COM,42824C109,750,11573,DFND
HEWLETT PACKARD ENTERPRISE COM,42824C109,1977,30506,DFND
HILTON WORLDWIDE HLDGS INC,43300A203,78,17749,DFND
HOLLEY INC,43538H103,200,514,DFND
HOST HOTELS & RESORTS INC,44107P104,142,2018,DFND
HOWARD HUGHES HOLDINGS INC,44267T102,19,1408,DFND
ICU MED INC,44930G107,39,5416,DFND
IPG PHOTONICS CORP,44980X109,140,8840,DFND
ITT INC,45073V108,28,3617,DFND
IDEX CORP,45167R104,6,1086,DFND
IDEXX LABS INC,45168D104,13,5459,DFND
IDEXX LABS INC,45168D104,169,70972,DFND
IMMUNOVANT INC,45258J102,24,411,DFND
TIDAL TRUST III ROCKEFELLER OPP,45259A878,7750,194914,DFND
INCYTE CORP,45337C102,105,6358,DFND
INDEPENDENCE RLTY TR INC,45378A106,50,1062,DFND
INFORMATICA INC,45674M101,38,664,DFND
INGERSOLL-RAND INC,45687V106,193,15446,DFND
INGERSOLL RAND INC,45687V106,354,28331,DFND
INGEVITY CORP,45688C107,13,515,DFND
INSIGHT ENTERPRISES INC,45765U103,3,450,DFND
INSPERITY INC,45778Q107,32,2855,DFND
INSTALLED BLDG PRODS INC,45780R101,5,858,DFND
INSULET CORP,45784P101,30,7878,DFND
INSULET CORP,45784P101,76,19959,DFND
INTEGRA RES CORP,45826T509,270,335,DFND
INTERACTIVE BROKERS GROUP IN COM CL A,45841N107,11,1821,DFND
INTERACTIVE BROKERS GROUP IN COM CL A,45841N107,22,3643,DFND
INTERACTIVE BROKERS GROUP IN COM CL A,45841N107,10,1656,DFND
INTERCONTINENTAL EXCHANGE IN COM,45866F104,19239,3318728,DFND
INTERCONTINENTAL EXCHANGE IN COM,45866F104,51877,8948783,DFND
INTERCONTINENTAL EXCHANGE IN,45866F104,228,39330,DFND
INTRA-CELLULAR THERAPIES INC,46116X101,8,1056,DFND
INTUITIVE SURGICAL INC,46120E602,28929,14327666,DFND
INTUITIVE SURGICAL INC,46120E602,95,47051,OTR
INTUITIVE SURGICAL INC,46120E602,11604,5747114,DFND
INTUITIVE SURGICAL INC,46120E602,263,130257,DFND
INVESCO EXCHANGE TRADED FD WILDERHIL CLAN,46137V134,134,2110,DFND
INVESCO EXCHANGE TRADED FD T WATER RES ETF,46137V142,35,2258,DFND
INVESCO EXCHANGE TRADED FD S&P 500 TOP 50,46137V233,600,27612,DFND
INVESCO EXCHANGE TRADED S&P 500 QUALITY,46137V241,468571,31085015,DFND
INVESCO S&P 500 PURE VALUE ETF,46137V258,530,48946,DFND
INVESCO S&P 500 PURE GROWTH ET,46137V266,1150,43988,DFND
INVESCO EXCHANGE TRADED S&P 500 EQL WGT,46137V357,3250,562998,DFND
INVESCO EXCHANGE TRADED FD T HIG YLD EQ DIV,46137V563,1013,21749,DFND
INVESCO HIGH YIELD EQUITY DIVI,46137V563,19448,417549,DFND
INVESCO EXCHANGE TRADED FD RAFI US 1500,46137V597,6150,232839,DFND
INVESCO EXCHANGE TRADED FD LARGE CAP VALUE,46137V738,695,41360,DFND
INVESCO S&P 500 LOW VOLATILITY,46138E354,18160,1356915,DFND
INVESCO EXCH TRADED FD TR II GLOBAL WATER,46138E651,100,4013,DFND
INVESCO EXCH TRADED FD TR II RAFI EMRGNG MRKT,46138E727,609,13240,DFND
INVITATION HOMES INC,46187W107,105,3660,DFND
IONQ INC,46222L108,2,45,DFND
IQVIA HOLDINGS,46266C105,18,3173,DFND
IQVIA HLDGS INC,46266C105,42,7405,DFND
IRIDIUM COMMUNICATIONS INC,46269C102,140,3825,DFND
IRON MTN INC DEL,46284V101,129,11100,DFND
ISHARES SILVER TR,46428Q109,500,15495,DFND
ISHARES TR US TREAS BD,46429B267,171,3931,DFND
ISHARES CORE HIGH DIVIDEND ETF,46429B663,6118,741012,DFND
ISHARES TR MSCI EAFE MIN VL,46429B689,1159,90310,DFND
ISHARES TR MSCI USA QLT FCT,46432F339,12406,2120062,DFND
ISHARES TR MSCI USA MMENTM,46432F396,14,2830,DFND
ISHARES CORE MSCI EAFE ETF,46432F842,21179,1602191,DFND
ISHARES TR CORE MSCI EAFE,46432F842,4539,343375,DFND
ISHARES TR CORE MSCI EAFE,46432F842,101585,7684911,DFND
ISHARES INC CORE MSCI EMKT,46434G103,18385,992239,DFND
ISHARES MSCI EMRG CHN ETF,46434G764,627,34541,DFND
ISHARES INC MSCI JPN,46434G822,117,8022,DFND
ISHARES MSCI GLOBAL GOLD MIN E,46434G855,17508,671607,DFND
ISHARES INC ESG AWR MSCI,46434G863,2606,91080,DFND
ISHARES 0-5 YEAR HIGH YIELD CO,46434V407,6705,285097,DFND
ISHARES TR 0-5YR HI YL CP,46434V407,175,7441,DFND
ISHARES TR MSCI INTL MOMENT,46434V449,18323,731821,DFND
ISHARES TR MSCI INTL QUALTY,46434V456,80,3176,DFND
ISHARES TR CORE TOTAL USD,46434V613,5222,240630,DFND
ISHARES CORE DIVIDEND GROWTH E,46434V621,65281,4033060,DFND
ISHARES CORE DIVIDEND GROWTH E,46434V621,2031,125476,DFND
ISHARES TR GLOBAL REIT,46434V647,5790,140466,DFND
ISHARES TR MSCI INTL VLU,46435G409,924,28007,DFND
ISHARES TR ESG AW MSCI EAFE,46435G516,3625,296127,DFND
ISHARES TR INTL DIV GRWTH,46435G524,150,10866,DFND
ISHARES TR CORE INTL AGGR,46435G672,150,7499,DFND
ISHARES TR ESG MSCI LEADR,46435U218,5921,567292,DFND
ISHARES SELF-DRIVING EV&TECH,46435U366,525,15346,DFND
ISHARES SELF-DRIVING EV&TECH,46435U663,2198,84426,DFND
ISHARES TR BROAD USD HIGH,46435U853,457,16823,DFND
ISHARES TR ESG ADV TTL USD,46436E619,391,16939,DFND
ISHARES TR/ISHARES 0-3 MNTH TR,46436E718,230390,23193361,DFND
ISHARES GOLD TR SHARES REPRESENT,46436F103,3955,123278,DFND
ISHARES BITCOIN TRUST ETF SHS BEN INT,46438F101,4411,206479,DFND
ISHARES BITCOIN TRUST ETF SHS BEN INT,46438F101,1975,92450,DFND
ISHARES ETHEREUM TR,46438R105,1220,16861,DFND
JBG SMITH PPTYS,46590V100,99,1595,DFND
JP MORGAN CHASE & CO,46625H100,132550,32514515,DFND
JP MORGAN CHASE & CO,46625H100,225,55193,OTR
JP MORGAN CHASE & CO,46625H100,24704,6059892,DFND
JPMORGAN CHASE & CO.,46625H100,4509,1106058,DFND
J P MORGAN EXCHANGE TRADED BETABUILDERS EUR,46641Q191,80,4947,DFND
J P MORGAN EXCHANGE TRADED BETABUILDERS CDA,46641Q225,162,11593,DFND
J P MORGAN EXCHANGE TRADED EQUITY PREMIUM,46641Q332,2925,167135,DFND
J P MORGAN EXCHANGE TRADED MUNICIPAL,46641Q647,8135,406728,DFND
J P MORGAN EXCHANGE TRADED ULTRA SHT MUNCPL,46641Q654,5452,277235,DFND
J P MORGAN EXCHANGE TRADED COFREPLUS BD,46641Q670,960209,45168224,DFND
JPMORGAN US QUALITY FACTOR ETF,46641Q761,606,34221,DFND
J P MORGAN EXCHANGE TRADED ULTRA SHRT,46641Q837,2035,103033,DFND
J P MORGAN EXCHANGE TRADED NASDAQ EQT PREM,46654Q203,1400,72492,DFND
JP MORGAN HEDGED EQUITY ETF,46654Q724,16229,968547,DFND
JP MORGAN HEDGED EQUITY ETF,46654Q724,229425,13692084,DFND
JACKSON FINANCIAL INC,46817M107,6,503,DFND
JACOBS SOLUTIONS INC,46982L108,155,18738,DFND
JANUS DETROIT STR TR,47103U845,3878,196654,DFND
JD.COM INC,47215P106,20,823,DFND
JEFFERIES FINL GROUP INC,47233W109,50,2679,DFND
JONES LANG LASALLE INC,48020Q107,27,6694,DFND
JUNIPER NETWORKS INC,48203R104,48,1738,DFND
KBR INC,48242W106,5,250,DFND
KKR & CO INC,48251W104,133,15376,DFND
KKR & CO INC,48251W104,244,28209,DFND
KB HOME,48666K109,6,349,DFND
KENVUE INC,49177J102,55,1319,DFND
KENVUE INC,49177J102,3781,90669,DFND
KEURIG DR PEPPER INC,49271V100,242,8282,DFND
KEYSIGHT TECHNOLOGIES INC,49338L103,328,49125,DFND
KEYSIGHT TECHNOLOGIES INC,49338L103,98,14678,DFND
KILROY RLTY CORP,49427F108,174,5701,DFND
KIMCO RLTY CORP,49446R109,234,4971,DFND
KINDER MORGAN INC,49456B101,902,25734,DFND
KINDER MORGAN INC,49456B101,4540,129526,DFND
KINDER MORGAN INC,49456B101,628,17917,DFND
KINSALE CAPITAL GROUP INC,49714P108,179,87121,DFND
KITE REALTY GROUP TRUST REIT,49803T300,17550,392594,DFND
KITE REALTY GROUP TRUST REIT,49803T300,1835,41049,DFND
KITE REALTY GROUP TRUST REIT,49803T300,5,112,DFND
KLAVIYO INC,49845K101,442,13375,DFND
KONTOOR BRANDS INC,50050N103,11,706,DFND
KYNDRYL HLDGS INC,50155Q100,160,5024,DFND
KYNDRYL HLDGS INC,50155Q100,52,1633,DFND
LCI INDUSTRIES,50189K103,550,48087,DFND
LPL FINANCIAL HOLDINGS INC,50212V100,29,9487,DFND
LPL FINANCIAL HOLDINGS INC,50212V100,10,3272,DFND
LENDINGCLUB CORP,52603A208,90,929,DFND
LEONARDO DRS INC,52661A108,19,625,DFND
LINEAGE INC,53566V106,20,1173,DFND
LIVE OAK BANCSHARES INC,53803X105,550,14663,DFND
LOANDEPOT INC,53946R106,294,350,DFND
LUMENTUM HLDGS INC,55024U109,15,936,DFND
LYFT INC CL A COM,55087P104,25611,304003,DFND
LYFT INC CL A COM,55087P104,226,2683,DFND
M & T BK CORP,55261F104,7537,1347239,DFND
M & T BK CORP,55261F104,42,7508,DFND
MGE ENERGY INC,55277P104,6,558,DFND
MKS INSTRS INC,55306N104,1000,80150,DFND
MKS INSTRS INC,55306N104,12,962,DFND
MSCI INC,55354G100,38,21489,DFND
MACOM TECH SOLUTIONS HLDGS I,55405Y100,4,402,DFND
MACYS INC,55616P104,284,3568,DFND
MAGNERA CORP/SH CL B,55939A107,28,508,DFND
MAGNITE INC,55955D100,100,1141,DFND
MARATHON PETROLEUM CORPORATION,56585A102,3726,542841,DFND
MARATHON PETROLEUM CORPORATION,56585A102,171,24913,DFND
MARAVAI LIFESCIENCES HLDGS I,56600D107,75,166,DFND
MARKETAXESS HOLDINGS INC.,57060D108,9,1947,DFND
MARKETAXESS HLDGS INC,57060D108,1,217,DFND
MASTERCARD INC-A,57636Q104,75401,41328796,DFND
MASTERCARD INC-A,57636Q104,187,102498,OTR
MASTERCARD INC-A,57636Q104,1248,684054,DFND
MASTERCARD INC-A,57636Q104,3013,1651708,DFND
MASTERBRAND INC/SH,57638P104,33,431,DFND
MASTERBRAND INC,57638P104,3,40,DFND
MATCH GROUP INC,57667L107,310,9672,DFND
MCKESSON CORP,58155Q103,258,173631,DFND
MCKESSON CORP,58155Q103,211,142001,DFND
MEDICAL PPTYS TRUST INC,58463J304,405,2443,DFND
MEDIFAST INC,58470H101,35,472,DFND
MEDPACE HLDGS INC,58506Q109,2,610,DFND
MERCADOLIBRE IN/SH SH,58733R102,4,7803,DFND
MERCADOLIBRE INC,58733R102,17,33165,DFND
MERCK & CO INC,58933Y105,25422,2281879,DFND
MERCK & CO INC,58933Y105,4959,445120,DFND
MERCK & CO INC,58933Y105,3865,346923,DFND
MERITAGE HOMES CORP,59001A102,18,1276,DFND
METLIFE INC,59156R108,469,37656,DFND
METLIFE INC,59156R108,1369,109917,DFND
METLIFE INC,59156R108,258,20715,DFND
MID-AMER APT CMNTYS INC,59522J103,32,5363,DFND
MOBILEYE GLOBAL INC,60741F104,38,548,DFND
MODERNA INC COM,60770K107,0,6,DFND
MODERNA INC COM,60770K107,184,5217,DFND
MOELIS & CO,60786M105,5,292,DFND
MOLINA HEALTHCARE INC,60855R100,41,13505,DFND
MOLSON COORS BEVERAGE CO,60871R209,31,1887,DFND
MONGODB INC,60937P106,16,2807,DFND
MONSTER BEVERAGE CORP,61174X109,1300,76076,DFND
MONSTER BEVERAGE CORP,61174X109,573,33532,DFND
THE MOSAIC COMPANY,61945C103,425,11479,DFND
THE MOSAIC COMPANY,61945C103,19685,531692,DFND
THE MOSAIC COMPANY,61945C103,117,3161,DFND
NIO INC SPONSORED ADR,62914V106,50,191,DFND
NVR INC,62944T105,5,36222,DFND
NV5 GLOBAL INC,62945V109,28,540,DFND
NOV INC,62955J103,72,1096,DFND
NANO DIMENSION LTD,63008G203,23,36,DFND
NATIONAL HEALTH INVS INC,63633D104,8,591,DFND
NAVIENT CORP/SH SH,63938C108,115,1452,DFND
NCINO INC,63947X101,10,275,DFND
NEOGENOMICS INC,64049M209,98,931,DFND
NETAPP INC,64110D104,55,4832,DFND
NETFLIX INC,64110L106,139,129622,DFND
NETFLIX INC,64110L106,97,90455,DFND
NETFLIX INC,64110L106,1051,980090,DFND
NET LEASE OFFICE PROPERTIES,64110Y108,9,283,DFND
"NEUROCRINE BIOSCIENCES, INC.",64125C109,35,3871,DFND
RITHM CAPITAL CORP,64828T201,2161,24744,DFND
NEWS CORP NEW,65249B109,197,5363,DFND
NEXTERA ENERGY INC,65339F101,194731,13804481,DFND
NEXTERA ENERGY INC,65339F101,46930,3326867,DFND
NEXTERA ENERGY INC,65339F101,1494,105925,DFND
908 DEVICES INC,65443P102,200,896,DFND
NISOURCE INC,65473P105,54,2165,DFND
NORTHWEST NAT HLDG CO,66765N105,13,556,DFND
NOVARTIS AG SPONSORED ADR,66987V109,8640,963187,DFND
NOVARTIS AG SPONSORED ADR,66987V109,215,23968,OTR
NOVARTIS AG SPONSORED ADR,66987V109,163,18172,DFND
NOVANTA INC,67000B104,4,512,DFND
NU SKIN ENTERPRISES INC,67018T105,213,1547,DFND
NUTANIX INC,67059N108,457,31904,DFND
NVIDIA CORP,67066G104,20182,2187325,DFND
NVIDIA CORP,67066G104,4583,496706,DFND
NVIDIA CORP,67066G104,22419,2429753,DFND
NUVEEN S&P 500 BUY-WRITE INC,6706ER101,978,12832,DFND
NUSCALE POWER CORPORATION,67079K100,300,4248,DFND
NUSHARES ETF TR NUVEEN ESG LRVGL,67092P300,47,1904,DFND
NUSHARES ETF TR NUVEEN ESG MIDCP,67092P409,24,1031,DFND
NUSHARES ETF TR NUVEEN ESG MIDVL,67092P508,17,582,DFND
O REILLY AUTOMOTIVE INC,67103H107,5,7163,DFND
OREILLY AUTOMOTIVE INC,67103H107,46,65899,DFND
OMNIAB INC,68218J103,689,1654,DFND
ONE GAS INC,68235P108,7,530,DFND
1 800 FLOWERS COM INC,68243Q106,73,431,DFND
ONEMAIN HLDGS INC,68268W103,29,1418,DFND
ORACLE CORP COM,68389X105,31813,4447776,DFND
ORACLE CORPORATION COM,68389X105,138789,19404090,DFND
ORACLE CORPORATION COM,68389X105,236,32995,OTR
ORACLE CORP,68389X105,2490,348127,DFND
OPTION CARE HEALTH INC,68404L201,38,1329,DFND
ORGANON & CO,68622V106,7,104,DFND
ORGANON & CO,68622V106,5,74,DFND
ORGANON & CO,68622V106,188,2800,DFND
OTIS WORLDWIDE CORP,68902V107,823,84934,DFND
OTIS WORLDWIDE CORP,68902V107,1199,123737,DFND
OTIS WORLDWIDE CORP,68902V107,128,13210,DFND
OVINTIV INC,69047Q102,25,1070,DFND
PBF ENERGY INC,69318G106,10,191,DFND
PG&E CORP,69331C108,607,10429,DFND
PJT PARTNERS INC CL A,69343T107,240,33091,DFND
PJT PARTNERS INC,69343T107,304,41916,DFND
PGIM ETF TR PGIM ULTRA SH BD,69344A107,71626,3561979,DFND
PPL CORPORATION,69351T106,104,3755,DFND
PPL CORP,69351T106,220,7945,DFND
PTC INC,69370C100,15,2325,DFND
PACER FDS TR TRENDP US LAR CP,69374H105,2715,139687,DFND
PALANTIR TECHNOLOGIES INC CL A,69608A108,802,67689,DFND
PALANTIR TECHNOLOGIES INC CL A,69608A108,5135,433394,DFND
PALANTIR TECHNOLOGIES INC CL A,69608A108,1228,103644,DFND
PAR PAC HOLDINGS INC,69888T207,15,214,DFND
PARAMOUNT GROUP INC,69924R108,100,430,DFND
PARSONS CORP DEL,70202L102,5,297,DFND
PAYCOM SOFTWARE INC,70432V102,10,2185,DFND
PAYCOM SOFTWARE INC,70432V102,112,24470,DFND
PAYCOR HCM INC,70435P102,175,3927,DFND
PAYLOCITY HLDG CORP,70438V106,12,2249,DFND
PAYPAL HLDGS INC COM,70450Y103,3412,222634,DFND
PAYPAL HLDGS INC COM,70450Y103,63716,4157469,DFND
PAYPAL HLDGS INC COM,70450Y103,649,42348,DFND
PELOTON INTERACTIVE INC,70614W100,70,443,DFND
PENSKE AUTOMOTIVE GRP INC,70959W103,16,2304,DFND
PENUMBRA INC,70975L107,10,2675,DFND
PERDOCEO ED CORP,71363P106,24,605,DFND
PERFORMANCE FOOD GROUP COMPANY,71377A103,61,4796,DFND
PERFORMANCE FOOD GROUP COMPANY,71377A103,5,394,DFND
PERMIAN RESOURCES CORP,71424F105,4000,55400,DFND
PHINIA INC,71880K101,32,1358,DFND
PILGRIMS PRIDE CORP,72147K108,25,1363,DFND
PIMCO CORPORATE & INCOME OPP,72201B101,1390,20099,DFND
PIMCO ETF TR MULTISECTOR BD,72201R585,39502,1040878,DFND
PIMCO ETF TR MUNI INCOM OPP,72201R635,9146,409101,DFND
PIMCO ETF TR ENHAN SHRT MA AC,72201R833,24881,2503476,DFND
PIMCO ETF TR ENHAN SHRT MA AC,72201R833,3110,312929,DFND
PIMCO ACCESS IN/COM SHS BEN IN,72203T100,9350,150161,DFND
PIMCO ACCESS IN/COM SHS BEN IN,72203T100,1300,20878,DFND
PINNACLE FINL PARTNERS INC,72346Q104,73,7741,DFND
PINTEREST INC,72352L106,266,8246,DFND
PLANET FITNESS INC,72703H101,31,2995,DFND
PLUG POWER INC,72919P202,292,395,DFND
POOL CORP,73278L105,33,10506,DFND
PRECISION BIOSCIENCES INC,74019P207,95,453,DFND
PRESTIGE CONSUMER HEALTHCARE I,74112D101,22,1891,DFND
PRESTIGE CONSMR HEALTHCARE I,74112D101,14,1204,DFND
PRICE T ROWE GROUP INC,74144T108,7736,710706,DFND
PRICE T ROWE GROUP INC,74144T108,120,11024,DFND
PRICE T ROWE GROUP INC,74144T108,288,26459,DFND
PRIMERICA INC,74164M108,1,285,DFND
PRINCIPAL FINANCIAL GROUP INC,74251V102,57,4809,DFND
PRINCIPAL FINANCIAL GROUP IN,74251V102,156,13162,DFND
PROCORE TECHNOLOGIES INC,74275K108,27,1783,DFND
PROLOGIS INC COM,74340W103,152,16992,DFND
PROLOGIS INC.,74340W103,588,65733,DFND
PROS HOLDINGS INC,74346Y103,10,191,DFND
PROSHARES TR II ULTRA SILVER NEW,74347W353,2500,115400,DFND
PROSHARES TR S&P 500 DIVIDEND,74348A467,903,92269,DFND
PROSHARES TR S&P 500 DV ARIST,74348A467,20015,2045172,DFND
PUBLIC STORAGE OPER CO,74460D109,53,15863,DFND
PUMA BIOTECHNOLOGY INC,74587V107,111,329,DFND
PURECYCLE TECHNOLOGIES INC,74623V103,929,6429,DFND
PURE STORAGE INC,74624M102,103,4560,DFND
QORVO INC,74736K101,36,2607,DFND
Q2 HOLDINGS INC,74736L109,140,11201,DFND
QUALYS INC,74758T303,8,1008,DFND
QUANTUMSCAPE CORP,74767V109,220,916,DFND
QUEST DIAGNOSTICS INC,74834L100,11,1862,DFND
RBB FD INC,74933W452,4750,237548,DFND
RB GLOBAL INC,74935Q107,258,25878,DFND
RH,74967X103,5,1173,DFND
RXO INC,74982T103,55,1051,DFND
RANGE RES CORP,75281A109,61,2436,DFND
RANPAK HOLDINGS CORP,75321W103,2,11,DFND
REDDIT INC,75734B100,6,630,DFND
REDFIN CORP,75737F108,1000,9210,DFND
REGENERON PHARMACEUTICALS INC,75886F107,5,3171,DFND
REGENERON PHARMACEUTICALS INC,75886F107,47,29809,DFND
REGIONS FINANCIAL CORP NEW COM,7591EP100,411,8931,DFND
REGIONS FINANCIAL CORP NEW COM,7591EP100,362,7867,DFND
RESIDEO TECHNOLOGIES INC,76118Y104,10,177,DFND
REXFORD INDL RLTY INC,76169C100,176,6891,DFND
REYNOLDS CONSUMER PRODUCTS INC,76171L106,21,501,DFND
REYNOLDS CONSUMER PRODUCTS INC,76171L106,5,120,DFND
RHYTHM PHARMACEUTICALS INC,76243J105,71,3761,DFND
RINGCENTRAL INC,76680R206,10,248,DFND
RING ENERGY INC,76680V108,265,305,DFND
RIVERNORTH MANAGED DUR MUN I,76882H105,5000,71600,DFND
RIVIAN AUTOMOTIVE INC COM CL A,76954A103,2750,34238,DFND
RIVIAN AUTOMOTIVE INC,76954A103,441,5491,DFND
ROCKET COS INC,77311W101,96,1159,DFND
ROCKET PHARMACEUTICALS INC,77313F106,40,267,DFND
ROKU INC COM,77543R102,44,3099,DFND
ROKU INC COM,77543R102,57,4016,DFND
RYAN SPECIALTY HOLDINGS INC,78351F107,5,370,DFND
S&P GLOBAL INC,78409V104,21,10670,DFND
S&P GLOBAL INC,78409V104,21,10697,DFND
S&P GLOBAL INC,78409V104,208,105685,DFND
SBA COMMUNICATIONS CORP NEW,78410G104,41,9021,DFND
SL GREEN RLTY CORP,78440X887,110,6347,DFND
SLM CORP,78442P106,61400,1803318,DFND
SLM CORP,78442P106,49,1440,DFND
SM ENERGY CO,78454L100,18,540,DFND
SPDR S&P 500 ETF TR TR UNIT,78462F103,1629,911247,DFND
SPDR S&P 500 ETF TR TR UNIT,78462F103,20602,11524553,DFND
SPDR S&P 500 ETF TR TR UNIT,78462F103,414,231587,OTR
SPDR S&P 500 ETF TR TR UNIT,78462F103,4001,2238348,DFND
SPS COMM INC,78463M107,8,1062,DFND
SPDR GOLD TR GOLD SHS,78463V107,698,201122,DFND
SPDR GOLD TR GOLD SHS,78463V107,1990,573399,DFND
SPDR GOLD TR GOLD SHS,78463V107,595,171444,DFND
SPDR INDEX SHS FDS ASIC PACIF,78463X301,103,11914,DFND
SPDR SER TR NUVEEN BLOOMBERG,78464A284,2243,56569,DFND
SPDR SER TR PORTFOLIO INTRMD,78464A375,465,15457,DFND
SPDR DOW JONES REIT ETF,78464A607,2598,257514,DFND
SPDR SER TR S&P REGL BKG,78464A698,480,27288,DFND
SPDR SER TR S&P DIVID,78464A763,6202,841503,DFND
SPDR SER TR PORTFOLI S&P 1500,78464A805,27738,1886462,DFND
SPDR SER TR S&P 400 MDCP VAL,78464A839,180,13869,DFND
SPDR PORTFOLIO S&P 500 ETF,78464A854,123,8088,DFND
SPDR SER TR S&P BIOTECH,78464A870,240,19464,DFND
SPDR SER TR S&P HOMEBUILD,78464A888,19,1842,DFND
SS&C TECHNOLOGIES HLDGS INC,78467J100,40,3342,DFND
SPDR DJIA TRUST,78467X109,5025,2109897,DFND
SPDR DOW JONES INDL AVERAGE UT SER 1,78467X109,7,2939,DFND
SPDR S&P MIDCAP 400 ETF TR UTSER1 S&PDCRP,78467Y107,105,56015,DFND
SPDR S&P MIDCAP 400 ETF TR UTSER1 S&PDCRP,78467Y107,335,178716,DFND
SPDR S&P MIDCAP 400 ETF TR UTSER1 S&PDCRP,78467Y107,250,133533,DFND
SPDR SER TR BLOOMBERG HIGH Y,78468R622,170,16201,DFND
SPDR SER TR MSCI USA STRTGIC,78468R812,305,47791,DFND
SABRE CORP,78573M104,79,222,DFND
SAGE THERAPEUTICS INC,78667J108,9,72,DFND
SAIA INC,78709Y105,2,699,DFND
SALESFORCE INC COM,79466L302,5,1342,DFND
SALESFORCE INC COM,79466L302,16603,4455581,DFND
SALESFORCE INC,79466L302,682,183022,DFND
SAMSARA INC,79589L106,487,18667,DFND
SANDISK CORP,80004C200,25,1191,DFND
SANOFI SPONSORED ADR,80105N105,345,19134,DFND
LIGHT & WONDER INC,80874P109,5,434,DFND
SEALED AIR CORP NEW,81211K100,85,2457,DFND
UNITED PARKS & RESORTS INC.,81282V100,143,6501,DFND
SELECT SECTOR SPDR TR SBI MATERIALS,81369Y100,9063,779237,DFND
SELECT SECTOR SPDR TR SBI MATERIALS,81369Y100,543,46687,DFND
SELECT SECTOR SPDR TR SBI MATERIALS,81369Y100,15,1290,DFND
SELECT SECTOR SPDR TR SBI HEALTHCARE,81369Y209,5246,765968,DFND
SELECT SECTOR SPDR TR SBI HEALTHCARE,81369Y209,422,61616,DFND
SELECT SECTOR SPDR TR SBI HEALTHCARE,81369Y209,92,13433,DFND
SELECT SECTOR SPDR TR SBI CONS STPLS,81369Y308,1770,144556,DFND
SELECT SECTOR SPDR TR SBI CONS STPLS,81369Y308,495,40427,DFND
SELECT SECTOR SPDR TR SBI CONS DISCR,81369Y407,760,150070,DFND
SELECT SECTOR SPDR TR SBI CONS DISCR,81369Y407,250,49365,DFND
SELECT SECTOR SPDR TR ENERGY,81369Y506,20180,1885821,DFND
SELECT SECTOR SPDR TR ENERGY,81369Y506,234,21867,DFND
FINANCIAL SELECT SECTOR SPDR,81369Y506,4855,453657,DFND
FINANCIAL SELECT SECTOR SPDR,81369Y605,12336,614456,DFND
SELECT SECTOR SPDR TR FINANCIAL,81369Y605,491,24457,DFND
SELECT SECTOR SPDR TR FINANCIAL,81369Y605,3464,172542,DFND
INDUSTRIAL SELECT SECTOR SPDR,81369Y704,922,120847,DFND
INDUSTRIAL SELECT SECTOR SPDR,81369Y704,174,22806,DFND
SELECT SECTOR SPDR TR TECHNOLOGY,81369Y803,285,58847,DFND
SELECT SECTOR SPDR TR TECHNOLOGY,81369Y803,1694,349777,DFND
SELECT SECTOR SPDR TR TECHNOLOGY,81369Y803,1286,265479,DFND
SELECT SECTOR SPDR TR COMMUNIC,81369Y852,653,62982,DFND
SELECT SECTOR SPDR TR COMMUNICATION,81369Y852,115,11092,DFND
SELECT SECTOR SPDR TR COMMUNICATION,81369Y852,269,25946,DFND
SELECT SECTOR SPDR TR SBI INT-UTILS,81369Y886,135,10645,DFND
UTILITIES SELECT SECTOR SPDR,81369Y886,865,68205,DFND
UTILITIES SELECT SECTOR SPDR,81369Y886,385,30358,DFND
SENSEONICS HLDGS INC COM,81727U105,1000,656,DFND
SENTINELONE INC,81730H109,112,2037,DFND
SERVICENOW INC,81762P102,20070,15978530,DFND
SERVICENOW INC,81762P102,86,68468,OTR
SERVICENOW INC,81762P102,84,66876,DFND
SERVICENOW INC,81762P102,102,81207,DFND
SHIFT4 PMTS INC,82452J109,21,1716,DFND
SHOPIFY INC CL B,82509L107,2522,240801,DFND
SHOPIFY INC CL B,82509L107,147,14036,DFND
SIFY TECHNOLOGIES LIMITED,82655M206,1,4,DFND
SIMPLY GOOD FOODS CO,82900L102,15,518,DFND
SITEONE LANDSCAPE SUPPLY INC,82982L103,10,1215,DFND
SITIME CORP,82982T106,11,1682,DFND
SKILLZ INC,83067L208,10,45,DFND
"SKYWORKS SOLUTIONS, INC.",83088M102,150,9695,DFND
SKYWORKS SOLUTIONS INC,83088M102,42,2715,DFND
SNAP INC CL A,83304A106,60,523,DFND
SNAP INC CL A,83304A106,218,1899,DFND
SOFI TECHNOLOGIES INC,83406F102,8330,96878,DFND
SOFI TECHNOLOGIES INC,83406F102,231,2687,DFND
SOLVENTUM CORP,83444M101,530,40301,DFND
SOLVENTUM CORP,83444M101,169,12851,DFND
SOUTHERN COPPER CORP,84265V105,5709,533563,DFND
SOUTHERN COPPER CORP,84265V105,22,2057,DFND
SPECTRUM BRANDS HLDGS INC NE,84790A105,5,358,DFND
SPROTT PHYSICAL GOLD TR UNIT,85207H104,68296,1643202,DFND
SPROTT PHYSICAL GOLD TR UNIT,85207H104,1808071,43502188,DFND
SPROTT PHYSICAL GOLD TR UNIT,85207H104,6125,147368,OTR
SPROTT PHYSICAL GOLD TR,85207H104,2583,62147,DFND
SPROTT PHYSICAL SILVER TR TR UNIT,85207K107,500,5800,DFND
SPROTT PHYSICAL SILVER TRUST,85207K107,34500,400200,DFND
SPROTT PHYSICAL SILVER TRUST,85207K107,1675,19430,OTR
SPROUTS FARMERS MARKET INC,85208M102,29,4427,DFND
SPROUTS FMRS MKT INC,85208M102,5,764,DFND
SPROTT PHYSICAL GOLD & SILVE TR UNIT,85208R101,20576,584564,DFND
SPROTT PHYSICAL GOLD & SILVE TR UNIT,85208R101,958,27217,DFND
SPROUT SOCIAL INC,85209W109,10,220,DFND
STAG INDL INC,85254J102,10,362,DFND
STARWOOD PPTY TR INC,85571B105,40,791,DFND
STRIDE INC,86333M108,157,19861,DFND
SUNRUN INC,86771W105,5,30,DFND
SUPER MICRO COMPUTER INC,86800U302,280,9588,DFND
SYMBOTIC INC,87151X101,70,1415,DFND
SYNAPTICS INC,87157D109,1,79,DFND
SYNOVUS FINL CORP,87161C501,202,9442,DFND
TD SYNNEX CORPORATION,87162W100,4,416,DFND
SYNCHRONY FINANCIAL COM,87165B103,250,13235,DFND
SYNCHRONY FINANCIAL,87165B103,1016,53804,DFND
TFS FINL CORP,87240R107,30,372,DFND
TKO GROUP HOLDINGS INC,87256C101,105,16046,DFND
TPI COMPOSITES INC COM,87266J104,200,161,DFND
TALEN ENERGY CORP,87422Q109,3,600,DFND
TALOS ENERGY INC,87484T108,54,525,DFND
TANDY LEATHER FACTORY INC,87538X105,146,424,DFND
TARGA RES CORP,87612G101,52,10425,DFND
TAYLOR MORRISON HOME CORP,87724P106,25,1501,DFND
TC ENERGY CORPORATION,87807B107,35,1652,DFND
TELADOC HEALTH INC,87918A105,80,637,DFND
TELADOC HEALTH INC,87918A105,69,550,DFND
TEMPUS AI INC,88023B103,13,628,DFND
TENABLE HLDGS INC,88025T102,32,1120,DFND
10X GENOMICS INC,88025U109,115,1004,DFND
TENET HEALTHCARE CORP,88033G407,9,1211,DFND
TERADATA CORP DEL COM,88076W103,39,877,DFND
TERADATA CORP DEL,88076W103,20,450,DFND
TERRENO RLTY CORP,88146M101,100,6322,DFND
TESLA INC,88160R101,3517,911466,DFND
TESLA INC,88160R101,268,69455,DFND
TESLA INC,88160R101,4772,1236797,DFND
TETRA TECH INC NEW,88162G103,71,2077,DFND
TEXAS PACIFIC LAND CORPORATI,88262P102,1,1325,DFND
THE TRADE DESK INC CL A,88339J105,4756,260248,DFND
THE TRADE DESK INC CL A,88339J105,37,2025,DFND
3M CO,88579Y101,5155,757063,DFND
3M CO,88579Y101,400,58744,DFND
3M CO,88579Y101,832,122188,DFND
TIDEWATER INC NEW,88642R109,12,508,DFND
TOPBUILD CORP,89055F103,8,2440,DFND
TOWNE BANK,89214P109,2316,79184,DFND
TRANSCODE THERAPEUTICS INC,89357L402,18010,8915,DFND
TRANSUNION,89400J107,38,3154,DFND
TREX CO INC,89531P105,35,2034,DFND
TRUIST FINANCIAL CORP,89832Q109,18548,763250,DFND
TRUIST FINANCIAL CORP,89832Q109,508,20904,DFND
TRUIST FINL CORP,89832Q109,306,12592,DFND
TWILIO INC CL A,90138F102,500,48955,DFND
TWILIO INC,90138F102,40,3917,DFND
2023 ETF SERIES TRUST II,90139K100,277435,8672619,DFND
UFP INDUSTRIES INC,90278Q108,5,536,DFND
UBER TECHNOLOGIES INC,90353T100,68,4954,DFND
UBER TECHNOLOGIES INC,90353T100,15,1093,DFND
UBER TECHNOLOGIES INC,90353T100,618,45028,DFND
UBIQUITI INC,90353W103,7,2171,DFND
UIPATH INC,90364P105,168,1729,DFND
ULTA BEAUTY INC,90384S303,8567,3140148,DFND
ULTA BEAUTY INC,90384S303,66,24192,DFND
ULTA BEAUTY INC,90384S303,7,2566,DFND
ULTRAGENYX PHARMACEUTICAL IN,90400D108,25,906,DFND
UNITED CMNTY BKS BLAIRSVLE G,90984P303,5,141,DFND
UNITED THERAPEUTICS CORP,91307C102,6,1850,DFND
UNITEDHEALTH GROUP INC COM,91324P102,211,110511,DFND
UNITEDHEALTH GROUP INC COM,91324P102,8166,4276943,DFND
UNITEDHEALTH GROUP INC,91324P102,642,336248,DFND
UNITY SOFTWARE INC COM,91332U101,213,4173,DFND
UNITY SOFTWARE INC,91332U101,228,4467,DFND
UNIVERSAL DISPLAY CORP.,91347P105,249,34731,DFND
UNIVERSAL DISPLAY CORP,91347P105,13,1814,DFND
UNUM GROUP,91529Y106,44,3585,DFND
UPSTART HLDGS INC,91680M107,180,8286,DFND
UR-ENERGY INC,91688R108,469,317,DFND
VAIL RESORTS INC,91879Q109,183,29361,DFND
VALERO ENERGY CORP,91913Y100,119207,15743668,DFND
VALERO ENERGY CORP,91913Y100,528,69733,DFND
VALERO ENERGY CORP,91913Y100,306,40414,DFND
VANECK VECTORS GOLD MINERS ETF,92189F106,1050,48269,OTR
VANECK ETF TRUST MRNGSTR WDE MOAT,92189F643,1811,159368,DFND
VANECK ETF TRUST SEMICONDUCTR,92189F676,209,44198,DFND
VANECK TRUST RARE EARTH ETF,92189H805,233,9210,DFND
VANGUARD TOTAL INTERNATIONAL,92203J407,1954,95394,DFND
VANGUARD WORLD FD CONSUM DIS ETF,92204A108,67,21809,DFND
VANGUARD WORLD FD CONSUM DIS ETF,92204A108,161,52408,DFND
VANGUARD CONSUMER STAPLES ETF,92204A207,4200,919044,DFND
VANGUARD WORLD FD CONSUM STP ETF,92204A207,15,3282,DFND
VANGUARD WORLD FD CONSUM STP ETF,92204A207,374,81839,DFND
VANGUARD FINANCIALS ETF,92204A405,1000,119470,DFND
VANGUARD FINANCIALS ETF,92204A405,1830,218642,DFND
VANGUARD HEALTH CARE ETF,92204A504,55,14560,DFND
VANGUARD HEALTH CARE ETF,92204A504,67,17737,DFND
VANGUARD HEALTH CARE ETF,92204A504,357,94509,DFND
VANGUARD INDUSTRIALS ETF,92204A603,4164,1030798,DFND
VANGUARD INDUSTRIALS ETF,92204A603,45,11140,DFND
VANGUARD INDUSTRIALS ETF,92204A603,685,169491,DFND
VANGUARD INFO TECH ETF,92204A702,3500,1898330,DFND
VANGUARD INFO TECH ETF,92204A702,145,78645,DFND
VANGUARD INFO TECH ETF,92204A702,208,112816,DFND
VANGUARD WORLD FD MATERIALS ETF,92204A801,25,4720,DFND
VANGUARD SCOTTSDALE FDS SHRT TRM CORP BD,92206C409,103762,8190972,DFND
VANGUARD SHORT TERM CORP BOND,92206C409,13540,1068848,DFND
VANGUARD SHORT TERM CORP BOND,92206C409,11,869,DFND
VANGUARD SCOTTSDALE FDS RUS 10000 GRW,92206C680,652,60500,DFND
VANGUARD SCOTTSDALE FDS INTER TERM TREAS,92206C706,1019,60529,DFND
VANGUARD SCOTTSDALE FDS INTER TERM TREAS,92206C706,11946,709592,DFND
VANGUARD SCOTTSDALE FDS INTER TERM TREAS,92206C706,1887,112088,DFND
VANGUARD SCOTTSDALE FDS RSU10000 IDX,92206C730,75301,19115912,DFND
VANGUARD INTER TERM CORP BO .1,92206C870,4910,401442,DFND
VANGUARD SCOTTSDALE FDS INT-TERM CORP,92206C870,1400,114464,DFND
VANGUARD SCOTTSDALE FDS INT-TERM CORP,92206C870,225,18396,DFND
VENTAS INC COM,92276F100,45,3094,DFND
VENTAS INC,92276F100,267,18359,DFND
VENTURE GLOBAL INC,92333F101,56,577,DFND
VERALTO CORP COM,92338C103,166,16177,DFND
VERALTO CORP COM,92338C103,384,37421,DFND
VERALTO CORP COM,92338C103,40,3898,DFND
VERIZON COMMUNICATIONS,92343V104,30949,1403847,DFND
VERIZON COMMUNICATIONS,92343V104,2057,93306,DFND
VERIZON COMMUNICATIONS,92343V104,2778,125989,DFND
VERINT SYS INC,92343X100,20,357,DFND
VERISK ANALYTIC CL B,92345Y106,10,2976,DFND
VERISK ANALYTICS INC,92345Y106,49,14584,DFND
VERTEX PHARMACEUTICALS INC,92532F100,19,9212,DFND
VERTEX PHARMACEUTICALS INC,92532F100,109,52846,DFND
VERTIV HOLDINGS CO,92537N108,371,26787,DFND
PARAMOUNT GLOBAL,92556H206,244,2919,DFND
VIATRIS INC COM,92556V106,0,0,DFND
VIATRIS INC,92556V106,480,4181,DFND
VICTORY PORTFOLIOS II CORE INTERMEDIAT,92647N527,771747,36225806,DFND
VICTORY PORTFOLIOS II VCSHS US SMCP HG,92647N873,381,21874,DFND
VIKING THERAPEUTICS INC,92686J106,70,1691,DFND
VILLAGE BANK AND TRUST FINL CO,92705T200,2557,205097,DFND
VISA INC,92826C839,168223,58955433,DFND
VISA INC,92826C839,100,35046,OTR
VISA INC,92826C839,1169,409687,DFND
VISA INC,92826C839,10502,3680601,DFND
VISA INC,92826C839,1000,350460,DFND
VIRTUS INVESTMENT PARTNERS INC,92828Q109,14,2413,DFND
VISTEON CORP,92839U206,6,466,DFND
VISTRA CORP,92840M102,58,6768,DFND
VITA COCO CO INC,92846Q107,20,613,DFND
VITESSE ENERGY INC,92852X103,1000,24590,DFND
WP CAREY INC REIT,92936U109,1264,79771,DFND
WP CAREY INC,92936U109,175,11045,DFND
WEC ENERGY GROUP INC,92939U106,77,8391,DFND
WEC ENERGY GROUP INC,92939U106,61,6648,DFND
WASTE CONNECTIONS INC,94106B101,52,10150,DFND
WASTE MGMT INC DEL,94106L109,5085,1177228,DFND
WASTE MGMT INC DEL,94106L109,100,23151,OTR
WASTE MGMT INC DEL,94106L109,6,1389,DFND
WASTE MGMT INC DEL,94106L109,373,86346,DFND
WAYFAIR INC,94419L101,55,1762,DFND
WEBTOON ENTMT INC,94845U105,25,192,DFND
WELLTOWER INC COM,95040Q104,21,3217,DFND
WELLTOWER INC,95040Q104,148,22676,DFND
WENDYS CO,95058W100,1000,14630,DFND
"WESCO INTERNATIONAL, INC.",95082P105,18,2795,DFND
WESCO INTL INC,95082P105,9,1398,DFND
WESTERN ASSET HIGH INCOME OP COM,95766K109,326,1297,DFND
WEX INC,96208T104,14,2199,DFND
WILLDAN GROUP INC,96924N100,103,4195,DFND
WINTRUST FINANCIAL CORP,97650W108,35,3936,DFND
WINTRUST FINL CORP,97650W108,15,1687,DFND
WIPRO LTD,97651M109,75,229,DFND
WISDOMTREE US DIVIDEND EX-FINA,97717W406,2124,233216,DFND
WISDOMTREE US MIDCAP DIVIDEND,97717W505,86152,4266247,DFND
WISDOMTREE US MIDCAP DIVIDEND,97717W505,767,37982,DFND
WISDOMTREE TR US SMALLCAP DIVI,97717W604,17682,565117,DFND
WISDOMTREE TR JPAN HEDGE,97717W851,360,39665,DFND
WISDOMTREE TR DYNAMIC INT EQ,97717X271,664,23473,DFND
WISDOMTREE TR US QTLY DIV GRT,97717X669,333,26594,DFND
WORKDAY INC,98138H101,150,35030,DFND
WORKDAY INC,98138H101,101,23587,DFND
WYNDHAM HOTELS & RESORTS INC,98311A105,22,1991,DFND
WYNDHAM HOTELS & RESORTS INC,98311A105,5,453,DFND
XCEL ENERGY INC,98389B100,4003,283372,DFND
XCEL ENERGY INC,98389B100,586,41483,DFND
XYLEM INC,98419M100,30,3584,DFND
XYLEM INC,98419M100,53,6332,DFND
XOMETRY INC,98423F109,3,71,DFND
YETI HOLDINGS INC,98585X104,18,596,DFND
YUM CHINA HLDGS INC,98850P109,652,33944,DFND
ZILLOW GROUP INC,98954M101,15,1003,DFND
ZILLOW GROUP INC,98954M200,37,2537,DFND
ZETA GLOBAL HOLDINGS CORP,98956A105,61,828,DFND
ZIMMER BIOMET HOLDINGS INC COM,98956P102,30,3395,DFND
ZOETIS INC,98978V103,44,7245,DFND
ZOETIS INC,98978V103,342,56311,DFND
ZOOMINFO TECHNOLOGIES INC,98980F104,35,350,DFND
ZSCALER INC COM,98980G102,10840,2150873,DFND
ZSCALER INC COM,98980G102,23609,4684498,DFND
ZSCALER INC COM,98980G102,125,24803,OTR
ZSCALER INC,98980G102,28,5556,DFND
ZOOM VIDEO COMMUNICATION INC C,98980L101,167,12320,DFND
ZOOM COMMUNICATIONS INC,98980L101,169,12468,DFND
ZURN ELKAY WATER SOLNS CORP,98983L108,20,660,DFND
CONSTELLIUM SE,F21107101,20,202,DFND
ALKERMES PLC ADR,G01767105,172,5679,DFND
ALLEGION PLC,G0176J109,33,4306,DFND
AMCOR PLC ORD,G0250X107,82,795,DFND
AMCOR PLC,G0250X107,113,1097,DFND
AMDOCS LTD SHS ADR,G02602103,55,5033,DFND
AMDOCS LTD,G02602103,31,2837,DFND
AMER SPORTS INC,G0260P102,37,990,DFND
ANGLOGOLD ASHANTI PLC,G0378L100,78,2896,DFND
AMBARELLA INC,G037AX101,3,133,DFND
AON PLC ADR,G0403H108,9,3592,DFND
AON PLC,G0403H108,403,160834,DFND
ARCH CAP GROUP LTD,G0450A105,38,3655,DFND
AXIS CAP HLDGS LTD,G0692U109,8,802,DFND
AXALTA COATING SYS LTD,G0750C108,10,332,DFND
BIOHAVEN LTD,G1110E107,3,73,DFND
ACCENTURE PLC ADR,G1151C101,33329,10399981,DFND
ACCENTURE PLC ADR,G1151C101,100,31204,OTR
ACCENTURE PLC ADR,G1151C101,9219,2876697,DFND
ACCENTURE PLC ADR,G1151C101,8182,2553190,DFND
BROOKFIELD INFRASTRUCTURE PART,G16252101,112,3332,DFND
BROOKFIELD INFRASTRUCTURE PART,G16252101,1125,33514,DFND
CAPRI HOLDINGS LIMITED,G1890L107,35,691,DFND
CREDO TECHNOLOGY GROUP HOLDI,G25457105,34,1366,DFND
CRH PLC,G25508105,52,4575,DFND
CUSHMAN WAKEFIELD PLC,G2717B108,198,2024,DFND
EATON CORP PLC ADR,G29183103,2079,565135,DFND
EATON CORP PLC ADR,G29183103,55,14951,DFND
EATON CORP PLC ADR,G29183103,257,69861,DFND
ESTABLISHMENT LABS HLDGS INC,G31249108,178,7264,DFND
ESSENT GROUP LTD,G3198U102,5,289,DFND
EVEREST GROUP LTD,G3223R108,3,1090,DFND
APTIV PLC,G3265R107,53,3154,DFND
FABRINET,G3323L100,4,791,DFND
FLUTTER ENTERTAINMENT PLC,G3643J108,100,22155,DFND
FLUTTER ENTERTAINMENT PLC,G3643J108,6,1330,DFND
FRESH DEL MONTE PRODUCE INC,G36738105,18,555,DFND
FTAI AVIATION LTD,G3730V105,4,445,DFND
GATES INDL CORP PLC,G39108108,28,516,DFND
GENPACT LTD,G3922B107,45,2267,DFND
GENPACT LIMITED,G3922B107,28,1411,DFND
GLOBALFOUNDRIES INC,G39387108,246,9080,DFND
HERBALIFE LTD,G4412G101,56,484,DFND
ICON/ORD SHS EUR 0.05,G4705A100,25,4375,DFND
ICON PLC,G4705A100,41,7175,DFND
INTERNATIONAL GAME TECHNOLOG,G4863A108,30,488,DFND
WEATHERFORD INTL PLC,G48833118,69,3695,DFND
INVESCO LTD,G491BT108,314,4764,DFND
JAZZ PHARMACEUTICALS PLC,G50871105,14,1738,DFND
JAZZ PHARMACEUTICALS PLC,G50871105,23,2856,DFND
JOHNSON CONTROLS INTERNATIONAL,G51502105,35,2804,DFND
JOHNSON CTLS INTL PLC,G51502105,666,53354,DFND
KINIKSA PHARMACEUTICALS INTL,G52694109,179,3976,DFND
LINDE PLC ADR,G54950103,2102,978775,DFND
LINDE PLC,G54950103,190,88472,DFND
LIVANOVA PLC,G5509L101,10,393,DFND
MEDTRONIC PLC ADR,G5960L103,292,26239,DFND
MEDTRONIC PLC ADR,G5960L103,271,24352,DFND
MEDTRONIC PLC ADR,G5960L103,772,69396,DFND
MURAL ONCOLOGY,G63365103,3,4,DFND
NABORS INDUSTRIES LTD,G6359F137,13,543,DFND
JOBY AVIATION INC,G65163100,151,910,DFND
NOBLE CORP PLC,G65431127,32,759,DFND
NORWEGIAN CRUISE LINE HOLDINGS,G66721104,1108,21008,DFND
NORWEGIAN CRUISE LINE HOLDINGS,G66721104,177,3356,DFND
NOVOCURE/NPV VTG FPD,G6674U108,36,642,DFND
NOVOCURE/NPV VTG FPD,G6674U108,20,357,DFND
NU HLDGS LTD,G6683N103,35,359,DFND
NVENT ELECTRIC PLC,G6700G107,5,263,DFND
PAYSAFE LIMITED SHS ADR,G6964L206,117,1836,DFND
RENAISSANCERE HLDGS LTD,G7496G103,16,3840,DFND
ROIVANT SCIENCES LTD,G76279101,47,475,DFND
SEAGATE TECHNOLOGY HLDNGS PL ORD SHS,G7997R103,1000,84950,DFND
SEAGATE TECHNOLOGY HLDNGS PL,G7997R103,42,3568,DFND
PENTAIR PLC,G7S00T104,10,875,DFND
SAPIENS INTL CORP N V,G7T16G103,5,136,DFND
SENSATA TECHNOLOGIES HLDG PL,G8060N102,38,923,DFND
SHARKNINJA INC,G8068L108,10,835,DFND
SIGNET JEWELERS LIMITED,G81276100,10,581,DFND
SMURFIT WESTROCK PLC,G8267P108,73,3290,DFND
STERIS PLC ADR,G8473T100,16,3626,DFND
STERIS PLC ADR,G8473T100,13,2947,DFND
STONECO LTD,G85158106,110,1153,DFND
TE CONNECTIVITY PLC ADR,G87052109,11,1555,DFND
TE CONNECTIVITY PLC,G87052109,32,4523,DFND
TRANE TECHNOLOGIES PLC ADR,G8994E103,130,43800,DFND
TRANE TECHNOLOGIES PLC ADR,G8994E103,23,7749,DFND
TRANE TECHNOLOGIES PLC,G8994E103,203,68395,DFND
WILLIS TOWERS WATSON PLC LTD,G96629103,12,4056,DFND
XP INC,G98239109,355,4882,DFND
ADC THERAPEUTICS SA,H0036K147,46,65,DFND
ALCON INC,H01301128,264,24843,DFND
BUNGE GLOBAL SA,H11356104,37,2828,DFND
CHUBB LIMITED COM,H1467J104,14591,4406336,DFND
CHUBB LIMITED COM,H1467J104,40722,12297637,DFND
CHUBB LIMITED,H1467J104,773,233439,DFND
CRISPR THERAPEUTICS AG NAMEN A,H17182108,125,4254,DFND
GARMIN LTD/SH SH ADR,H2906T109,51,11074,DFND
GARMIN LTD,H2906T109,27,5863,DFND
UBS GROUP AG,H42097107,150,4595,DFND
TRANSOCEAN LTD,H8817H100,168,533,DFND
ARDAGH METAL PACKAGING S A,L02235106,1900,5738,DFND
GLOBANT S A,L44385109,3,354,DFND
SPOTIFY TECHNOLOGY SA ADR,L8681T102,41,22551,DFND
SPOTIFY TECHNOLOGY S A,L8681T102,30,16501,DFND
BIRKENSTOCK HOLDING PLC,M2029K104,265,12151,DFND
GAUZY LTD,M4757U106,6940,55520,DFND
GILAT SATELLITE NETWORKS SHS A,M51474118,800,5080,DFND
RADWARE LTD,M81873107,238,5146,DFND
UROGEN PHARMA LTD,M96088105,56,620,DFND
WIX COM LTD,M98068105,23,3758,DFND
ASML HOLDING ADR,N07059210,98,64938,DFND
ASML HOLDING N V,N07059210,202,133852,DFND
ELASTIC N V,N14506104,10,891,DFND
CNH INDL N V,N20944109,35,430,DFND
FERRARI N V,N3167Y103,14,5991,DFND
LYONDELLBASELL INDUSTRIES N SHS - A -,N53745100,150,10560,DFND
LYONDELLBASELL INDUSTRIES N SHS - A -,N53745100,2976,209510,DFND
LYONDELLBASELL INDUSTRIES N SHS - A -,N53745100,12,845,DFND
NXP SEMICONDUCTORS ADR,N6596X109,3853,732301,DFND
NXP SEMICONDUCTORS N V,N6596X109,41,7793,DFND
QIAGEN NV,N72482206,5,201,DFND
COPA HOLDINGS SA,P31076105,10,925,DFND
ROYAL CARIBBEAN GROUP,V7780T103,192,39445,DFND
NAVIOS MARITIME PARTNERS LP CO,Y62267409,398,15610,DFND
