Company,CUSIP,Shares,Value,Discretion,PutCall
AFLAC INC,001055102,4614,508786,DFND,
AFLAC INC,001055102,3382,372933,DFND,
AFLAC INC,001055102,56,6176,DFND,
A10 NETWORKS INC,002121101,34,602,DFND,
ABBOTT LABS,002824100,22188,2779935,DFND,
ABBOTT LABS,002824100,32238,4039099,DFND,
ABBOTT LABS,002824100,575,72042,DFND,
ABERCROMBIE & FITCH CO,002896207,7,882,DFND,
ABRDN SILVER ETF TRUST,003264108,1142,77245,DFND,
ADDUS HOMECARE CORP,006739106,107,11491,DFND,
ADURO CLEAN TECHNOLOGIES INC,007408206,2000,20720,DFND,
ADVANCED MICRO DEVICES INC,007903107,25,5354,DFND,
ADVANCED MICRO DEVICES INC,007903107,49,10494,DFND,
ADVANCED MICRO DEVICES INC,007903107,225,48186,DFND,
AFFILIATED MANAGERS GROUP IN,008252108,6,1730,DFND,
AGREE RLTY CORP,008492100,7,505,DFND,
AIRBNB INC CL A,009066101,122,16558,DFND,
AIRBNB INC,009066101,31,4208,DFND,
AIR PRODS & CHEMS INC,009158106,612,151176,DFND,
AIR PRODS & CHEMS INC,009158106,32,7905,DFND,
ALASKA AIR GROUP INC,011659109,5,252,DFND,
ALBEMARLE CORP,012653101,32,4527,DFND,
ALCOA CORP,013872106,42,2232,DFND,
ALEXANDRIA REAL ESTATE EQ IN,015271109,10,490,DFND,
BREAD FINANCIAL HOLDINGS INC,018581108,212,15694,DFND,
ALLSTATE CORP,020002101,1911,397775,DFND,
ALLSTATE CORP,020002101,1572,327212,DFND,
ALLSTATE CORP,020002101,30,6245,DFND,
ALLSTATE CORP,020002101,54,11241,OTR,
AMAZON.COM INC,023135106,157988,36466790,DFND,
AMAZON.COM INC,023135106,200,46164,OTR,
AMAZON COM INC,023135106,35394,8169643,DFND,
AMAZON COM INC,023135106,3996,922357,DFND,
AMAZON COM INC,023135106,20,4617,OTR,
AMEREN CORP,023608102,47,4694,DFND,
AMENTUM HOLDINGS INC,023939101,18,522,DFND,
AMERICAN CENTY ETF TR,025072604,4006,308543,DFND,
AMERICAN CENTY ETF TR,025072703,27966,2302162,DFND,
AMERICAN ELEC PWR INC,025537101,5345,616332,DFND,
AMERICAN ELEC PWR CO INC,025537101,75,8649,DFND,
AMERICAN EXPRESS CO,025816109,2667,986657,DFND,
AMERICAN EXPRESS CO,025816109,12321,4558154,DFND,
AMERICAN EXPRESS CO,025816109,295,109136,DFND,
AMERICAN FINL GROUP INC OHIO,025932104,8,1094,DFND,
AMERICAN INTERNATIONAL GROUP,026874784,130,11122,DFND,
AMERICAN INTL GROUP INC,026874784,110,9411,DFND,
AMERICAN WATER WORKS CO INC,030420103,3256,424908,DFND,
AMERICAN WTR WKS CO INC NEW,030420103,53,6917,DFND,
AMERICAN WTR WKS CO INC NEW,030420103,100,13050,OTR,
AMETEK INC,031100100,40,8213,DFND,
AMGEN INC,031162100,12067,3949650,DFND,
AMGEN INC,031162100,12198,3992528,DFND,
AMGEN INC,031162100,258,84446,DFND,
AMKOR TECHNOLOGY INC,031652100,31,1224,DFND,
AMPHENOL CORP,032095101,9,1216,DFND,
AMPHENOL CORP NEW,032095101,116,15676,DFND,
AMPHENOL CORP NEW,032095101,149,20136,DFND,
AMPLIFY ETF TR,032108649,1150,31821,DFND,
ANALOG DEVICES INC,032654105,218,59122,DFND,
ANALOG DEVICES INC,032654105,23,6238,DFND,
ANALOG DEVICES INC,032654105,174,47237,DFND,
ANNALY CAPITAL MANAGEMENT IN,035710839,29,649,DFND,
ELEVANCE HEALTH INC,036752103,26032,9125518,DFND,
ELEVANCE HEALTH INC FORMERLY,036752103,8427,2954085,DFND,
ELEVANCE HEALTH INC FORMERLY,036752103,21,7362,DFND,
APPLE INC,037833100,374497,101810754,DFND,
APPLE INC,037833100,460,125056,OTR,
APPLE INC,037833100,67362,18313034,DFND,
APPLE INC,037833100,8991,2444343,DFND,
APPLE INC,037833100,140,38061,OTR,
APPLIED MATERIALS INC,038222105,2083,535310,DFND,
APPLIED MATLS INC,038222105,1900,488281,DFND,
APPLIED MATLS INC,038222105,85,21845,DFND,
APTARGROUP INC,038336103,41,5000,DFND,
APTARGROUP INC,038336103,5,610,DFND,
ARCHER DANIELS MIDLAND CO,039483102,22,1265,DFND,
ARCOSA INC,039653100,2116,224974,DFND,
ARISTA NETWORKS INC,040413205,16903,2214800,DFND,
ARISTA NETWORKS INC,040413205,940,123168,DFND,
ARISTA NETWORKS INC,040413205,102,13366,DFND,
ARROW ELECTRONICS INC COM,042735100,25,2755,DFND,
ARROW ELECTRS INC,042735100,5,551,DFND,
ASTRAZENECA PLC SPONS ADR,046353108,62693,5763367,DFND,
ASTRAZENECA PLC SPONS ADR,046353108,236,21695,OTR,
ASTRAZENECA PLC,046353108,693,63707,DFND,
ASTRAZENECA PLC,046353108,100,9193,DFND,
ATLASSIAN CORPORATION,049468101,88,14269,DFND,
ATMOS ENERGY CORPORATION,049560105,1380,231329,DFND,
ATMOS ENERGY CORP,049560105,13,2180,DFND,
AUTODESK INC,052769106,25,7400,DFND,
AUTODESK INC,052769106,65,19241,DFND,
AUTOLIV INC,052800109,96,11417,DFND,
AUTOMATIC DATA PROCESSING INC,053015103,4075,1048212,DFND,
AUTOMATIC DATA PROCESSING IN,053015103,12917,3322640,DFND,
AUTOMATIC DATA PROCESSING IN,053015103,178,45787,DFND,
AVALONBAY CMNTYS INC,053484101,6,1088,DFND,
AVERY DENNISON CORP,053611109,22,4001,DFND,
AVERY DENNISON CORP,053611109,14,2547,DFND,
BP PLC SPONS ADR,055622104,90138,3130493,DFND,
BP PLC SPONS ADR,055622104,750,26048,OTR,
BP PLC,055622104,2733,94917,DFND,
BRT APARTMENTS CORP,055645303,1250,18375,DFND,
BADGER METER IN/SH SH,056525108,9,1570,DFND,
BAIDU INC,056752108,50,6533,OTR,
BALL CORP,058498106,41,2172,DFND,
BALL CORP,058498106,25,1325,DFND,
BANK OF AMERICA CORP,060505104,251502,13832610,DFND,
BANK AMERICA CORP,060505104,2136,117480,DFND,
BANK AMERICA CORP,060505104,1151,63305,DFND,
BANK AMERICA CORP,060505104,350,19250,OTR,
BANK HAWAII CORP,062540109,10,684,DFND,
BANK OF NEW YORK MELLON CORP,064058100,14582,1692824,DFND,
BANK NEW YORK MELLON CORP,064058100,44,5108,DFND,
BASSETT FURNITURE INDUSTRIES I,070203104,8780,147153,DFND,
BATH & BODY WORKS INC,070830104,5,101,DFND,
BAUSCH PLUS LOMB CORP,071705107,44,752,DFND,
BAXTER INTERNATIONAL INC,071813109,52,994,DFND,
BAXTER INTL INC,071813109,10,192,DFND,
BECTON DICKINSON & CO,075887109,3486,676528,DFND,
BECTON DICKINSON & CO,075887109,33,6404,DFND,
BECTON DICKINSON & CO,075887109,57,11062,DFND,
BERKLEY WR CORP,084423102,57,3997,DFND,
BERKLEY W R CORP,084423102,93,6522,DFND,
BERKSHIRE HATHAWAY INC-CL A,084670108,2,1509600,DFND,
BERKSHIRE HATHAWAY INC-CL B,084670702,108684,54630013,DFND,
BERKSHIRE HATHAWAY INC-CL B,084670702,195,98017,OTR,
BERKSHIRE HATHAWAY INC DEL,084670702,19920,10012788,DFND,
BERKSHIRE HATHAWAY INC DEL,084670702,704,353866,DFND,
BERKSHIRE HATHAWAY INC DEL,084670702,86,43228,OTR,
BEST BUY INC,086516101,512,34269,DFND,
BHP GROUP LIMITED ADR,088606108,26567,1603850,DFND,
BHP GROUP LTD,088606108,3794,229044,DFND,
BILL HOLDINGS INC,090043100,5,273,DFND,
BIO RAD LABS INC,090572207,2,606,DFND,
BLACKROCK ETF TRUST II,092528876,1523,77331,DFND,
H&R BLOCK INC,093671105,200,8716,DFND,
BLOCK H & R INC,093671105,20,872,DFND,
BLOOM ENERGY CO/SH CL A,093712107,1000,86890,DFND,
BOEING COMPANY,097023105,4354,945340,DFND,
BOEING CO,097023105,206,44726,DFND,
BOEING CO,097023105,65,14113,DFND,
BOOZ ALLEN HAMILTON HOLDING CO,099502106,87,7339,DFND,
BOOZ ALLEN HAMILTON HLDG COR,099502106,18,1519,DFND,
BORGWARNER INC,099724106,24,1082,DFND,
BXP INC,101121101,41,2767,DFND,
BOSTON SCIENTIFIC CORP,101137107,166021,15830102,DFND,
BOSTON SCIENTIFIC CORP,101137107,217,20691,OTR,
BOSTON SCIENTIFIC CORP,101137107,1711,163144,DFND,
BOSTON SCIENTIFIC CORP,101137107,387,36901,DFND,
SRH TOTAL RETURN FUND,101507101,100000,1854000,DFND,
BRIGHT HORIZONS FAMILY SOLUTIO,109194100,29,2941,DFND,
BRISTOL MYERS SQUIBB CO,110122108,21609,1165589,DFND,
BRISTOL-MYERS SQUIBB CO,110122108,676,36464,DFND,
BRISTOL-MYERS SQUIBB CO,110122108,174,9386,DFND,
AZENTA INC,114340102,5,167,DFND,
BROWN & BROWN INC,115236101,37,2949,DFND,
BROWN FORMAN CORP CLASS B,115637209,20,521,DFND,
BROWN FORMAN CORP,115637209,75,1955,DFND,
BRUKER CORP/SH,116794108,40,1884,DFND,
BRUKER CORP,116794108,44,2073,DFND,
BRUNSWICK CORP,117043109,26,1931,DFND,
BURLINGTON STORES INC,122017106,15,4333,DFND,
BURLINGTON STORES INC,122017106,3,867,DFND,
CBIZ INC,124805102,265,13369,DFND,
CF INDUSTRIES HOLDINGS INC,125269100,100,7734,DFND,
CF INDS HLDGS INC,125269100,15,1161,DFND,
CIGNA GROUP,125523100,425,116973,DFND,
THE CIGNA GROUP,125523100,255,70184,DFND,
THE CIGNA GROUP,125523100,50,13762,DFND,
CMS ENERGY CORP,125896100,30,2098,DFND,
CMS ENERGY CORP,125896100,72,5035,DFND,
CNA FINL CORP,126117100,5,239,DFND,
CSG SYS INTL INC,126349109,231,17715,DFND,
CSX CORPORATION,126408103,23778,861953,DFND,
CSX CORP,126408103,240,8700,DFND,
CSX CORP,126408103,1619,58689,DFND,
CVS HEALTH CORP,126650100,41661,3306217,DFND,
CVS HEALTH CORP,126650100,486,38569,DFND,
COTERRA ENERGY INC COM,127097103,227,5975,DFND,
COTERRA ENERGY INC,127097103,602,15845,DFND,
COTERRA ENERGY INC,127097103,91,2396,DFND,
CACI INTL INC,127190304,62,33034,DFND,
"CADENCE DESIGN SYSTEMS, INC.",127387108,188,58765,DFND,
CADENCE DESIGN SYSTEM INC,127387108,45,14067,DFND,
CAMDEN PROPERTY TRUST,133131102,14,1541,DFND,
CAMDEN PPTY TR,133131102,10,1101,DFND,
THE CAMPBELLS COMPANY,134429109,20,558,DFND,
CANADIAN IMPERIAL BANK OF CO,136069101,2000,181220,DFND,
CANADIAN NATIONAL RAILWAY CO,136375102,467,46163,DFND,
CANADIAN NATL RY CO,136375102,452,44680,DFND,
CANADIAN NATURAL RESOURCES LTD,136385101,292,9884,DFND,
CANOPY GROWTH CORPORATION ADR,138035704,10,11,DFND,
CARLISLE COS INC,142339100,8,2559,DFND,
CARMAX INC,143130102,690,26662,DFND,
CARMAX INC,143130102,100,3864,DFND,
CARMAX INC,143130102,34,1314,DFND,
CARNIVAL CORP ADR,143658300,5260,160640,DFND,
CARNIVAL CORP,143658300,185,5650,DFND,
CARNIVAL CORP,143658300,216,6597,DFND,
CARVANA CO,146869102,59,24900,DFND,
CASEYS GEN STORES INC,147528103,1,553,DFND,
CAVA GROUP INC COM,148929102,134,7864,DFND,
CATERPILLAR INC,149123101,2691,1541593,DFND,
CATERPILLAR INC,149123101,772,442256,DFND,
CATERPILLAR INC,149123101,384,220161,DFND,
CELANESE CORP,150870103,22,930,DFND,
CELANESE CORP DEL,150870103,37,1565,DFND,
CHARLES RIV LABS INTL INC,159864107,12,2394,DFND,
CHEMOURS COMPANY,163851108,300,3537,DFND,
CHEMOURS CO,163851108,30,354,DFND,
EXPAND ENERGY CORPORATION,165167735,23,2539,DFND,
CHEVRON CORPORATION,166764100,79882,12174816,DFND,
CHEVRON CORPORATION,166764100,500,76205,OTR,
CHEVRON CORP NEW,166764100,21437,3267214,DFND,
CHEVRON CORP NEW,166764100,291,44352,DFND,
CHIPOTLE MEXICAN GRILL INC,169656105,289,10693,DFND,
CHIPOTLE MEXICAN GRILL INC,169656105,50,1850,DFND,
CHIPOTLE MEXICAN GRILL INC,169656105,131,4847,DFND,
CHOICE HOTELS INTL INC,169905106,15,1429,DFND,
CHURCH & DWIGHT CO INC,171340102,13257,1111599,DFND,
CHURCH & DWIGHT CO INC,171340102,325,27251,DFND,
CHURCH & DWIGHT CO INC,171340102,49,4109,DFND,
"CHURCHILL DOWNS, INC.",171484108,37,4210,DFND,
CHURCHILL DOWNS INC,171484108,5,569,DFND,
CIENA CORP,171779309,21,4912,DFND,
CINCINNATI FINANCIAL CORP,172062101,2839,463665,DFND,
CINCINNATI FINL CORP,172062101,17,2776,DFND,
CINCINNATI FINL CORP,172062101,24,3920,DFND,
CIRRUS LOGIC INC,172755100,11,1304,DFND,
CINTAS CORP,172908105,480,90274,DFND,
CINTAS CORP,172908105,55,10344,DFND,
CITIGROUP INC,172967424,327,38158,DFND,
CITIGROUP INC,172967424,158,18438,DFND,
CITIZENS FINANCIAL GROUP INC C,174610105,91,5315,DFND,
CITIZENS FINL GROUP INC,174610105,94,5491,DFND,
CLEVELAND-CLIFFS INC NEW,185899101,53,704,DFND,
CLOROX COMPANY,189054109,8,807,DFND,
CLOROX CO DEL,189054109,15,1513,DFND,
COCA COLA CO,191216100,196724,13752975,DFND,
COCA COLA CO,191216100,647,45232,OTR,
COCA COLA CO,191216100,70110,4901390,DFND,
COCA COLA CO,191216100,1227,85780,DFND,
COCA COLA CO,191216100,50,3496,OTR,
COGNEX CORP,192422103,21,756,DFND,
COGNIZANT TECHNOLOGY SOLUTIO,192446102,54,4482,DFND,
COLGATE PALMOLIVE CO,194162103,2229,176136,DFND,
COLGATE PALMOLIVE CO,194162103,1841,145476,DFND,
COLGATE PALMOLIVE CO,194162103,75,5927,DFND,
COLLIERS INTL GROUP INC,194693107,118,17347,DFND,
COLUMBIA BKG SYS INC,197236102,5,140,DFND,
COMFORT SYS USA INC,199908104,2,1867,DFND,
COMERICA INC,200340107,192,16691,DFND,
COMMERCE BANCSHARES INC,200525103,10,524,DFND,
COMMERCIAL METALS CO,201723103,12,831,DFND,
CONAGRA BRANDS INC,205887102,54,935,DFND,
CONSOLIDATED EDISON INC,209115104,231,22943,DFND,
CONSOLIDATED EDISON INC,209115104,1000,99320,DFND,
CONSOLIDATED EDISON INC,209115104,1284,127527,DFND,
COOPER COS INC,216648501,5,410,DFND,
COPART INC,217204106,50,1958,DFND,
COPART INC,217204106,120,4698,DFND,
CORNING INC,219350105,75,6567,DFND,
CORNING INC,219350105,2477,216887,DFND,
CORPAY INC,219948106,4,1204,DFND,
CORVEL CORP,221006109,300,20301,DFND,
COTY INC,222070203,165,509,DFND,
COUSINS PPTYS INC,222795502,40,1032,DFND,
CUBESMART COM,229663109,152,5480,DFND,
CUBESMART,229663109,13,469,DFND,
CULLEN FROST BANKERS INC,229899109,14,1773,DFND,
CUMMINS INC,231021106,1005,513002,DFND,
CUMMINS INC,231021106,250,127613,DFND,
CUMMINS INC,231021106,10,5105,DFND,
CURTISS WRIGHT CORP,231561101,173,95370,DFND,
CURTISS WRIGHT CORP,231561101,2,1103,DFND,
DBX ETF TR,233051200,502,24151,DFND,
DBX ETF TR,233051200,728,35025,DFND,
DBX ETF TR,233051481,485,28274,DFND,
DBX ETF TR,233051515,305,10965,DFND,
DTE ENERGY CO,233331107,38,4902,DFND,
DANAHER CORP,235851102,73393,16801126,DFND,
DANAHER CORP,235851102,200,45784,OTR,
DANAHER CORPORATION,235851102,24836,5685457,DFND,
DANAHER CORPORATION,235851102,77,17627,DFND,
DARDEN RESTAURANTS INC,237194105,4,736,DFND,
DARDEN RESTAURANTS INC,237194105,16,2945,DFND,
DARLING INGREDIENTS INC,237266101,34,1224,DFND,
DARLING INGREDIENTS INC,237266101,5,180,DFND,
DECKERS OUTDOOR CORP.,243537107,34,3525,DFND,
DECKERS OUTDOOR CORP,243537107,17,1763,DFND,
DEERE & CO.,244199105,2105,980025,DFND,
DEERE & CO,244199105,18,8380,DFND,
DEERE & CO,244199105,32,14899,DFND,
DELTA AIR LINES INC,247361702,78,5413,DFND,
DELTA AIR LINES INC DEL,247361702,76,5275,DFND,
DEXCOM INC,252131107,20,1328,DFND,
"DICKS SPORTING GOODS, INC.",253393102,36,7127,DFND,
DICKS SPORTING GOODS INC,253393102,3,594,DFND,
DIEBOLD NIXDORF INC,253651202,13,883,DFND,
DIGITAL REALTY TR INC,253868103,350,54149,DFND,
DIGITAL RLTY TR INC,253868103,19,2940,DFND,
DILLARDS INC,254067101,7,4244,DFND,
DISNEY WALT CO NEW,254687106,13237,1505973,DFND,
DISNEY WALT CO,254687106,35117,3995261,DFND,
DISNEY WALT CO,254687106,229,26054,DFND,
DOCUSIGN INC,256163106,14,958,DFND,
DOLLAR GENERAL CORP,256677105,500,66385,DFND,
DOLLAR GEN CORP NEW,256677105,84,11153,DFND,
DOLLAR TREE INC,256746108,1975,242945,DFND,
DOLLAR TREE INC,256746108,35,4306,DFND,
DONALDSON INC,257651109,16,1419,DFND,
DORMAN PRODS INC,258278100,5,616,DFND,
DOVER CORP,260003108,19,3710,DFND,
DOVER CORP,260003108,68,13277,DFND,
DOW INC,260557103,7827,182995,DFND,
DOW INC,260557103,81,1894,DFND,
DYNATRACE INC/SH CL B,268150109,205,8885,DFND,
DYNATRACE INC,268150109,16,694,DFND,
EASTGROUP PROPERTIES INC,277276101,16,2850,DFND,
EASTMAN CHEM CO,277432100,28,1788,DFND,
EASTMAN KODAK CO,277461406,1000,8460,DFND,
EBAY INC,278642103,28,2439,DFND,
EBAY INC.,278642103,20,1742,DFND,
ECOLAB INC COM,278865100,5701,1496627,DFND,
ECOLAB INC,278865100,110,28877,DFND,
ECOLAB INC,278865100,21,5513,DFND,
EDISON INTL,281020107,851,51078,DFND,
ELECTRONIC ARTS INC,285512109,2206,450752,DFND,
EMERSON ELECTRIC,291011104,19202,2548489,DFND,
EMERSON ELEC CO,291011104,30577,4058180,DFND,
EMERSON ELEC CO,291011104,37,4911,DFND,
ENERGY FUELS INC,292671708,990,14395,DFND,
ENTERPRISE PRODS PARTNERS LP,293792107,680,21801,DFND,
ENTERPRISE PRODS PARTNERS L,293792107,1333,42736,DFND,
ENTERPRISE PRODS PARTNERS L,293792107,1,20,DFND,
EPLUS INC,294268107,206,18066,DFND,
EQUIFAX INC,294429105,55,11934,DFND,
EQUIFAX INC,294429105,20,4340,DFND,
ERICSSON SPONS ADR,294821608,910,8782,DFND,
ESSEX PPTY TR INC,297178105,3,786,DFND,
EVERUS CONSTR GROUP,300426103,2,172,DFND,
EXPEDITORS INTL WASH INC COM,302130109,17,2533,DFND,
EXPEDITORS INTL WASH INC,302130109,88,13113,DFND,
FMC CORP,302491303,40,555,DFND,
F N B CORP,302520101,115,1967,DFND,
FTI CONSULTING INC,302941109,6,1025,DFND,
FACTSET RESEARCH SYSTEM INC,303075105,5,1451,DFND,
FACTSET RESH SYS INC,303075105,51,14800,DFND,
FAIR ISAAC CORP,303250104,1,1691,DFND,
FASTENAL CO,311900104,486,19503,DFND,
FASTENAL CO,311900104,72,2889,DFND,
FASTENAL CO,311900104,166,6662,DFND,
FEDERAL REALTY INVESTMENT TRUS,313745101,19,1915,DFND,
FEDERAL RLTY INVT TR NEW,313745101,10,1008,DFND,
F5 INC,315616102,10,2553,DFND,
FIDELITY MSCI CONSUMER DISCRET,316092204,75,7662,DFND,
FIDELITY COVINGTON TRUST,316092204,12,1226,DFND,
FIDELITY COVINGTON TRUST,316092303,25,1230,DFND,
FIDELITY COVINGTON TRUST,316092501,16,1244,DFND,
FIDELITY COVINGTON TRUST,316092600,24,1783,DFND,
FIDELITY MSCI INFORMATION TECH,316092808,210,47181,DFND,
FIDELITY COVINGTON TRUST,316092808,13,2921,DFND,
FIDELITY COVINGTON TRUST,316092873,36,2639,DFND,
FIDUS INVESTMENT CORP,316500107,500,9650,DFND,
FIFTH THIRD BANCORP COM,316773100,165,7724,DFND,
FIFTH THIRD BANCORP,316773100,151,7069,DFND,
FIRST BANCORP NC COM,318910106,12989,659711,DFND,
FIRST BANCORP N C,318910106,200,10158,DFND,
FIRST BANKSHARES CORP,319288106,257,18054,DFND,
FIRST HORIZON CORPORATION,320517105,100,2390,DFND,
FIRST SOLAR INC/SH SH,336433107,17,4441,DFND,
FIRST SOLAR INC,336433107,9,2352,DFND,
FISERV INC,337738108,3135,210578,DFND,
FISERV INC,337738108,22375,1502929,DFND,
FISERV INC,337738108,38,2553,DFND,
FIRSTENERGY CORP,337932107,2,90,DFND,
FIRSTENERGY CORP,337932107,41,1836,DFND,
FLUOR CORP NEW,343412102,5500,217965,DFND,
FLOWERS FOODS INC,343498101,160,1741,DFND,
FORD MOTOR CO DEL,345370860,6530,85674,DFND,
FORD MTR CO,345370860,2405,31554,DFND,
FORD MTR CO,345370860,797,10457,DFND,
FRANKLIN RESOURCES INC,354613101,91,2174,DFND,
FREEDOM HLDG CORP NEV,356390104,4,487,DFND,
FRESHPET INC/SH,358039105,22,1340,DFND,
FRESHPET INC,358039105,10,610,DFND,
FULLER H B CO,359694106,174,10346,DFND,
GALLAGHER ARTHUR J & CO COM,363576109,50,12940,DFND,
GALLAGHER ARTHUR J & CO,363576109,29,7505,DFND,
GALLAGHER ARTHUR J & CO,363576109,17,4400,DFND,
GARTNER INC,366651107,8,2019,DFND,
GENERAC HLDGS INC,368736104,10,1364,DFND,
GENERAL DYNAMICS CORP,369550108,1201,404329,DFND,
GENERAL DYNAMICS CORP,369550108,310,104365,DFND,
GENERAL DYNAMICS CORP,369550108,29,9764,DFND,
GE AEROSPACE,369604301,9659,2975262,DFND,
GE AEROSPACE,369604301,220,67766,DFND,
GE AEROSPACE,369604301,6640,2045320,DFND,
GE AEROSPACE,369604301,52,16018,OTR,
GENERAL MLS INC,370334104,1232,57288,DFND,
GENERAL MLS INC,370334104,410,19065,DFND,
GENERAL MLS INC,370334104,69,3209,DFND,
GENTEX CORP,371901109,47,1094,DFND,
GENUINE PARTS CO,372460105,2157,265225,DFND,
GENUINE PARTS CO,372460105,915,112508,DFND,
GENUINE PARTS CO,372460105,21,2583,DFND,
GERMAN AMERN BANCORP INC,373865104,290,11362,DFND,
GETTY RLTY CORP NEW,374297109,300,8211,DFND,
GILEAD SCIENCES INC,375558103,7102,871699,DFND,
GILEAD SCIENCES INC,375558103,807,99051,DFND,
GILEAD SCIENCES INC,375558103,232,28476,DFND,
GILDAN ACTIVEWEAR INC,375916103,31,1937,DFND,
GODADDY INC CL A,380237107,63,7817,DFND,
GODADDY INC,380237107,25,3102,DFND,
GRACO INC,384109104,12,984,DFND,
GRAIL INC,384747101,12,1027,DFND,
GRAIL INC,384747101,20,1712,DFND,
WW GRAINGER INC,384802104,5,5046,DFND,
GRAPHIC PACKAGING HLDG CO,388689101,42,633,DFND,
GRAYSCALE BITCOIN TRUST ETF,389637109,5945,406400,DFND,
GRAYSCALE ETHEREUM TRUST ETF,389638107,460,11210,DFND,
GRAYSCALE BITCOIN MINI TR ET,389930207,1321,51162,DFND,
HF SINCLAIR CORP,403949100,257,11843,DFND,
HALEON PLC ADR,405552100,533,5389,DFND,
HALLIBURTON CO,406216101,1111,31397,DFND,
HALLIBURTON CO,406216101,336,9496,DFND,
HANOVER INS GROUP INC,410867105,18,3290,DFND,
HANOVER INS GROUP INC,410867105,5,914,DFND,
HARTFORD INSURANCE GROUP INC,416515104,31,4272,DFND,
HASBRO INC COM,418056107,14,1148,DFND,
HASBRO INC,418056107,5,410,DFND,
HEICO CORP NEW,422806109,82,26534,DFND,
HEICO CORP NEW,422806109,2,648,DFND,
HEICO CORP NEW,422806208,17,4292,DFND,
JACK HENRY & ASSOCIATES INC,426281101,17,3102,DFND,
HENRY JACK & ASSOC INC,426281101,4,730,DFND,
THE HERSHEY COMPANY,427866108,325,59144,DFND,
HERSHEY CO,427866108,20,3640,DFND,
HEXCEL CORP NEW,428291108,43,3178,DFND,
HIGHWOODS PPTYS INC,431284108,140,3615,DFND,
HOLOGIC INC,436440101,28,2086,DFND,
HOME DEPOT INC,437076102,42825,14736083,DFND,
HOME DEPOT INC,437076102,90,30969,OTR,
HOME DEPOT INC,437076102,16373,5633949,DFND,
HOME DEPOT INC,437076102,395,135920,DFND,
HONEYWELL INTERNATIONAL INC,438516106,6969,1359582,DFND,
HONEYWELL INTERNATIONAL INC,438516106,121,23606,OTR,
HONEYWELL INTL INC,438516106,3174,619215,DFND,
HONEYWELL INTL INC,438516106,738,143977,DFND,
HORMEL FOODS CORP,440452100,101,2394,DFND,
HOWMET AEROSPACE INC,443201108,40,8201,DFND,
HUBBELL INC,443510607,2,889,DFND,
HUBSPOT INC,443573100,12,4816,DFND,
HUMANA INC,444859102,21,5379,DFND,
"J.B. HUNT TRANSPORT SVCS, INC.",445658107,22,4275,DFND,
HUNT J B TRANS SVCS INC,445658107,18,3499,DFND,
HUNTINGTON BANCSHARES INC,446150104,659,11434,DFND,
HUNTINGTON INGALLS INDUSTRIES,446413106,100,34007,DFND,
HUNTINGTON INGALLS INDS INC,446413106,9,3061,DFND,
HUNTSMAN CORP,447011107,75,750,DFND,
HYATT HOTELS CORPORATION,448579102,34128,5471401,DFND,
HYATT HOTELS CORP,448579102,809,129699,DFND,
HYATT HOTELS CORP,448579102,4,642,DFND,
IDACORP INC/SH SH,451107106,14,1772,DFND,
IDACORP INC,451107106,515,65179,DFND,
ILLINOIS TOOL WORKS,452308109,3124,769441,DFND,
ILLINOIS TOOL WKS INC,452308109,92,22660,DFND,
ILLUMINA INC,452327109,45,5902,DFND,
ILLUMINA INC,452327109,77,10099,DFND,
ILLUMINA INC,452327109,30,3935,DFND,
ING GROEP ADR,456837103,147,4116,DFND,
ING GROEP N.V.,456837103,900,25200,DFND,
INSMED INC,457669307,9,1567,DFND,
INTEL CORP,458140100,6816,251510,DFND,
INTEL CORP,458140100,1880,69372,DFND,
INTEL CORP,458140100,1849,68229,DFND,
INTEL CORP,458140100,100,3690,OTR,
INTL. BUSINESS MACHINES CORP,459200101,30271,8966573,DFND,
INTERNATIONAL BUSINESS MACHS,459200101,4052,1200242,DFND,
INTERNATIONAL BUSINESS MACHS,459200101,1704,504742,DFND,
INTERNATIONAL BUSINESS MACHS,459200101,35,10368,OTR,
INTERNATIONAL FLAVORS & FRAGRA,459506101,250,16848,DFND,
INTERNATIONAL FLAVORS&FRAGRA,459506101,39,2629,DFND,
INTERNATIONAL PAPER CO,460146103,5106,201125,DFND,
INTERNATIONAL PAPER CO,460146103,1113,43841,DFND,
INTERNATIONAL PAPER CO,460146103,20,788,DFND,
INTUIT,461202103,51,33783,DFND,
INTUIT,461202103,476,315312,DFND,
INTUIT,461202103,35,23185,DFND,
IONIS PHARMACEUTICALS INC,462222100,14,1108,DFND,
ISHARES GOLD TR NEW ETF,464285204,5201,422165,DFND,
ISHARES GOLD TR,464285204,106,8604,DFND,
ISHARES GOLD TR,464285204,3909,317294,DFND,
ISHARES INC,464286293,874,38697,DFND,
ISHARES INC,464286319,1370,42690,DFND,
ISHARES INC,464286533,438,28050,DFND,
ISHARES S&P 100 ETF,464287101,132,45272,DFND,
ISHARES TR,464287150,726,107949,DFND,
ISHARES TR,464287150,212,31523,DFND,
ISHARES DJ SELECT DIVIDEND ETF,464287168,3348,472537,DFND,
ISHARES TR,464287168,465,65630,DFND,
ISHARES TR,464287168,553,78051,DFND,
ISHARES BARCLAYS TIPS BOND ETF,464287176,129,14178,DFND,
ISHARES TR,464287176,13663,1501700,DFND,
ISHARES CORE S&P 500 ETF,464287200,69523,47619084,DFND,
ISHARES TR,464287200,1070,732886,DFND,
ISHARES TR,464287200,843,577350,DFND,
ISHARES CORE U.S. AGGREGATE ET,464287226,50678,5061719,DFND,
ISHARES TR,464287226,8675,866459,DFND,
ISHARES TR,464287226,2980,297643,DFND,
ISHARES TR,464287234,3167,173274,DFND,
ISHARES S&P 500 GROWTH ETF,464287309,875,107853,DFND,
ISHARES TR,464287309,170,21013,DFND,
ISHARES S&P GLOBAL HEALTHCARE,464287325,198,19285,DFND,
ISHARES TR,464287408,4256,902570,DFND,
ISHARES 20plus YEAR TREASURY BOND,464287432,544,47415,DFND,
ISHARES TR 7-10 YR TRSY BD ETF,464287440,139,13366,DFND,
ISHARES TR,464287440,4419,424931,DFND,
ISHARES TR,464287440,5,481,DFND,
ISHARES BARCLAYS 1-3 YEAR TR E,464287457,381909,31629703,DFND,
ISHARES TR,464287457,19056,1578218,DFND,
ISHARES TR,464287457,1221,101124,DFND,
ISHARES MSCI EAFE ETF,464287465,19541,1876522,DFND,
ISHARES TR,464287465,9783,939506,DFND,
ISHARES RUSSELL MIDCAP VALUE E,464287473,1562,220320,DFND,
ISHARES TR,464287473,221,31173,DFND,
ISHARES RUSSELL MIDCAP GRWTH E,464287481,4509,617462,DFND,
ISHARES TR,464287481,276,37796,DFND,
ISHARES RUSSELL MIDCAP ETF,464287499,36812,3543891,DFND,
ISHARES CORE S&P MID-CAP ETF,464287507,29765,1964490,DFND,
ISHARES TR,464287507,9643,636438,DFND,
ISHARES TR,464287507,5726,377914,DFND,
ISHARES TR,464287515,655,69227,DFND,
ISHARES BIOTECHNOLOGY ETF,464287556,82,13839,DFND,
ISHARES TR,464287556,46,7764,DFND,
ISHARES TR,464287580,291,30011,DFND,
ISHARES RUSSELL 1000 VALUE ETF,464287598,5933,1247947,DFND,
ISHARES TR,464287598,1278,268815,DFND,
ISHARES S&P MIDCAP 400/GRWTH E,464287606,6323,612572,DFND,
ISHARES TR,464287606,1065,103178,DFND,
ISHARES RUSSELL 1000 GROWTH ET,464287614,6494,3073610,DFND,
ISHARES TR,464287614,270,127791,DFND,
ISHARES TR,464287614,1317,623337,DFND,
ISHARES RUSSELL 1000 ETF,464287622,2249,839867,DFND,
ISHARES TR,464287622,2114,789485,DFND,
ISHARES RUSSELL 2000 VALUE ETF,464287630,642,116337,DFND,
ISHARES TR,464287630,151,27363,DFND,
ISHARES RUSSELL 2000 GROWTH ET,464287648,340,109823,DFND,
ISHARES TR,464287648,34,10983,DFND,
ISHARES RUSSELL 2000 ETF,464287655,9069,2232425,DFND,
ISHARES TR,464287655,686,168866,DFND,
ISHARES TR,464287655,765,188348,DFND,
ISHARES TR,464287663,77,7896,DFND,
ISHARES TR CORE S&P US GROWTH,464287671,6119,1027625,DFND,
ISHARES TR,464287671,134,22504,DFND,
ISHARES TR,464287689,1717,664221,DFND,
ISHARES TR,464287689,4503,1742165,DFND,
ISHARES TR,464287697,150,16254,DFND,
ISHARES S&P MIDCAP 400/VALUE E,464287705,2909,382795,DFND,
ISHARES TR,464287705,1000,131590,DFND,
ISHARES TR,464287721,235,46925,DFND,
ISHARES TR,464287754,160,23707,DFND,
ISHARES TR,464287762,115,7486,DFND,
ISHARES TR,464287796,115,5466,DFND,
ISHARES CORE S&P SMALL-CAP ETF,464287804,84865,10199076,DFND,
ISHARES TR,464287804,1930,231948,DFND,
ISHARES TR,464287804,31825,3824731,DFND,
ISHARES TR,464287804,365,43866,OTR,
ISHARES TR,464287812,450,30114,DFND,
ISHARES TR,464287838,30,4619,DFND,
ISHARES S&P SMALLCAP 600/VAL E,464287879,3033,344913,DFND,
ISHARES S&P SMALLCAP/600 GROWT,464287887,1325,187037,DFND,
ISHARES TR,464287887,124,17504,DFND,
ISHARES TR,464288158,321,34251,DFND,
ISHARES GLOBAL TIMBER & FOREST,464288174,275,19803,DFND,
ISHARES NATIONAL MUNI ETF,464288414,132,14139,DFND,
ISHARES TR,464288414,779,83439,DFND,
ISHARES TR,464288448,1141,45013,DFND,
ISHARES MBS ETF,464288588,243,23138,DFND,
ISHARES BROAD USD INVESTMENT G,464288620,296,15324,DFND,
ISHARES 5-10 YR INVESTMENT GRA,464288638,124,6681,DFND,
ISHARES TR,464288638,34,1832,DFND,
ISHARES 1-5Y INV GRADE CORP ET,464288646,187,9889,DFND,
ISHARES TR,464288646,79057,4180534,DFND,
ISHARES TR,464288646,4,212,DFND,
ISHARES TR 10-20 YR TRS ETF,464288653,203,20639,DFND,
ISHARES TR 3-7 YR TREASURY BON,464288661,111,13248,DFND,
ISHARES TR,464288661,2175,259586,DFND,
ETF ISHARES SHORT TREASURY BON,464288679,30,3305,DFND,
ISHARES TR,464288679,42,4626,DFND,
ISHARES TR,464288679,857,94399,DFND,
ISHARES PREFERRED & INCOME SEC,464288687,13435,415948,DFND,
ISHARES TR,464288687,60777,1881656,DFND,
ISHARES MSCI EAFE VALUE ETF,464288877,15245,1088645,DFND,
ISHARES RUSSELL TOP 200 VALUE,464289420,1013,93054,DFND,
ISHARES RUSSELL TOP 200 GROWTH,464289438,499,138193,DFND,
ISHARES TR,464289867,390,25354,DFND,
ISHARES TR,464289867,5016,326091,DFND,
ISHARES TR,464289875,663,31645,DFND,
JABIL INC,466313103,57,12997,DFND,
JABIL INC,466313103,14,3193,DFND,
JOHNSON & JOHNSON,478160104,33337,6899092,DFND,
JOHNSON & JOHNSON,478160104,5426,1122911,DFND,
JOHNSON & JOHNSON,478160104,667,138036,DFND,
KLA CORP COM NEW,482480100,33,40098,DFND,
KLA CORP,482480100,36,43743,DFND,
KLA CORP,482480100,42,51034,DFND,
KARMAN HLDGS INC,485924104,10,732,DFND,
KEMPER CORP,488401100,5,203,DFND,
KEYCORP,493267108,340,7018,DFND,
KIMBERLY-CLARK CORP,494368103,130,13116,DFND,
KIMBERLY-CLARK CORP,494368103,194,19573,DFND,
KIMBERLY-CLARK CORP,494368103,43,4339,DFND,
KNIGHT-SWIFT TRANSN HLDGS IN,499049104,12,628,DFND,
KOHLS CORP,500255104,30,613,DFND,
KRAFT HEINZ CO,500754106,692,16781,DFND,
KRAFT HEINZ CO,500754106,290,7033,DFND,
KRAFT HEINZ CO,500754106,132,3201,DFND,
KROGER CO,501044101,642,40113,DFND,
LKQ CORP,501889208,20,604,DFND,
L3 HARRIS TECHNOLOGIES INC,502431109,46848,13753167,DFND,
L3 HARRIS TECHNOLOGIES INC,502431109,120,35228,OTR,
L3HARRIS TECHNOLOGIES INC,502431109,16415,4818951,DFND,
L3HARRIS TECHNOLOGIES INC,502431109,18,5285,DFND,
LABCORP HOLDINGS INC.,504922105,166,41646,DFND,
LABCORP HOLDINGS INC,504922105,10,2509,DFND,
LA Z BOY INC,505336107,300,11181,DFND,
LAM RESEARCH CORPORATION COM U,512807306,244,41768,DFND,
LAM RESEARCH CORP,512807306,245,41940,DFND,
LAMAR ADVERTISING NEW CL A,512816109,27,3418,DFND,
LAMAR ADVERTISING CO NEW,512816109,10,1266,DFND,
LAMB WESTON HOLDINGS INC,513272104,70,2932,DFND,
LAMB WESTON HLDGS INC,513272104,10,419,DFND,
LANDSTAR SYS INC,515098101,150,21555,DFND,
LAS VEGAS SANDS CORP,517834107,21,1367,DFND,
LATTICE SEMICONDUCTOR CORP,518415104,10,736,DFND,
LAUDER ESTEE COS INC,518439104,54,5655,DFND,
LEGGETT & PLATT INC,524660107,40,440,DFND,
LEIDOS HOLDINGS INC,525327102,10,1804,DFND,
LEMAITRE VASCULAR INC,525558201,244,19788,DFND,
LENNAR CORP,526057104,964,99100,DFND,
LENNAR CORP,526057302,18,1713,DFND,
LENNOX INTERNATIONAL INC,526107107,5,2428,DFND,
LENNOX INTL INC,526107107,1,486,DFND,
LIBERTY BROADBAND CORP CL C,530307305,16,778,DFND,
LIBERTY BROADBAND CORP,530307305,10,486,DFND,
LIBERTY LIVE HOLDINGS INC,530909308,12,998,DFND,
LIBERTY MEDIA CORP DEL,531229755,6,592,DFND,
ELI LILLY & CO.,532457108,9415,10118112,DFND,
ELI LILLY & CO,532457108,1211,1301469,DFND,
ELI LILLY & CO,532457108,701,753351,DFND,
"LINCOLN ELECTRIC HOLDINGS, INC",533900106,21,5032,DFND,
LINCOLN ELEC HLDGS INC,533900106,9,2157,DFND,
LINCOLN NATL CORP,534187109,251,11177,DFND,
LINCOLN NATL CORP IND,534187109,247,10999,DFND,
LITTELFUSE INC,537008104,3,759,DFND,
LIVE NATION ENTERTAINMENT IN,538034109,39,5558,DFND,
LOCKHEED MARTIN CORP,539830109,4203,2032865,DFND,
LOCKHEED MARTIN CORP,539830109,30,14510,DFND,
LOCKHEED MARTIN CORP,539830109,200,96734,DFND,
LOCKHEED MARTIN CORP,539830109,10,4837,OTR,
LOEWS CORP,540424108,56,5897,DFND,
LOEWS CORP,540424108,16,1685,DFND,
LOWES COS INC,548661107,23629,5698370,DFND,
LOWES COS INC,548661107,344,82959,DFND,
LOWES COS INC,548661107,201,48474,DFND,
LULULEMON ATHLETICA INC,550021109,12,2494,DFND,
MDU RES GROUP INC,552690109,10,196,DFND,
MGIC INVT CORP WIS,552848103,35,1023,DFND,
MGM RESORTS INTERNATIONAL,552953101,72,2628,DFND,
MP MATERIALS CORP,553368101,43,2172,DFND,
MP MATERIALS CORP,553368101,35,1769,DFND,
MSA SAFETY INC/SH SH,553498106,19,3043,DFND,
MSA SAFETY INC,553498106,4,641,DFND,
MV OIL TR,553859109,3939,4805,DFND,
MADRIGAL PHARMACEUTICALS INC,558868105,2,1165,DFND,
MANHATTAN ASSOCIATES INC,562750109,9,1560,DFND,
MAPLEBEAR INC,565394103,15,675,DFND,
MARCUS & MILLICHAP INC,566324109,183,4994,DFND,
MARKEL GROUP INC COM,570535104,52,111782,DFND,
MARSH,571748102,309,57326,DFND,
MARSH & MCLENNAN COS INC,571748102,76,14100,DFND,
MARRIOTT INTERNATIONAL INC,571903202,47,14581,DFND,
MARRIOTT INTL INC NEW,571903202,23,7136,DFND,
MARTIN MARIETTA MATERIALS INC,573284106,30,18680,DFND,
MARTIN MARIETTA MATLS INC,573284106,16,9963,DFND,
MARVELL TECHNOLOGY INC COM,573874104,143,12152,DFND,
MARVELL TECHNOLOGY INC,573874104,200,16996,DFND,
MARVELL TECHNOLOGY INC,573874104,520,44190,DFND,
MASCO CORP COM,574599106,34,2158,DFND,
MASCO CORP,574599106,38,2412,DFND,
MATADOR RES CO,576485205,43,1825,DFND,
MATERION CORP,576690101,104,12929,DFND,
MATTEL INC,577081102,25,496,DFND,
MAXIMUS INC,577933104,186,16056,DFND,
MAXIMUS INC,577933104,7,605,DFND,
MCCORMICK & CO INC COM NON VTG,579780206,563,38346,DFND,
MCCORMICK & CO INC,579780206,13,886,DFND,
MCDONALDS CORP,580135101,11628,3553866,DFND,
MCDONALDS CORP,580135101,544,166263,DFND,
MCDONALDS CORP,580135101,543,165965,DFND,
MCDONALDS CORP,580135101,25,7641,OTR,
MCGRATH RENTCORP,580589109,140,14690,DFND,
MERCURY SYS INC,589378108,10,731,DFND,
"MERIT MEDICAL SYSTEMS, INC.",589889104,51,4495,DFND,
METTLER TOLEDO INTERNATIONAL,592688105,3,4183,DFND,
MICROSOFT CORP,594918104,224242,108447916,DFND,
MICROSOFT CORP,594918104,342,165398,OTR,
MICROSOFT CORP,594918104,28570,13817023,DFND,
MICROSOFT CORP,594918104,4261,2060705,DFND,
MICROSOFT CORP,594918104,172,83183,OTR,
STRATEGY INC,594972408,21,3191,DFND,
MICROCHIP TECHNOLOGY INC.,595017104,178,11343,DFND,
MICROCHIP TECHNOLOGY INC.,595017104,50,3186,OTR,
MICRON TECHNOLOGY INC,595112103,36369,10380076,DFND,
MICRON TECHNOLOGY INC,595112103,125,35676,DFND,
MICRON TECHNOLOGY INC,595112103,165,47093,DFND,
MIDDLEBY CORP/SH,596278101,12,1784,DFND,
MIDDLEBY CORP,596278101,1,149,DFND,
MILLROSE PPTYS INC,601137102,480,14338,DFND,
MOHAWK INDS INC,608190104,20,2186,DFND,
MONDELEZ INTERNATIONAL INC,609207105,68804,3703719,DFND,
MONDELEZ INTL INC,609207105,40143,2160897,DFND,
MONDELEZ INTL INC,609207105,198,10659,DFND,
MONOLITHIC POWER SYSTEM INC,609839105,12,10876,DFND,
MONOLITHIC PWR SYS INC,609839105,10,9064,DFND,
MOODYS CORP,615369105,208,106257,DFND,
MOODYS CORP,615369105,10,5109,DFND,
MOODYS CORP,615369105,38,19413,DFND,
MORGAN STANLEY,617446448,23486,4169470,DFND,
MORGAN STANLEY,617446448,7057,1252829,DFND,
MORGAN STANLEY,617446448,1248,221558,DFND,
MORGAN STANLEY,617446448,86,15268,OTR,
MORNINGSTAR INC,617700109,7,1522,DFND,
"MOTOROLA SOLUTIONS, INC",620076307,13057,5005009,DFND,
MOTOROLA SOLUTIONS INC,620076307,350,134162,DFND,
MOTOROLA SOLUTIONS INC,620076307,294,112697,DFND,
MUELLER INDS INC,624756102,7,804,DFND,
MURPHY OIL CORP,626717102,25,782,DFND,
MURPHY USA INC,626755102,547,220725,DFND,
NRG ENERGY INC,629377508,200,31848,DFND,
NASDAQ INC,631103108,1732,168229,DFND,
NASDAQ INC,631103108,85,8256,DFND,
NASDAQ INC,631103108,204,19815,DFND,
NATERA INC,632307104,4,917,DFND,
NNN REIT INC,637417106,23,912,DFND,
NATIONAL STORAGE AFFILIATES,637870106,20,565,DFND,
NY TIMES CO/SH CL A,650111107,71,4929,DFND,
NEW YORK TIMES CO,650111107,7,486,DFND,
NEWELL BRANDS INC,651229106,140,521,DFND,
NEWMARKET CORP,651587107,4,2749,DFND,
NEWMONT CORP,651639106,123,12282,DFND,
NIKE INC CLASS B COM,654106103,11351,723172,DFND,
NIKE INC,654106103,27949,1780631,DFND,
NIKE INC,654106103,98,6244,DFND,
NORDSON CORP,655663102,8,1924,DFND,
NORFOLK SOUTHERN CORP,655844108,784,226356,DFND,
NORFOLK SOUTHN CORP,655844108,131,37822,DFND,
NORFOLK SOUTHN CORP,655844108,17,4909,DFND,
NORTHERN TR CORP,665859104,56,7650,DFND,
NORTHROP,666807102,120,68425,DFND,
NORTHROP GRUMMAN CORP,666807102,6,3421,DFND,
NORTHROP GRUMMAN CORP,666807102,12,6843,DFND,
GEN DIGITAL INC,668771108,5,136,DFND,
NOVO NORDISK AS SPONS ADR,670100205,9900,503712,DFND,
NOVO NORDISK AS SPONS ADR,670100205,300,15264,OTR,
NOVO-NORDISK A S,670100205,36773,1871010,DFND,
NOVO-NORDISK A S,670100205,40,2036,DFND,
NUCOR CORP,670346105,676,110262,DFND,
NUCOR CORP,670346105,4615,752753,DFND,
NUCOR CORP,670346105,33,5383,DFND,
NUVALENT INC,670703107,12,1208,DFND,
OGE ENERGY CORP,670837103,15,641,DFND,
OSI SYSTEMS INC,671044105,90,22955,DFND,
CHORD ENERGY CORPORATION,674215207,16,1484,DFND,
OCCIDENTAL PETE CORP,674599105,62,2549,DFND,
OCCIDENTAL PETE CORP,674599105,199,8183,DFND,
"OCEANEERING INTERNATIONAL, INC",675232102,1000,24030,DFND,
OKTA INC,679295105,63,5448,DFND,
OLD DOMINION FREIGHT LINE INC,679580100,10,1568,DFND,
OLD DOMINION FREIGHT LINE IN,679580100,17,2666,DFND,
OLIN CORP,680665205,5,105,DFND,
OMNICOM GROUP INC,681919106,41,3311,DFND,
ON SEMICONDUCTOR CORP,682189105,1149,62219,DFND,
ONEOK INC,682680103,150,11025,DFND,
ONEOK INC NEW,682680103,733,53876,DFND,
ONEOK INC NEW,682680103,148,10878,DFND,
ONTO INNOVATION INC,683344105,10,1579,DFND,
OPENDOOR TECHNOLOGIES INC,683712103,1471,8576,DFND,
OPENDOOR TECHNOLOGIES INC,683712129,48,44,DFND,
OPENDOOR TECHNOLOGIES INC,683712137,48,25,DFND,
OPENDOOR TECHNOLOGIES INC,683712145,48,20,DFND,
ORMAT TECHNOLOGIES INC,686688102,26,2872,DFND,
OSHKOSH CORP,688239201,10,1257,DFND,
OWENS CORNING,690742101,15,1679,DFND,
OWENS CORNING NEW,690742101,9,1007,DFND,
OWENS CORNING NEW,690742101,5,560,DFND,
PNC FINANCIAL SERVICES GROUP,693475105,1419,296188,DFND,
PNC FINL SVCS GROUP INC,693475105,221,46129,DFND,
PNC FINL SVCS GROUP INC,693475105,21,4384,DFND,
PPG INDUSTRIES INC,693506107,3452,353692,DFND,
PPG INDS INC,693506107,25,2562,DFND,
PVH CORPORATION,693656100,7,470,DFND,
PACCAR INC,693718108,120,13141,DFND,
PACCAR INC,693718108,54,5914,DFND,
PACKAGING CORP OF AMERICA,695156109,210,43308,DFND,
PACKAGING CORP AMER,695156109,3,619,DFND,
PALO ALTO NETWORKS INC,697435105,1454,267827,DFND,
PALO ALTO NETWORKS INC,697435105,697,128388,DFND,
PARK NATIONAL CORP COM,700658107,1720,261750,DFND,
PARKER HANNIFIN CORP COM,701094104,34647,30453327,DFND,
PARKER-HANNIFIN CORP,701094104,1172,1030141,DFND,
PARKER-HANNIFIN CORP,701094104,15,13185,DFND,
PAYCHEX INC,704326107,5592,627311,DFND,
PAYCHEX INC,704326107,152,17051,DFND,
PAYCHEX INC,704326107,140,15706,DFND,
PEPSICO INC,713448108,19912,2857770,DFND,
PEPSICO INC,713448108,2862,410754,DFND,
PEPSICO INC,713448108,442,63436,DFND,
REVVITY INC,714046109,12,1161,DFND,
PFIZER INC,717081103,11630,289587,DFND,
PFIZER INC,717081103,664,16534,DFND,
PFIZER INC,717081103,502,12500,DFND,
PHILIP MORRIS INTERNATIONAL,718172109,12738,2043175,DFND,
PHILIP MORRIS INTL INC,718172109,2323,372609,DFND,
PHILIP MORRIS INTL INC,718172109,396,63519,DFND,
PHILLIPS 66,718546104,10972,1415827,DFND,
PHILLIPS 66,718546104,3209,414089,DFND,
PHILLIPS 66,718546104,96,12388,DFND,
PIPER SANDLER COMPANIES,724078100,515,174951,DFND,
POLARIS INC,731068102,35,2214,DFND,
POST HOLDINGS INC,737446104,20,1981,DFND,
PRIMO BRANDS CORPORATION,741623102,15,246,DFND,
PROCTER & GAMBLE COMPANY,742718109,56885,8152189,DFND,
PROCTER & GAMBLE COMPANY,742718109,208,29808,OTR,
PROCTER AND GAMBLE CO,742718109,17004,2436843,DFND,
PROCTER AND GAMBLE CO,742718109,256,36688,DFND,
PROGRESSIVE CORP OHIO COM,743315103,10264,2337318,DFND,
PROGRESSIVE CORP,743315103,18,4099,DFND,
PROGRESSIVE CORP,743315103,52,11842,DFND,
PROSPERITY BANCSHARES INC,743606105,713,49306,DFND,
PRUDENTIAL FINL INC,744320102,159,17948,DFND,
PRUDENTIAL FINL INC,744320102,34,3838,DFND,
PUBLIC SERVICE ENTERPRISE GROU,744573106,27,2168,DFND,
PUBLIC SVC ENTERPRISE GRP IN,744573106,1142,91703,DFND,
PULTE GROUP INC,745867101,30,3518,DFND,
QUAKER HOUGHTON,747316107,59,8101,DFND,
QUALCOMM INC,747525103,6475,1107549,DFND,
QUALCOMM INC,747525103,1535,262562,DFND,
QUALCOMM INC,747525103,245,41908,DFND,
QUALCOMM INC,747525103,30,5132,OTR,
RLI CORP,749607107,128,8189,DFND,
RLI CORP,749607107,36,2304,DFND,
RPM INTL INC,749685103,5,520,DFND,
RAMBUS INC DEL,750917106,6,552,DFND,
RALLIANT CORP/SH,750940108,347,17666,DFND,
RALLIANT CORP,750940108,666,33906,DFND,
RALLIANT CORP,750940108,39,1986,DFND,
RALPH LAUREN CO/SH,751212101,5,1768,DFND,
RALPH LAUREN CORP,751212101,9,3183,DFND,
"RAYMOND JAMES FINANCIAL, INC.",754730109,65,10438,DFND,
RAYMOND JAMES FINL INC,754730109,16,2570,DFND,
RAYONIER INC,754907103,21,455,DFND,
REALTY INCOME CORP REIT,756109104,743,41883,DFND,
REALTY INCOME CORP,756109104,99,5581,DFND,
REGAL REXNORD CORPORATION,758750103,5,702,DFND,
REGENCY CTRS CORP,758849103,3,208,DFND,
REINSURANCE GROUP OF AMERICA I,759351604,32,6511,DFND,
REINSURANCE GRP OF AMERICA I,759351604,3,611,DFND,
RELIANCE INC,759509102,1,289,DFND,
REPLIGEN CORP,759916109,4,656,DFND,
RENTOKIL INITIAL PLC. ADR,760125104,48,1414,DFND,
REPUBLIC SERVICES INC,760759100,7071,1498557,DFND,
REPUBLIC SVCS INC,760759100,19581,4149801,DFND,
REPUBLIC SVCS INC,760759100,38,8054,DFND,
RESMED INC,761152107,18,4336,DFND,
RIO TINTO PLC SPONSORED ADR,767204100,26,2081,DFND,
RIO TINTO PLC,767204100,5,401,DFND,
ROBERT HALF INC.,770323103,50,1358,DFND,
ROBINHOOD MKTS INC,770700102,60,6786,DFND,
ROBINHOOD MKTS INC,770700102,130,14703,DFND,
ROBLOX CORP CL A,771049103,300,24309,DFND,
ROBLOX CORP,771049103,64,5186,DFND,
ROCKET LAB CORP,773121108,20,1396,DFND,
"ROCKWELL AUTOMATION, INC",773903109,44898,17468465,DFND,
ROCKWELL AUTOMATION INC,773903109,8905,3464668,DFND,
ROCKWELL AUTOMATION INC,773903109,12,4669,DFND,
ROGERS CORP,775133101,18,1648,DFND,
ROLLINS INC,775711104,288,17286,DFND,
ROLLINS INC,775711104,27,1621,DFND,
ROPER TECHNOLOGIES INC,776696106,26082,11609881,DFND,
ROPER TECHNOLOGIES INC,776696106,50,22257,OTR,
ROPER TECHNOLOGIES INC,776696106,8238,3666981,DFND,
ROPER TECHNOLOGIES INC,776696106,2,891,DFND,
ROSS STORES INC COM,778296103,6039,1087865,DFND,
ROSS STORES INC,778296103,210,37829,DFND,
ROSS STORES INC,778296103,127,22878,DFND,
ROYAL BANK OF CANADA ADR,780087102,47,8013,DFND,
SHELL PLC SPON ADR,780259305,83020,6100310,DFND,
SHELL PLC SPON ADR,780259305,476,34976,OTR,
SHELL PLC,780259305,1392,102284,DFND,
SHELL PLC,780259305,45,3307,DFND,
ROYAL GOLD INC,780287108,4,890,DFND,
ROYCE SMALL CAP TRUST,780910105,18972,305449,DFND,
SEI INVESTMENTS COMPANY,784117103,956,78411,DFND,
SEI INVTS CO,784117103,21,1723,DFND,
H2O AMERICA,784305104,135,6614,DFND,
H2O AMERICA,784305104,1500,73485,DFND,
SAN JUAN BASIN RTY TR,798241105,2000,11240,DFND,
SAP SE ADR,803054204,24,5830,DFND,
SAREPTA THERAPEUTICS INC,803607100,30,646,DFND,
SLB LIMITED,806857108,516,19804,DFND,
SLB LIMITED,806857108,340,13050,DFND,
CHARLES SCHWAB CORP,808513105,380,37966,DFND,
SCHWAB CHARLES CORP,808513105,46,4596,DFND,
SCHWAB CHARLES CORP,808513105,5512,550704,DFND,
SCHWAB STRATEGIC TR,808524102,25917,679791,DFND,
SCHWAB STRATEGIC TR,808524201,354,9526,DFND,
SCHWAB STRATEGIC TR,808524201,96172,2588001,DFND,
SCHWAB STRATEGIC TR,808524300,5396,176014,DFND,
SCHWAB STRATEGIC TR,808524409,2603,77064,DFND,
SCHWAB STRATEGIC TR,808524508,6582,197918,DFND,
SCHWAB STRATEGIC TR,808524607,1800,51270,DFND,
SCHWAB STRATEGIC TR,808524706,3902,127791,DFND,
SCHWAB STRATEGIC TR,808524722,6320,207296,DFND,
SCHWAB STRATEGIC TR,808524730,12894,464969,DFND,
SCHWAB STRATEGIC TR,808524748,1129,50309,DFND,
SCHWAB STRATEGIC TR SCHWAB,808524755,776,35083,DFND,
SCHWAB STRATEGIC TR,808524755,10368,468747,DFND,
SCHWAB STRATEGIC TR,808524763,260,8193,DFND,
SCHWAB STRATEGIC TR,808524771,8310,226115,DFND,
SCHWAB STRATEGIC TR,808524771,649,17661,DFND,
SCHWAB STRATEGIC TR,808524789,2938,78064,DFND,
SCHWAB STRATEGIC TR US DIV EQU,808524797,35819,982515,DFND,
SCHWAB STRATEGIC TR,808524797,10843,297435,DFND,
SCHWAB STRATEGIC TR INTL EQUIT,808524805,226,5433,DFND,
SCHWAB STRATEGIC TR,808524805,2027,48729,DFND,
SCHWAB STRATEGIC TR,808524805,3493,83964,DFND,
SCHWAB STRATEGIC TR US AGGREGA,808524839,346,8086,DFND,
SCIENCE APPLICATIONS INTL CO,808625107,5,504,DFND,
SEMPRA COM,816851109,45,3973,DFND,
SEMPRA,816851109,42,3709,DFND,
SHAKE SHACK INC,819047101,189,15341,DFND,
SHERWIN-WILLIAMS CO,824348106,1010,327270,DFND,
SHERWIN WILLIAMS CO,824348106,230,74527,DFND,
SHERWIN WILLIAMS CO,824348106,911,295192,DFND,
SILGAN HLDGS INC,827048109,10,404,DFND,
SIMMONS 1ST NATL CORP,828730200,2283,43029,DFND,
SIMON PPTY GROUP INC NEW,828806109,40,7405,DFND,
SIMULATIONS PLUS INC,829214105,175,3190,DFND,
SIRIUSXM HOLDINGS INC,829933100,50,1000,DFND,
SKYWEST INC,830879102,7,703,DFND,
SKYWARD SPECIALTY INS GROUP,830940102,13,665,DFND,
SMITHFIELD FOODS INC,832248207,15,335,DFND,
JM SMUCKER CO/THE-NEW,832696405,1245,121773,DFND,
SNAP ON INC,833034101,26618,9172563,DFND,
SNAP ON INC,833034101,979,337363,DFND,
SNAP ON INC,833034101,2,690,DFND,
SNOWFLAKE INC CL A,833445109,28,6142,DFND,
SNOWFLAKE INC,833445109,30,6581,DFND,
SONOCO PRODUCTS CO,835495102,311,13572,DFND,
SONOCO PRODS CO,835495102,15,655,DFND,
SONY GROUP CORP SPONS ADR,835699307,524532,13428019,DFND,
SONY GROUP CORP SPONS ADR,835699307,1050,26880,OTR,
SONY GROUP CORP,835699307,178028,4557516,DFND,
SOUTHERN CO,842587107,29546,2576411,DFND,
SOUTHERN CO,842587107,1242,108302,DFND,
SOUTHERN CO,842587107,188,16394,DFND,
SOUTHWEST AIRLS CO,844741108,44,1819,DFND,
SOUTHWEST GAS HOLDINGS INC,844895102,406,32488,DFND,
BLOCK INC CL A,852234103,133,8657,DFND,
BLOCK INC,852234103,71,4622,DFND,
STANLEY BLACK & DECKER INC,854502101,22,1635,DFND,
STARBUCKS CORP,855244109,893,75200,DFND,
STARBUCKS CORP,855244109,450,37894,DFND,
STARBUCKS CORP,855244109,418,35200,DFND,
STATE STREET CORP,857477103,81,10450,DFND,
STATE STR CORP,857477103,31,4000,DFND,
STEEL DYNAMICS INC,858119100,5,848,DFND,
STIFEL FINANCIAL CORPORATION,860630102,37,4633,DFND,
STIFEL FINL CORP,860630102,10,1253,DFND,
STOCK YDS BANCORP INC,861025104,157,10197,DFND,
STONEX GROUP INC,861896108,9,857,DFND,
STRYKER CORP,863667101,8882,3121757,DFND,
STRYKER CORPORATION,863667101,10571,3715389,DFND,
STRYKER CORPORATION,863667101,64,22495,DFND,
SUN CMNTYS INC,866674104,4,496,DFND,
SYLVAMO CORP,871332102,17,819,DFND,
SYNOPSYS INC COM,871607107,10,4697,DFND,
SYNOPSYS INC,871607107,20,9395,DFND,
SYSCO CORP,871829107,1052,77522,DFND,
SYSCO CORP,871829107,35,2580,DFND,
TJX COMPANIES,872540109,143374,22023680,DFND,
TJX COMPANIES,872540109,295,45315,OTR,
TJX COS INC NEW,872540109,54595,8386337,DFND,
TJX COS INC NEW,872540109,118,18126,DFND,
T-MOBILE US INC COM,872590104,7820,1587773,DFND,
T-MOBILE US INC,872590104,796,161620,DFND,
T-MOBILE US INC,872590104,41,8325,OTR,
TPG INC,872657101,26,1660,DFND,
TAIWAN SEMICONDUCTOR MANUFACTU,874039100,116,35251,DFND,
TAIWAN SEMICONDUCTOR MFG LTD,874039100,1,304,DFND,
TAKE-TWO INTERACTIVE SOFTWAR,874054109,15,3841,DFND,
TAPESTRY INC,876030107,44,5622,DFND,
TECK RESOURCES LTD CL B ADR,878742204,20,958,DFND,
TELEDYNE TECHNOLOGIES INC,879360105,3,1533,DFND,
TELEFLEX INCORPORATED,879369106,9,1099,DFND,
TELEPHONE & DATA SYS INC,879433829,174,7134,DFND,
TEMPLETON EMERGING MKTS FD,880191101,4697,79990,DFND,
TERADYNE INC,880770102,11,2130,DFND,
TEXAS INSTRUMENTS,882508104,3039,527236,DFND,
TEXAS INSTRS INC,882508104,215,37301,DFND,
TEXAS INSTRS INC,882508104,105,18217,DFND,
TEXAS ROADHOUSE INC,882681109,122,20252,DFND,
TEXTRON INC,883203101,73,6364,DFND,
THERMO FISHER SCIENTIFIC INC,883556102,13,7533,DFND,
THERMO FISHER SCIENTIFIC INC,883556102,49,28394,DFND,
TOAST INC,888787108,25,888,DFND,
TOLL BROTHERS INC,889478103,155,20960,DFND,
TOOTSIE ROLL INDS INC,890516107,18,660,DFND,
TORO CO,891092108,25,1968,DFND,
TOYOTA MTR CORP SPONSD ADR,892331307,165,35320,DFND,
TOYOTA MOTOR CORP,892331307,224,47950,DFND,
TRACTOR SUPPLY CO,892356106,31123,1556461,DFND,
TRACTOR SUPPLY CO,892356106,1048,52410,DFND,
TRACTOR SUPPLY CO,892356106,34,1701,DFND,
TRADEWEB MKTS INC,892672106,5,538,DFND,
TRANSDIGM GROUP INC,893641100,5,6650,DFND,
TRIMBLE INC CL B,896239100,85489,6698063,DFND,
TRIMBLE INC,896239100,40785,3195505,DFND,
TRIMBLE INC,896239100,31,2429,DFND,
TRIPADVISOR INC,896945201,90,1311,DFND,
TYLER TECHNOLOGIES INC,902252105,2,908,DFND,
TYSON FOODS INC,902494103,10,587,DFND,
UDR INC,902653104,50,1834,DFND,
UGI CORP NEW,902681105,50,1872,DFND,
US BANCORP,902973304,12520,668067,DFND,
US BANCORP DEL,902973304,30000,1600800,DFND,
US BANCORP DEL,902973304,106,5657,DFND,
UNIFIRST CORP M/SH,904708104,10,1929,DFND,
UNILEVER PLC,904767803,483,31588,DFND,
UNION PAC CORP,907818108,38717,8956016,DFND,
UNION PAC CORP,907818108,150,34698,OTR,
UNION PAC CORP,907818108,14272,3301399,DFND,
UNION PAC CORP,907818108,201,46496,DFND,
UNITED AIRLS HLDGS INC,910047109,120,13419,DFND,
UNITED PARCEL SVC INC CL B,911312106,2136,211870,DFND,
UNITED PARCEL SERVICE INC,911312106,101,10025,DFND,
UNITED RENTALS INC,911363109,11,8903,DFND,
US FOODS HLDG CORP,912008109,21,1582,DFND,
UNIVERSAL HLTH SVCS INC,913903100,5,1091,DFND,
V F CORP,918204108,688,12439,DFND,
V F CORP,918204108,90,1627,DFND,
VALMONT INDS INC COM,920253101,12,4828,DFND,
VALMONT INDS INC,920253101,2,805,DFND,
VANGUARD DIVIDEND APPREC ETF,921908844,108855,23924152,DFND,
VANGUARD SPECIALIZED FUNDS,921908844,2360,518681,DFND,
VANGUARD SPECIALIZED FUNDS,921908844,229,50330,DFND,
VANGUARD TOTAL INTL STOCK ET,921909768,19813,1494693,DFND,
VANGUARD STAR FDS,921909768,150,11316,DFND,
VANGUARD STAR FDS,921909768,71,5357,DFND,
VANGUARD WORLD MEGA CAP FUND E,921910816,250,103193,DFND,
VANGUARD WORLD FD MEGA CAP VAL,921910840,480,67757,DFND,
VANGUARD INTERMEDIATE TERM BON,921937819,1554,121026,DFND,
VANGUARD BD INDEX FDS,921937819,520,40498,DFND,
VANGUARD SHORT TERM BOND ETF,921937827,122328,9640670,DFND,
VANGUARD BD INDEX FDS,921937827,58258,4591313,DFND,
VANGUARD TOTAL BOND MARKET ETF,921937835,12646,936689,DFND,
VANGUARD BD INDEX FDS,921937835,76,5629,DFND,
VANGUARD BD INDEX FDS,921937835,2221,164510,DFND,
VANGUARD FTSE DEVELOPED MARKET,921943858,80298,5016216,DFND,
VANGUARD TAX-MANAGED FDS,921943858,787,49183,DFND,
VANGUARD TAX-MANAGED FDS,921943858,23081,1441879,DFND,
VANGUARD HIGH DVD YIELD ETF,921946406,4206,603645,DFND,
VANGUARD WHITEHALL FDS,921946406,25,3588,DFND,
VANGUARD MALVERN FDS,922020748,10084,785494,DFND,
VANGUARD MALVERN FDS,922020805,141,6974,DFND,
VANGUARD FTSE ALL WORLD X-US S,922042718,5326,763376,DFND,
VANGUARD TOT WORLD STK ETF,922042742,836,117926,DFND,
VANGUARD INTL EQUITY INDEX F,922042742,121,17068,DFND,
VANGUARD INTL EQUITY INDEX F,922042742,249,35064,DFND,
VANGUARD FTSE ALL-WORLD EX-US,922042775,228886,16836854,DFND,
VANGUARD INTL EQUITY INDEX F,922042775,10342,760755,DFND,
VANGUARD INTL EQUITY INDEX F,922042775,166,12199,DFND,
VANGUARD FTSE EMERGING MARKETS,922042858,28505,1532429,DFND,
VANGUARD INTL EQUITY INDEX F,922042858,1049,56394,DFND,
VANGUARD INTL EQUITY INDEX F,922042866,16,1447,DFND,
VANGUARD INTL EQUITY INDEX F,922042874,58,4850,DFND,
VEEVA SYS INC CL A COM,922475108,49,10938,DFND,
VEEVA SYS INC,922475108,8,1786,DFND,
VANGUARD MUN BD FDS,922907746,11045,555478,DFND,
VANGUARD INDEX FDS S&P 500 ETF,922908363,163,102222,DFND,
VANGUARD INDEX FDS,922908363,50,31357,DFND,
VANGUARD INDEX FDS,922908363,8272,5187490,DFND,
VANGUARD INDEX FDS,922908512,133,23591,DFND,
VANGUARD MID-CAP GROWTH ETF,922908538,590,164693,DFND,
VANGUARD REAL ESTATE ETF,922908553,12464,1102939,DFND,
VANGUARD INDEX FDS,922908553,206,18229,DFND,
VANGUARD SMALL-CAP GROWTH ETF,922908595,46,13897,DFND,
VANGUARD INDEX FDS,922908595,47,14199,DFND,
VANGUARD INDEX FDS,922908595,89,26888,DFND,
VANGUARD SMALL CAP VALUE ETF,922908611,11250,2382638,DFND,
VANGUARD INDEX FDS,922908611,65,13766,DFND,
VANGUARD INDEX FDS,922908611,371,78575,DFND,
VANGUARD IND FD MID-CAP,922908629,16969,4924743,DFND,
VANGUARD INDEX FDS,922908629,7,2032,DFND,
VANGUARD INDEX FDS,922908629,83,24089,DFND,
VANGUARD LARGE-CAP ETF,922908637,11230,3535204,DFND,
VANGUARD INDEX FDS,922908637,91,28647,DFND,
VANGUARD INDEX FDS,922908637,30,9444,DFND,
VANGUARD EXTENDED MARKET ETF,922908652,324,67755,DFND,
VANGUARD INDEX FDS,922908652,3894,814313,DFND,
VANGUARD GROWTH ETF,922908736,19907,9711829,DFND,
VANGUARD INDEX FDS,922908736,210,102451,DFND,
VANGUARD INDEX FDS,922908736,10544,5144009,DFND,
VANGUARD INDEX FDS,922908736,2,976,OTR,
VANGUARD VALUE ETF,922908744,22540,4304915,DFND,
VANGUARD INDEX FDS,922908744,1320,252107,DFND,
VANGUARD INDEX FDS,922908744,42054,8031834,DFND,
VANGUARD INDEX FDS,922908744,10,1910,OTR,
VANGUARD SMALL-CAP ETF,922908751,15681,4044914,DFND,
VANGUARD INDEX FDS,922908751,248,63972,DFND,
VANGUARD INDEX FDS,922908751,23817,6143546,DFND,
VANGUARD INDEX FDS,922908751,6,1548,OTR,
VANGUARD TOTAL STCK MK ETF,922908769,9032,3028159,DFND,
VANGUARD INDEX FDS,922908769,5121,1716918,DFND,
VANGUARD INDEX FDS,922908769,805,269893,DFND,
VICI PPTYS INC,925652109,67,1885,DFND,
VONTIER CORPORATION,928881101,69,2566,DFND,
VORNADO RLTY TR,929042109,155,5159,DFND,
VOYA FINANCIAL INC,929089100,19,1416,DFND,
VULCAN MATERIALS CO,929160109,80,22818,DFND,
VULCAN MATLS CO,929160109,16,4564,DFND,
VULCAN MATLS CO,929160109,13,3708,DFND,
WSFS FINANCIAL CORP COM,929328102,1000,55240,DFND,
WABTEC CORP,929740108,23,4909,DFND,
WABTEC,929740108,309,65957,DFND,
WALMART INC,931142103,243605,27140033,DFND,
WALMART INC,931142103,835,93027,OTR,
WALMART INC,931142103,10367,1154987,DFND,
WALMART INC,931142103,921,102609,DFND,
WALMART INC,931142103,150,16712,OTR,
WARNER BROS. DISCOVERY INC COM,934423104,1775,51156,DFND,
WARNER BROS DISCOVERY INC,934423104,379,10923,DFND,
WATERS CORP,941848103,6,2279,DFND,
WATERS CORP,941848103,5,1900,DFND,
WATSCO INC COM,942622200,4,1348,DFND,
WAYSTAR HLDG CORP,946784105,19,623,DFND,
WEBSTER FINANCIAL CORP.,947890109,70,4406,DFND,
WEBSTER FINL CORP,947890109,63,3966,DFND,
WELLS FARGO & CO,949746101,5797,540280,DFND,
WELLS FARGO CO NEW,949746101,4068,379138,DFND,
WELLS FARGO CO NEW,949746101,2592,241575,DFND,
WELLS FARGO CO NEW,949746101,100,9320,OTR,
"WEST PHARMACEUTICAL SERVICES,",955306105,88,24212,DFND,
WEST PHARMACEUTICAL SVSC INC,955306105,10,2752,DFND,
WESTERN DIGITAL CORP,958102105,551,94921,DFND,
WESTERN MIDSTREAM PARTNERS LP,958669103,1251,49415,DFND,
WESTLAKE CORPORATION,960413102,8,592,DFND,
WEYERHAEUSER CO MTN BE,962166104,124,2938,DFND,
WHEATON PRECIOUS METALS CORP,962879102,130,15278,DFND,
WHIRLPOOL CORP,963320106,5,361,DFND,
WILLIAMS COS INC,969457100,107,6432,DFND,
"WILLIAMS-SONOMA, INC.",969904101,7,1250,DFND,
WILLIAMS SONOMA INC,969904101,8,1429,DFND,
WINGSTOP INC,974155103,2,477,DFND,
WOLVERINE WORLD WIDE INC,978097103,175,3177,DFND,
WOODWARD INC,980745103,3,907,DFND,
WORLD ACCEPTANCE CORP,981419104,200,28078,DFND,
XPO INC,983793100,15,2039,DFND,
YUM! BRANDS INC,988498101,32840,4968035,DFND,
YUM BRANDS INC,988498101,5,756,DFND,
YUM BRANDS INC,988498101,71,10741,DFND,
ZEBRA TECHNOLOGIES CORPORATI,989207105,5,1215,DFND,
ZIONS BANCORPORATION N A,989701107,166,9718,DFND,
EQUITABLE HLDGS INC,29452E101,48,2288,DFND,
NEXTPOWER INC.,65290E101,23,2004,DFND,
NEXTPOWER INC,65290E101,28,2440,DFND,
RTX CORPORATION,75513E101,6577,1206222,DFND,
RTX CORPORATION,75513E101,156,28610,OTR,
RTX CORPORATION,75513E101,1910,350294,DFND,
RTX CORPORATION,75513E101,309,56671,DFND,
GLOBE LIFE INC,37959E102,21,2938,DFND,
QUANTA SERVICES INC COM,74762E102,5,2110,DFND,
QUANTA SVCS INC,74762E102,63,26590,DFND,
SOUTHSTATE BANK CORPORATION CO,84472E102,40945,3853334,DFND,
SOUTHSTATE BK CORP,84472E102,7638,718812,DFND,
SOUTHSTATE BK CORP,84472E102,565,53173,DFND,
VERISIGN INC,92343E102,49,11905,DFND,
HCI GROUP INC,40416E103,5,959,DFND,
INVESCO QQQ TRUST SERIES 1,46090E103,6454,3964757,DFND,
INVESCO QQQ TR,46090E103,197,121019,DFND,
INVESCO QQQ TR,46090E103,1004,617032,DFND,
CENCORA INC COM,03073E105,7,2364,DFND,
CENCORA INC,03073E105,22,7431,DFND,
FIRST TR EXCHANGE-TRADED FD,33733E104,275,25441,DFND,
FEMASYS INC,31447E105,2223,1281,DFND,
TARGET CORP,87612E106,1186,115932,DFND,
TARGET CORP,87612E106,32,3128,DFND,
TARGET CORP,87612E106,153,14956,DFND,
RENASANT CORP,75970E107,24000,845280,DFND,
EDWARDS LIFESCIENCES CORP,28176E108,109,9293,DFND,
FORTINET INC COM,34959E109,285,22632,DFND,
FORTINET INC,34959E109,100,7941,DFND,
TRAVELERS COMPANIES INC,89417E109,1701,493392,DFND,
TRAVELERS COMPANIES INC,89417E109,403,116894,DFND,
TRAVELERS COMPANIES INC,89417E109,23,6672,DFND,
WORLD GOLD TR,98149E303,139,11866,DFND,
WORLD GOLD TR,98149E303,11,940,DFND,
AES CORP,00130H105,239,3428,DFND,
ALPS MEDICAL BREAKTHROUGHS ETF,00162Q593,140,7171,DFND,
API GROUP CORP,00187Y100,22,842,DFND,
ASGN INC,00191U102,203,9779,DFND,
AT & T INC,00206R102,22020,546977,DFND,
AT&T INC,00206R102,973,24169,DFND,
AT&T INC,00206R102,1026,25486,DFND,
AT&T INC,00206R102,360,8943,OTR,
AST SPACEMOBILE INC,00217D100,32542,2363525,DFND,
AST SPACEMOBILE INC,00217D100,12,872,DFND,
ABBVIE INC,00287Y109,70655,16143961,DFND,
ABBVIE INC,00287Y109,256,58493,OTR,
ABBVIE INC,00287Y109,3347,764756,DFND,
ABBVIE INC,00287Y109,363,82942,DFND,
ABERDEEN STANDARD PHYSICAL GOL,00326A104,4500,184860,DFND,
ETFS GOLD TR,00326A104,399,16391,DFND,
ACADEMY SPORTS AND OUTDOORS IN,00402L107,54,2698,DFND,
ACADIA HEALTHCARE COMPANY IN,00404A109,25,355,DFND,
"ACUITY, INC.",00508Y102,1794,645912,DFND,
ACUITY INC,00508Y102,2,721,DFND,
ADOBE INC,00724F101,43357,15174516,DFND,
ADOBE INC,00724F101,69,24149,OTR,
ADOBE INC,00724F101,6481,2268285,DFND,
ADOBE INC,00724F101,30,10500,DFND,
ADVANCE AUTO PARTS INC,00751Y106,15,590,DFND,
AECOM,00766T100,8,763,DFND,
ADVANSIX INC,00773T101,8,139,DFND,
AELUMA INC,00776X109,600,10302,DFND,
ADVANCED DRAIN SYS INC DEL,00790R104,5,725,DFND,
AFFIRM HOLDINGS INC,00827B106,300,22329,DFND,
AFFIRM HLDGS INC,00827B106,77,5732,DFND,
AGILENT TECHNOLOGIES INC,00846U101,484,65858,DFND,
AGILENT TECHNOLOGIES INC,00846U101,656,89262,DFND,
AGILENT TECHNOLOGIES INC,00846U101,24,3266,DFND,
AIR LEASE CORP,00912X302,12,771,DFND,
ALIBABA GROUP HOLDING LTD SPON,01609W102,4,586,DFND,
ATI INC,01741R102,11,1263,DFND,
ALLEGRO MICROSYSTEMS INC.,01749D105,81,2137,DFND,
ALLISON TRANSMISSION HOLDINGS,01973R101,35,3427,DFND,
ALLY FINANCIAL INC COM,02005N100,278,12591,DFND,
ALLY FINL INC,02005N100,81,3669,DFND,
ALNYLAM PHARMACEUTICALS INC,02043Q107,14,5568,DFND,
EA SERIES TRUST,02072L607,23065,1182519,DFND,
EA SERIES TRUST,02072L607,36,1846,OTR,
ALPHABET INC CL C,02079K107,149379,46875130,DFND,
ALPHABET INC CL C,02079K107,400,125520,OTR,
ALPHABET INC,02079K107,5509,1728725,DFND,
ALPHABET INC,02079K107,691,216836,DFND,
ALPHABET INC,02079K107,20,6276,OTR,
ALPHABET INC CL A,02079K305,29196,9138348,DFND,
ALPHABET INC,02079K305,32276,10102388,DFND,
ALPHABET INC,02079K305,1642,513946,DFND,
OKLO INC,02156V109,30,2153,DFND,
ALTRIA GROUP INC,02209S103,31674,1826323,DFND,
ALTRIA GROUP INC,02209S103,2128,122701,DFND,
ALTRIA GROUP INC,02209S103,968,55815,DFND,
AMERICAN BEACON SELECT FUNDS,02368W408,461,20331,DFND,
AMERICAN AIRLS GROUP INC,02376R102,89,1365,DFND,
AMERICAN BATTERY TECHNOLOGY,02451V309,530,1771,DFND,
AMERICAN HOMES 4 RENT,02665T306,21,675,DFND,
AMERICAN TOWER CORP REIT,03027X100,86,15099,DFND,
AMERICAN TOWER CORP NEW,03027X100,7,1229,DFND,
AMERICAN TOWER CORP NEW,03027X100,40,7023,DFND,
AMERICOLD REALTY TRUST INC,03064D108,80,1029,DFND,
AMERIPRISE FINANCIAL INC COM,03076C106,28,13730,DFND,
AMERIPRISE FINL INC,03076C106,22,10788,DFND,
ANTERO RESOURCES CORP,03674X106,46,1586,DFND,
ANTERO MIDSTREAM CORP,03676B102,31,552,DFND,
APA CORP,03743Q108,340,8316,DFND,
APA CORPORATION,03743Q108,207,5064,DFND,
APELLIS PHARMACEUTICALS INC,03753U106,15,377,DFND,
APOLLO GLOBAL MGMT INC,03769M106,2000,289520,DFND,
APOLLO GLOBAL MGMT INC,03769M106,52,7528,DFND,
APPFOLIO INC,03783C100,3,698,DFND,
APPLIED INDL TECHNOLOGIES IN,03820C105,2,514,DFND,
APPLOVIN CORP,03831W108,37,24932,DFND,
ARAMARK,03852U106,5,185,DFND,
ARCHER AVIATION INC CL A,03945R102,400,3008,DFND,
ARES MGMT L P/UT LTD PARTN INT,03990B101,51,8243,DFND,
ARES MANAGEMENT CORPORATION,03990B101,35,5658,DFND,
ARES CAPITAL CORP,04010L103,3500,70805,DFND,
ARMSTRONG WORLD INDUSTRIES INC,04247X102,22,4204,DFND,
ARMSTRONG WORLD INDS INC NEW,04247X102,25,4778,DFND,
ASSURANT INC/SH,04621X108,8,1927,DFND,
ASSURANT INC,04621X108,5,1205,DFND,
ASTERA LABS INC,04626A103,30,4991,DFND,
ATLANTIC UNION BANKSHARES CORP,04911A107,4335,153026,DFND,
ATMUS FILTRATION TECHNOLOGIE,04956D107,48,2492,DFND,
AVANTOR INC/SH,05352A100,200,2292,DFND,
AVANTOR INC,05352A100,85,975,DFND,
AXON ENTERPRISE,05464C101,300,170379,DFND,
AXON ENTERPRISE INC,05464C101,5,2840,DFND,
BJ'S WHOLESALE CLUB HOLDINGS I,05550J101,35,3151,DFND,
BJS WHSL CLUB HLDGS INC,05550J101,5,451,DFND,
BOK FINL CORP,05561Q201,17,2014,DFND,
BWX TECHNOLOGIES INC,05605H100,250,43210,DFND,
BWX TECHNOLOGIES INC,05605H100,5,865,DFND,
BAKER HUGHES CO,05722G100,965,43946,DFND,
BAKER HUGHES COMPANY,05722G100,40,1822,DFND,
BANK OZK LITTLE ROCK ARK,06417N103,15,691,DFND,
BARRICK MINING CORP.,06849F108,287352,12514180,DFND,
BARRICK MINING CORP.,06849F108,1750,76213,OTR,
BARRICK MNG CORP,06849F108,89397,3893239,DFND,
BELLRING BRANDS INC,07831C103,5,134,DFND,
BENTLEY SYS INC,08265T208,24,916,DFND,
BIOMARIN PHARMACEUTICAL INC,09061G101,10,595,DFND,
BIOLIFE SOLUTIONS INC,09062W204,158,3821,DFND,
BIOGEN INC,09062X103,8,1408,DFND,
BIOGEN INC,09062X103,25,4400,DFND,
BIO-TECHNE CORP,09073M104,60,3529,DFND,
BLACKSTONE INC.,09260D107,116537,17963013,DFND,
BLACKSTONE INC,09260D107,321,49479,DFND,
BLACKSTONE INC,09260D107,194,29904,DFND,
BLACKROCK SCIENCE & TECHNOLO,09260K101,135,3053,DFND,
BLACKROCK  INC.,09290D101,2625,2809643,DFND,
BLACKROCK INC,09290D101,5,5352,DFND,
BLACKROCK INC,09290D101,56,59940,DFND,
BLINK CHARGING CO,09354A100,400,267,DFND,
BLUE OWL CAPITAL INC,09581B103,15,225,DFND,
BOOKING HOLDINGS INC,09857L108,5,26777,DFND,
BOX INC,10316T104,18,539,DFND,
BRIDGEBIO PHARMA INC,10806X102,16,1224,DFND,
BRIGHTHOUSE FINL INC,10922N103,46,2980,DFND,
BRIGHTHOUSE FINL INC,10922N103,15,972,DFND,
BRIGHTSPRING HEALTH SVCS INC,10950A106,42,1573,DFND,
BRIXMOR PPTY GROUP INC,11120U105,15,394,DFND,
BROADRIDGE FINANCIAL SOLUTIONS,11133T103,350,78110,DFND,
BROADRIDGE FINL SOLUTIONS IN,11133T103,13,2902,DFND,
BROADCOM INC,11135F101,186708,64619639,DFND,
BROADCOM INC,11135F101,450,155745,OTR,
BROADCOM INC,11135F101,34041,11781590,DFND,
BROADCOM INC,11135F101,1446,500461,DFND,
BROOKFIELD CORPORATION CL ADR,11271J107,88,4038,DFND,
BROOKFIELD RENEWABLE CORP,11285B108,45,1726,DFND,
BUILDERS FIRSTSOURCE INC,12008R107,5,515,DFND,
BYRNA TECHNOLOGIES INC COM,12448X201,100,1679,DFND,
CBOE GLOBAL MARKETS INC.,12503M108,3,753,DFND,
CBOE GLOBAL MKTS INC,12503M108,2,502,DFND,
CBRE GROUP INC,12504L109,382,61422,DFND,
CBRE GROUP INC,12504L109,28,4503,DFND,
CDW CORP,12514G108,13,1771,DFND,
CDW CORP,12514G108,64,8717,DFND,
C H ROBINSON WORLDWIDE INC,12541W209,7,1126,DFND,
CME GROUP INC COM,12572Q105,6,1638,DFND,
CME GROUP INC,12572Q105,29,7920,DFND,
CRA INTL INC,12618T105,70,14049,DFND,
CADENCE BK/SH,12740C103,7041,301636,DFND,
CADENCE BANK,12740C103,45954,1968669,DFND,
CALIX INC,13100M509,500,26465,DFND,
CAMECO CORP,13321L108,41,3751,DFND,
CANADIAN PACIFIC KANSAS CITY A,13646K108,105,7731,DFND,
CANADIAN PACIFIC KANSAS CITY,13646K108,10,737,DFND,
CAPITAL ONE FINANCIAL,14040H105,4689,1136426,DFND,
CAPITAL ONE FINL CORP,14040H105,920,222972,DFND,
CAPITAL ONE FINL CORP,14040H105,129,31265,DFND,
CARDINAL HEALTH INC,14149Y108,720,148000,DFND,
CARDINAL HEALTH INC,14149Y108,14,2877,DFND,
CARLYLE GROUP INC (THE),14316J108,58,3428,DFND,
CARLYLE GROUP INC,14316J108,39,2306,DFND,
CARRIER GLOBAL CORP,14448C104,2743,144940,DFND,
CARRIER GLOBAL CORPORATION,14448C104,2299,121479,DFND,
CARRIER GLOBAL CORPORATION,14448C104,183,9670,DFND,
CELSIUS HLDGS INC,15118V207,64,2928,DFND,
CENTENE CORP,15135B101,22654,932212,DFND,
CENTENE CORP DEL,15135B101,933,38393,DFND,
CENTENE CORP DEL,15135B101,109,4486,DFND,
CENTERPOINT ENERGY INC,15189T107,21,806,DFND,
DAYFORCE INC,15677J108,5,346,DFND,
CERTARA INC,15687V109,15,133,DFND,
CHARTER COMMUNICATIONS INC CL,16119P108,11,2296,DFND,
CHARTER COMMUNICATIONS INC N,16119P108,10,2088,DFND,
CHEMED CORP NEW,16359R103,16,6846,DFND,
CHEMED CORP NEW,16359R103,2,856,DFND,
CHENIERE ENERGY PARTNERS,16411Q101,169,9038,DFND,
CHENIERE ENERGY INC COM,16411R208,20944,4071304,DFND,
CHENIERE ENERGY INC,16411R208,14199,2760144,DFND,
CHENIERE ENERGY INC,16411R208,15,2916,DFND,
CIBUS INC,17166A101,3511,6109,DFND,
CISCO SYSTEMS INC,17275R102,66141,5094841,DFND,
CISCO SYS INC,17275R102,5462,420738,DFND,
CISCO SYS INC,17275R102,2848,219382,DFND,
CISCO SYS INC,17275R102,200,15406,OTR,
CIVITAS RESOURCES INC,17888H103,30,813,DFND,
CLEARWAY ENERGY INC,18539C204,55,1830,DFND,
CLOUDFLARE INC,18915M107,54,10647,DFND,
COHERENT CORP,19247G107,21,3876,DFND,
COINBASE GLOBAL INC CL A,19260Q107,75,16961,DFND,
COINBASE GLOBAL INC,19260Q107,26,5880,DFND,
COINBASE GLOBAL INC,19260Q107,27,6106,DFND,
COLUMBIA ETF TR I,19761L508,2578,47320,DFND,
COMCAST CORP-CL A,20030N101,5646,168759,DFND,
COMCAST CORP NEW,20030N101,4405,131666,DFND,
COMCAST CORP NEW,20030N101,644,19250,DFND,
COMPASS INC,20464U100,682,7209,DFND,
CONFLUENT INC,20717M103,5,152,DFND,
CONOCOPHILLIPS,20825C104,14305,1339091,DFND,
CONOCOPHILLIPS,20825C104,525,49145,OTR,
CONOCOPHILLIPS,20825C104,1882,176174,DFND,
CONOCOPHILLIPS,20825C104,595,55698,DFND,
CONSTELLATION BRANDS INC,21036P108,4749,655172,DFND,
CONSTELLATION BRANDS INC,21036P108,8796,1213496,DFND,
CONSTELLATION BRANDS INC,21036P108,23,3174,DFND,
CONSTELLATION ENERGY CORPORATI,21037T109,27,9538,DFND,
CONSTELLATION ENERGY CORP,21037T109,53,18756,DFND,
COREBRIDGE FINANCIAL INC.,21871X109,62,1871,DFND,
COREBRIDGE FINL INC,21871X109,5,151,DFND,
COREWEAVE INC,21873S108,84,6016,DFND,
CORTEVA INC,22052L104,10218,684913,DFND,
CORTEVA INC,22052L104,141,9452,DFND,
COSTCO WHSL CORP NEW,22160K105,16048,13838832,DFND,
COSTCO WHSL CORP NEW,22160K105,9797,8448345,DFND,
COSTCO WHSL CORP NEW,22160K105,45,38806,DFND,
COSTAR GROUP INC,22160N109,200,13448,DFND,
COSTAR GROUP INC,22160N109,17,1144,DFND,
COUPANG INC,22266T109,188,4435,DFND,
CROWDSTRIKE HOLDINGS INC CL A,22788C105,263,123284,DFND,
CROWDSTRIKE HLDGS INC,22788C105,10,4688,DFND,
CROWN CASTLE INC,22822V101,1180,104867,DFND,
CROWN CASTLE INC,22822V101,55,4888,DFND,
CROWN CASTLE INC,22822V101,10,889,DFND,
CUSTOMERS BANCORP INC,23204G100,90,6581,DFND,
CYTOKINETICS INC,23282W605,15,954,DFND,
D R HORTON INC,23331A109,43,6193,DFND,
D R HORTON INC,23331A109,55,7922,DFND,
DT MIDSTREAM INC,23345M107,1,120,DFND,
DXC TECHNOLOGY CO,23355L106,10,147,DFND,
DATADOG INC CL A,23804L103,62,8431,DFND,
DATADOG INC,23804L103,21,2856,DFND,
DAVITA INC,23918K108,6,682,DFND,
DELL TECHNOLOGIES INC CL C,24703L202,30716,3866530,DFND,
DELL TECHNOLOGIES INC,24703L202,750,94410,DFND,
DELL TECHNOLOGIES INC,24703L202,9,1133,DFND,
DENTSPLY SIRONA INC,24906P109,10,115,DFND,
DESTRA MULTI-ALTERNATIVE FD,25065A502,1027,9212,DFND,
DEVON ENERGY,25179M103,220,8059,DFND,
DEVON ENERGY CORP NEW,25179M103,60,2198,DFND,
DIAGEO PLC ADR,25243Q205,1459,125868,DFND,
DIAGEO PLC,25243Q205,774,66773,DFND,
DIAMONDBACK ENERGY INC,25278X109,28,4209,DFND,
DIAMONDBACK ENERGY INC,25278X109,110,16537,DFND,
DIMENSIONAL ETF TRUST,25434V203,473444,18042943,DFND,
DIMENSIONAL ETF TRUST,25434V203,1709,65130,OTR,
DIMENSIONAL ETF TRUST,25434V302,121614,3960968,DFND,
DIMENSIONAL ETF TRUST,25434V401,389807,28911998,DFND,
DIMENSIONAL ETF TRUST,25434V401,105,7788,OTR,
DIMENSIONAL ETF TRUST,25434V500,666,46401,DFND,
DIMENSIONAL ETF TRUST,25434V534,4229,255940,DFND,
DIMENSIONAL WORLD EQUITY ETF,25434V617,53,3921,DFND,
DIMENSIONAL GLOBAL REAL EST ET,25434V658,78,2061,DFND,
DIMENSIONAL ETF TRUST,25434V658,12977,342853,DFND,
DOMINION ENERGY INC,25746U109,11108,650818,DFND,
DOMINION ENERGY INC,25746U109,189,11073,DFND,
DOMINION ENERGY INC,25746U109,115,6738,DFND,
DOMINOS PIZZA,25754A201,32,13338,DFND,
DOMINOS PIZZA INC,25754A201,1,417,DFND,
DOORDASH INC,25809K105,19,4303,DFND,
DOORDASH INC,25809K105,34,7701,DFND,
DOUBLEVERIFY HLDGS INC,25862V105,15,172,DFND,
DOUGLAS EMMETT INC,25960P109,20,220,DFND,
DROPBOX INC,26210C104,41,1140,DFND,
DRIVEN BRANDS HLDGS INC,26210V102,150,2223,DFND,
DUKE ENERGY CORP,26441C204,41850,4905239,DFND,
DUKE ENERGY CORP NEW,26441C204,2995,351044,DFND,
DUKE ENERGY CORP NEW,26441C204,715,83806,DFND,
DUOLINGO INC CL A,26603R106,11,1931,DFND,
DUOLINGO INC,26603R106,4,702,DFND,
DUPONT DE NEMOURS INC,26614N102,8123,326545,DFND,
DUPONT DE NEMOURS INC,26614N102,86,3458,DFND,
DOXIMITY INC,26622P107,14,620,DFND,
E L F BEAUTY IN/SH,26856L103,21,1597,DFND,
E L F BEAUTY INC,26856L103,10,761,DFND,
ENI SPA SPONS ADR,26874R108,53,2011,DFND,
EOG RES INC,26875P101,8559,898781,DFND,
EOG RES INC,26875P101,330,34653,DFND,
EOG RES INC,26875P101,180,18902,DFND,
EQT CORP,26884L109,70,3752,DFND,
"EAST WEST BANCORP, INC.",27579R104,49,5507,DFND,
EAST WEST BANCORP INC,27579R104,24,2698,DFND,
ELANCO ANIMAL HEALTH INC,28414H103,515,11654,DFND,
ELANCO ANIMAL HEALTH INC,28414H103,30,679,DFND,
ELEMENT SOLUTIONS INC,28618M106,43,1075,DFND,
EMBECTA CORP,29082K105,6,71,DFND,
EMBECTA CORP,29082K105,6,71,DFND,
ENBRIDGE INCORPORATED ADR,29250N105,4275,204473,DFND,
ENDAVA PLC ADR,29260V105,99,626,DFND,
ENCOMPASS HEALTH CORP,29261A100,33,3503,DFND,
ENCOMPASS HEALTH CORP,29261A100,10,1062,DFND,
ENERGY RECOVERY INC,29270J100,407,5490,DFND,
ENERGY TRANSFER LP,29273V100,533,8789,DFND,
ENERGY TRANSFER L P,29273V100,2079,34283,DFND,
ENERGY TRANSFER L P,29273V100,1109,18288,DFND,
ENTEGRIS INC,29362U104,37,3117,DFND,
ENTEGRIS INC,29362U104,14,1180,DFND,
ENTERGY CORP,29364G103,270,24956,DFND,
ENTERGY CORP NEW,29364G103,456,42149,DFND,
EPAM SYS INC,29414B104,3,615,DFND,
EQUINIX INC COM,29444U700,3,2298,DFND,
EQUINIX INC,29444U700,14,10727,DFND,
EQUITY LIFESTYLE PPTYS INC,29472R108,44,2667,DFND,
EQUITY RESIDENTIAL,29476L107,40,2522,DFND,
ESAB CORPORATION,29605J106,5,559,DFND,
ESSENTIAL UTILS INC,29670G102,686,26315,DFND,
ETSY INC,29786A106,36,1996,DFND,
ETSY INC,29786A106,11,610,DFND,
EVERCORE INC,29977A105,6,2042,DFND,
EVERGY INC,30034W106,64,4640,DFND,
EVERSOURCE ENERGY,30040W108,876,58981,DFND,
EVERSOURCE ENERGY,30040W108,40,2694,DFND,
EVOLV TECHNOLOGIES HLDNGS INC,30049H102,18571,132968,DFND,
EXACT SCIENCES CORP COM,30063P105,24,2437,DFND,
EXACT SCIENCES CORP,30063P105,41,4164,DFND,
EXELON CORP,30161N101,46,2005,DFND,
EXELON CORP,30161N101,131,5711,DFND,
EXELIXIS INC,30161Q104,37,1622,DFND,
EXPEDIA GROUP INC,30212P303,13,3683,DFND,
EXPEDIA GROUP INC,30212P303,29,8216,DFND,
EXPONENT INC,30214U102,21,1459,DFND,
EXTRA SPACE STORAGE INC,30225T102,15,1954,DFND,
EXXON MOBIL CORP,30231G102,48904,5885107,DFND,
EXXON MOBIL CORP,30231G102,23995,2887558,DFND,
EXXON MOBIL CORP,30231G102,1507,181353,DFND,
"META PLATFORMS, INC. CLASS A",30303M102,8978,5926288,DFND,
META PLATFORMS INC,30303M102,11268,7437894,DFND,
META PLATFORMS INC,30303M102,310,204628,DFND,
FEDEX CORPORATION,31428X106,1217,351543,DFND,
FEDEX CORP,31428X106,20,5778,DFND,
FERGUSON ENTERPRISES INC.,31488V107,64,14248,DFND,
FERGUSON ENTERPRISES INC,31488V107,9,2004,DFND,
FID COVINGTON T/ENHANCED MID C,31609A503,1342,48822,DFND,
FIDELITY NATL INFORMATION SVCS,31620M106,11040,733718,DFND,
FIDELITY NATL INFORMATION SV,31620M106,36,2393,DFND,
FIDELITY NATIONAL FINANCIAL,31620R303,41,2239,DFND,
FIRST CITIZENS BANCSHARES INC,31946M103,1487,3191370,DFND,
FIRST HAWAIIAN INC,32051X108,5,127,DFND,
FIRST TRUST CLOUD COMPUTING ET,33734X192,48,6244,DFND,
FIRST TR EXCHNG TRADED FD VI,33740F888,54942,1382891,DFND,
FIVE BELOW INC,33829M101,5,942,DFND,
FLOWSERVE CORP,34354P105,17,1180,DFND,
FORTIVE CORP,34959J108,26980,1489566,DFND,
FORTIVE CORP,34959J108,2000,110420,DFND,
FORTIVE CORP,34959J108,119,6570,DFND,
FORTUNE BRANDS INNOVATIONS INC,34964C106,45,2251,DFND,
FORTUNE BRANDS INNOVATIONS I,34964C106,8,401,DFND,
FORTREA HOLDINGS INC,34965K107,26,449,DFND,
FOUR CORNERS PPTY TR INC,35086T109,45,1038,DFND,
FOX CORP,35137L105,25,1827,DFND,
FOX FACTORY HLDG CORP,35138V102,162,2772,DFND,
FRANKLIN TEMPLETON ETF TR,35473P868,5752,143053,DFND,
FREEPORT-MCMORAN INC,35671D857,843,42816,DFND,
FRONTIER COMMUNICATIONS PARE,35909D109,117,4455,DFND,
FUELCELL ENERGY INC,35952H700,78,570,DFND,
GCI LIBERTY INC,36164V800,2,75,DFND,
GXO LOGISTICS INCORPORATED,36262G101,25,1316,DFND,
GE HEALTHCARE TECHNOLOGIES INC,36266G107,381,31250,DFND,
GE HEALTHCARE TECHNOLOGIES I,36266G107,26,2132,DFND,
GE HEALTHCARE TECHNOLOGIES I,36266G107,2195,180034,DFND,
GE VERNOVA INC,36828A101,2158,1410404,DFND,
GE VERNOVA INC,36828A101,47,30718,DFND,
GE VERNOVA INC,36828A101,1665,1088195,DFND,
GE VERNOVA INC,36828A101,13,8497,OTR,
GENERAL MOTORS CO,37045V100,171,13906,DFND,
GENERAL MTRS CO,37045V100,180,14638,DFND,
GENTHERM INC,37253A103,238,8656,DFND,
GITLAB INC,37637K108,150,5630,DFND,
GSK PLC ADR,37733W204,320,15693,DFND,
GLOBAL PAYMENTS INC,37940X102,375,29025,DFND,
GLOBAL X FDS,37954Y483,0,9,DFND,
GLOBAL X FDS,37954Y673,62,2963,DFND,
GOLDMAN SACHS GROUP INC COM,38141G104,4402,3869358,DFND,
GOLDMAN SACHS GROUP INC,38141G104,411,361269,DFND,
GOLDMAN SACHS GROUP INC,38141G104,24,21096,DFND,
GOLUB CAPITAL BDC INC,38173M102,340,4614,DFND,
GRAND CANYON EDUCATION INC,38526M106,58,9646,DFND,
GRANITESHARES G/SHS BEN INT,38748G101,464,19715,DFND,
GRAYSCALE ETHEREUM MINI TR E,38964R203,46,1291,DFND,
GUGGENHEIM ACTIVE ALLOCATION F,40170T106,8425,129155,DFND,
GUIDEWIRE SOFTWARE INC,40171V100,8,1609,DFND,
HCA HEALTHCARE INC,40412C101,5590,2609747,DFND,
HCA HEALTHCARE INC,40412C101,35,16341,DFND,
HP INC,40434L105,2066,46031,DFND,
HEALTHEQUITY INC,42226A107,7,642,DFND,
HEALTHCARE RLTY TR,42226K105,20,339,DFND,
HEALTHPEAK PROPERTIES INC,42250P103,85,1367,DFND,
HEWLETT PACKARD ENTERPRISE C,42824C109,2647,63581,DFND,
HILTON WORLDWIDE HOLDINGS INC,43300A203,18,5171,DFND,
HILTON WORLDWIDE HLDGS INC,43300A203,16,4596,DFND,
HOST HOTELS & RESORTS INC,44107P104,105,1862,DFND,
ICU MED INC,44930G107,19,2711,DFND,
ITT INC,45073V108,15,2603,DFND,
IDEXX LABS INC,45168D104,152,102833,DFND,
ROCKEFELLER OPPORTUNISTIC MUNI,45259A878,850625,21291144,DFND,
TIDAL TRUST III,45259A878,13875,347291,DFND,
INCYTE CORP,45337C102,41,4050,DFND,
INGERSOLL-RAND INC,45687V106,74,5862,DFND,
INGERSOLL RAND INC,45687V106,54,4278,DFND,
INGEVITY CORP/SH,45688C107,53,3137,DFND,
INGEVITY CORP,45688C107,2,119,DFND,
INSIGHT ENTERPRISES INC,45765U103,154,12546,DFND,
INSULET CORP,45784P101,5,1422,DFND,
INTERACTIVE BROKERS GROUP IN,45841N107,44,2830,DFND,
INTERCONTINENTAL HOTELS GROUP,45857P806,23,3239,DFND,
INTERCONTINENTAL EXCHANGE INC,45866F104,58127,9414249,DFND,
INTERCONTINENTAL EXCHANGE IN,45866F104,21787,3528623,DFND,
INTERCONTINENTAL EXCHANGE IN,45866F104,74,11986,DFND,
INTUITIVE SURGICAL INC,46120E602,33121,18758410,DFND,
INTUITIVE SURGICAL INC,46120E602,95,53804,OTR,
INTUITIVE SURGICAL INC,46120E602,12032,6814444,DFND,
INTUITIVE SURGICAL INC,46120E602,102,57769,DFND,
INVESCO EXCHANGE TRADED FD T,46137V142,35,2464,DFND,
INVESCO EXCHANGE TRADED FD T,46137V233,600,35568,DFND,
INVESCO EXCHANGE TRADED FD T,46137V241,158906,11925865,DFND,
INVESCO EXCHANGE TRADED FD T,46137V241,23,1727,OTR,
INVESCO S&P 500 PURE VALUE ETF,46137V258,410,42378,DFND,
INVESCO S&P 500 PURE GROWTH ET,46137V266,1025,47842,DFND,
INVESCO HIGH YIELD EQUITY DIVI,46137V563,29582,603047,DFND,
INVESCO EXCHANGE TRADED FD T,46137V563,1013,20651,DFND,
INVESCO S&P 500 LOW VOLATILITY,46138E354,15410,1100582,DFND,
INVESCO EXCH TRADED FD TR II,46138E727,609,15719,DFND,
INVESCO EXCH TRADED FD TR II,46138G508,21,441,DFND,
INVESCO EXCHANGE-TRADED FUND T,46138G649,1210,306033,DFND,
INVITATION HOMES INC,46187W107,92,2557,DFND,
IQVIA HOLDINGS,46266C105,23,5184,DFND,
IQVIA HLDGS INC,46266C105,32,7214,DFND,
IRON MTN INC DEL,46284V101,31,2572,DFND,
ISHARES SILVER TR,46428Q109,648,41745,DFND,
ISHARES U.S. TREASURY BOND ETF,46429B267,1385,31890,DFND,
ISHARES TR,46429B267,527,12135,DFND,
ISHARES CORE HIGH DIVIDEND ETF,46429B663,7654,930803,DFND,
ISHARES TR,46429B689,984,84870,DFND,
ISHARES TR,46432F339,3168,629229,DFND,
ISHARES TR,46432F396,14,3505,DFND,
ISHARES CORE MSCI EAFE ETF,46432F842,43153,3860467,DFND,
ISHARES TR,46432F842,4572,409011,DFND,
ISHARES TR,46432F842,24759,2214959,DFND,
ISHARES INC,46434G103,5343,359157,DFND,
ISHARES MSCI EMRG CHN ETF,46434G764,316,22967,DFND,
ISHARES INC,46434G822,127,10254,DFND,
ISHARES MSCI GLOBAL GOLD MIN E,46434G855,17508,1289289,DFND,
ISHARES INC,46434G863,321,14179,DFND,
ISHARES 0-5 YEAR HIGH YIELD CO,46434V407,6705,287443,DFND,
ISHARES TR,46434V407,3300,141471,DFND,
ISHARES TR,46434V449,1335,64040,DFND,
ISHARES MSCI INTL QUALITY FACT,46434V456,1911,86855,DFND,
ISHARES TR,46434V613,1454,67670,DFND,
ISHARES CORE DIVIDEND GROWTH E,46434V621,191846,13317949,DFND,
ISHARES TR,46434V639,21,919,DFND,
ISHARES TR,46435G516,697,66278,DFND,
ISHARES SELF-DRIVING EV&TECH,46435U366,525,19912,DFND,
ISHARES TR,46435U853,108,4039,DFND,
ISHARES TR/ISHARES 0-3 MNTH TR,46436E718,112539,11296665,DFND,
ISHARES TR,46436E718,13632,1368381,DFND,
ISHARES GOLD TR,46436F103,5414,232748,DFND,
ISHARES BITCOIN TRUST ETF,46438F101,4983,247406,DFND,
JP MORGAN CHASE & CO,46625H100,137936,44445738,DFND,
JP MORGAN CHASE & CO,46625H100,225,72500,OTR,
JPMORGAN CHASE & CO.,46625H100,25839,8325843,DFND,
JPMORGAN CHASE & CO.,46625H100,1374,442731,DFND,
JPMORGAN CHASE & CO.,46625H100,105,33834,OTR,
J P MORGAN EXCHANGE TRADED F,46641Q191,80,5864,DFND,
J P MORGAN EXCHANGE TRADED F,46641Q225,32,2976,DFND,
J P MORGAN EXCHANGE TRADED F,46641Q647,17358,876579,DFND,
J.P. MORGAN EXCHANGE-TRADED FU,46641Q654,286731,14606077,DFND,
J P MORGAN EXCHANGE TRADED F,46641Q670,401739,19022363,DFND,
J P MORGAN EXCHANGE TRADED F,46641Q670,598,28316,OTR,
JPMORGAN US QUALITY FACTOR ETF,46641Q761,606,38287,DFND,
JP MORGAN ETF ULTRA SHORT,46641Q837,40828,2065489,DFND,
JP MORGAN HEDGED EQUITY ETF,46654Q724,19179,1274061,DFND,
J P MORGAN EXCHANGE TRADED F,46654Q724,1277,84831,DFND,
J P MORGAN EXCHANGE TRADED F,46654Q724,125671,8348316,DFND,
J P MORGAN EXCHANGE TRADED F,46654Q724,49,3256,OTR,
JACOBS SOLUTIONS INC,46982L108,8,1060,DFND,
JACOBS SOLUTIONS INC,46982L108,63,8345,DFND,
JACOBS SOLUTIONS INC,46982L108,26,3444,DFND,
JANUS DETROIT S/HENDERSON,47103U852,1807,82562,DFND,
JEFFERIES FINL GROUP INC,47233W109,32,1984,DFND,
JONES LANG LASALLE INC.,48020Q107,14,4711,DFND,
JONES LANG LASALLE INC,48020Q107,10,3365,DFND,
KBR INC,48242W106,12,483,DFND,
KKR & CO INC,48251W104,188,23966,DFND,
KKR & CO INC,48251W104,40,5100,DFND,
KENVUE INC,49177J102,231,3985,DFND,
KEURIG DR PEPPER INC,49271V100,178,4986,DFND,
KEURIG DR PEPPER INC,49271V100,110,3082,DFND,
KEYSIGHT TECHNOLOGIES INC,49338L103,165,33526,DFND,
KEYSIGHT TECHNOLOGIES INC,49338L103,328,66646,DFND,
KEYSIGHT TECHNOLOGIES INC,49338L103,20,4064,DFND,
KILROY RLTY CORP,49427F108,95,3551,DFND,
KIMCO RLTY CORP,49446R109,84,1703,DFND,
KINDER MORGAN INC,49456B101,886,24356,DFND,
KINDER MORGAN INC DEL,49456B101,4500,123705,DFND,
KINDER MORGAN INC DEL,49456B101,911,25044,DFND,
KINSALE CAPITAL GROUP INC,49714P108,177,69228,DFND,
KINSALE CAP GROUP INC,49714P108,1,392,DFND,
KITE REALTY GROUP TRUST REIT,49803T300,6000,143820,DFND,
KYNDRYL HOLDING INC.,50155Q100,20,531,DFND,
KYNDRYL HLDGS INC,50155Q100,160,4250,DFND,
KYNDRYL HLDGS INC,50155Q100,321,8526,DFND,
LPL FINANCIAL HOLDINGS INC,50212V100,9,3215,DFND,
LPL FINL HLDGS INC,50212V100,2,715,DFND,
LINEAGE INC,53566V106,10,350,DFND,
LIVE OAK BANCSHARES INC,53803X105,250,8588,DFND,
LUMENTUM HLDGS INC,55024U109,15,5529,DFND,
LYFT INC,55087P104,18253,353561,DFND,
LYFT INC,55087P104,106,2054,DFND,
M & T BK CORP,55261F104,9510,1916075,DFND,
M & T BK CORP,55261F104,22,4433,DFND,
MKS INC.,55306N104,1000,159800,DFND,
MKS INC.,55306N104,22,3516,DFND,
MSCI INC,55354G100,9,5164,DFND,
MYR GROUP INC,55405W104,23,5026,DFND,
MACOM TECH SOLUTIONS HLDGS I,55405Y100,5,857,DFND,
MACYS INC,55616P104,20,441,DFND,
MAIN STR CAP CORP,56035L104,461,27840,DFND,
MANPOWERGROUP INC WIS,56418H100,15,446,DFND,
MARATHON PETROLEUM CORPORATION,56585A102,3750,609863,DFND,
MARATHON PETE CORP,56585A102,94,15288,DFND,
MARKETAXESS HLDGS INC,57060D108,9,1632,DFND,
MASTERCARD INC-A,57636Q104,77961,44506376,DFND,
MASTERCARD INC-A,57636Q104,187,106755,OTR,
MASTERCARD INCORPORATED,57636Q104,1127,643382,DFND,
MASTERCARD INCORPORATED,57636Q104,201,114747,DFND,
MASTERBRAND INC,57638P104,3,34,DFND,
MATCH GROUP INC,57667L107,310,10010,DFND,
MATCH GROUP INC NEW,57667L107,35,1131,DFND,
MATSON INC,57686G105,249,30764,DFND,
MCKESSON CORP. COMMON STOCK,58155Q103,278,228041,DFND,
MCKESSON CORP,58155Q103,64,52499,DFND,
MEDICAL PPTYS TRUST INC,58463J304,405,2025,DFND,
MERCK & CO INC,58933Y105,25624,2697182,DFND,
MERCK & CO INC,58933Y105,4383,461355,DFND,
MERCK & CO INC,58933Y105,342,35999,DFND,
MERITAGE HOMES CORP,59001A102,8,527,DFND,
METLIFE INC,59156R108,564,44522,DFND,
METLIFE INC,59156R108,1369,108069,DFND,
METLIFE INC,59156R108,134,10578,DFND,
MID-AMERICA APARTMENT COMMUNIT,59522J103,17,2361,DFND,
MID-AMER APT CMNTYS INC,59522J103,22,3057,DFND,
MODERNA INC,60770K107,0,6,DFND,
MODERNA INC,60770K107,24,708,DFND,
MOELIS & CO/SH CL A,60786M105,41,2818,DFND,
MOLINA HEALTHCARE INC,60855R100,19,3298,DFND,
MOLSON COORS BEVERAGE CO,60871R209,6,281,DFND,
MONGODB INC CL A,60937P106,100,41969,DFND,
MONGODB INC,60937P106,12,5037,DFND,
MONSTER BEVERAGE CORP,61174X109,1378,105651,DFND,
MONSTER BEVERAGE CORP NEW,61174X109,479,36725,DFND,
THE MOSAIC COMPANY,61945C103,15828,381297,DFND,
MOSAIC CO NEW,61945C103,62,1494,DFND,
NOV INC,62955J103,35,548,DFND,
NEOGENOMICS INC,64049M209,98,1153,DFND,
NETAPP INC,64110D104,45,4820,DFND,
NETFLIX INC,64110L106,1580,148141,DFND,
NETFLIX INC,64110L106,970,90947,DFND,
NETFLIX INC,64110L106,690,64695,DFND,
NETFLIX INC,64110L106,150,14064,OTR,
NEUROCRINE BIOSCIENCES INC,64125C109,11,1561,DFND,
NEWS CORP NEW,65249B109,31,810,DFND,
NEXTERA ENERGY INC,65339F101,221531,17784509,DFND,
NEXTERA ENERGY INC,65339F101,54867,4404723,DFND,
NEXTERA ENERGY INC,65339F101,322,25851,DFND,
NISOURCE INC,65473P105,17,710,DFND,
NORTHWEST NAT HLDG CO,66765N105,13,608,DFND,
NOVARTIS AG SPONSORED ADR,66987V109,6796,936965,DFND,
NOVARTIS AG SPONSORED ADR,66987V109,215,29642,OTR,
NOVARTIS AG,66987V109,11,1517,DFND,
DNOW INC,67011P100,175,2319,DFND,
NUTANIX INC,67059N108,23,1189,DFND,
NVIDIA CORP,67066G104,20223,3771590,DFND,
NVIDIA CORPORATION,67066G104,4916,916835,DFND,
NVIDIA CORPORATION,67066G104,8434,1572944,DFND,
NUSCALE POWER CORPORATION,67079K100,300,4251,DFND,
NUSCALE PWR CORP,67079K100,31,440,DFND,
O REILLY AUTOMOTIVE INC,67103H107,75,6841,DFND,
OREILLY AUTOMOTIVE INC,67103H107,77,7024,DFND,
OMNICELL INC COM,68213N109,69,3126,DFND,
ONE GAS INC,68235P108,7,541,DFND,
ONEMAIN HLDGS INC,68268W103,62,4189,DFND,
ORACLE CORPORATION COM,68389X105,144085,28083607,DFND,
ORACLE CORPORATION COM,68389X105,236,45999,OTR,
ORACLE CORP,68389X105,27704,5399788,DFND,
ORACLE CORP,68389X105,911,177564,DFND,
ORGANON & CO,68622V106,200,1434,DFND,
ORGANON & CO,68622V106,5,36,DFND,
ORGANON & CO,68622V106,6,44,DFND,
OTIS WORLDWIDE CORP,68902V107,558,48741,DFND,
OTIS WORLDWIDE CORP,68902V107,1199,104733,DFND,
OTIS WORLDWIDE CORP,68902V107,71,6202,DFND,
OVINTIV INC,69047Q102,20,784,DFND,
PG&E CORP COM,69331C108,495,7955,DFND,
PG&E CORP,69331C108,183,2941,DFND,
PJT PARTNERS INC,69343T107,4,669,DFND,
PGIM ETF TR,69344A107,29774,1476482,DFND,
PPL CORP,69351T106,45,1576,DFND,
PTC INC/SH SH,69370C100,10,1742,DFND,
PTC INC,69370C100,7,1220,DFND,
PALANTIR TECHNOLOGIES INC CL A,69608A108,7666,1362632,DFND,
PALANTIR TECHNOLOGIES INC,69608A108,818,145399,DFND,
PALANTIR TECHNOLOGIES INC,69608A108,327,58125,DFND,
PALOMAR HOLDINGS INC,69753M105,14,1887,DFND,
PARAMOUNT SKYDANCE CORP,69932A204,12,161,DFND,
PAYCOM SOFTWARE INC,70432V102,35,5578,DFND,
PAYCOM SOFTWARE INC,70432V102,25,3984,DFND,
PAYLOCITY HOLDING CORP,70438V106,21,3203,DFND,
PAYLOCITY HLDG CORP,70438V106,13,1983,DFND,
PAYPAL HOLDINGS INC,70450Y103,61236,3574958,DFND,
PAYPAL HLDGS INC,70450Y103,5372,313617,DFND,
PAYPAL HLDGS INC,70450Y103,86,5021,DFND,
PENSKE AUTOMOTIVE GRP INC,70959W103,3,475,DFND,
PENUMBRA INC COM,70975L107,10,3109,DFND,
PENUMBRA INC,70975L107,3,933,DFND,
PERFORMANCE FOOD GROUP CO,71377A103,7,630,DFND,
PERMIAN RESOURCES CORP,71424F105,4127,57902,DFND,
PHINIA INC,71880K101,1,63,DFND,
PIMCO ETF TR,72201R585,36733,980037,DFND,
PIMCO ETF TR,72201R635,1140,51650,DFND,
PIMCO ETF TR,72201R833,20040,2010844,DFND,
PIMCO ETF TR,72201R833,587,58900,DFND,
PIMCO ACCESS IN/COM SHS BEN IN,72203T100,9350,143055,DFND,
PINNACLE FINL PARTNERS INC,72346Q104,15,1432,DFND,
PINTEREST INC,72352L106,97,2512,DFND,
PLANET FITNESS INC,72703H101,16,1736,DFND,
POOL CORPORATION COM,73278L105,7,1601,DFND,
PRECISION BIOSCIENCES INC,74019P207,95,395,DFND,
PRICE T ROWE GROUP INC,74144T108,6892,705603,DFND,
PRICE T ROWE GROUP INC,74144T108,120,12286,DFND,
PRICE T ROWE GROUP INC,74144T108,39,3993,DFND,
PRINCIPAL FINANCIAL GROUP IN,74251V102,49,4323,DFND,
PROFESIONALLY MANAGED PORTFO,74316P579,4214,276059,DFND,
PROFESIONALLY MANAGED PORTFO,74316P579,32492,2128551,DFND,
PROLOGIS INC COM,74340W103,125,15958,DFND,
PROLOGIS INC.,74340W103,100,12766,DFND,
PROSHARES TR,74348A467,7358,765733,DFND,
PUBLIC STORAGE COM,74460D109,125,32438,DFND,
PUBLIC STORAGE OPER CO,74460D109,6,1557,DFND,
PURE STORAGE IN/SH CL B,74624M102,500,33505,DFND,
PURE STORAGE INC,74624M102,27,1810,DFND,
QORVO INC,74736K101,9,761,DFND,
QNITY ELECTRONICS INC,74743L100,43,3511,DFND,
QUANTUMSCAPE CORP,74767V109,40,417,DFND,
QUEST DIAGNOSTICS INC,74834L100,13,2256,DFND,
QUEST DIAGNOSTICS INC,74834L100,6,1042,DFND,
RBB FD INC,74933W189,4386,144298,DFND,
RB GLOBAL INC,74935Q107,195,20060,DFND,
RB GLOBAL INC,74935Q107,17,1749,DFND,
RMR GROUP INC,74967R106,17,253,DFND,
RANGE RES CORP,75281A109,32,1129,DFND,
RBC BEARINGS INC,75524B104,2,897,DFND,
REDDIT INC,75734B100,17,3908,DFND,
REGENERON PHARMACEUTICALS INC,75886F107,9,6947,DFND,
REGENERON PHARMACEUTICALS,75886F107,23,17754,DFND,
REGIONS FINANCIAL CORP NEW,7591EP100,538,14580,DFND,
REGIONS FINANCIAL CORP NEW,7591EP100,411,11138,DFND,
REGIONS FINANCIAL CORP NEW,7591EP100,161,4364,DFND,
RESIDEO TECHNOLOGIES INC,76118Y104,83,2915,DFND,
RESTAURANT BRANDS INTL INC,76131D103,5,342,DFND,
REXFORD INDL RLTY INC,76169C100,55,2130,DFND,
REYNOLDS CONSUMER PRODS INC,76171L106,114,2613,DFND,
RIVIAN AUTOMOTIVE INC COM CL A,76954A103,2750,54203,DFND,
RIVIAN AUTOMOTIVE INC,76954A103,214,4218,DFND,
ROKU INC,77543R102,13,1411,DFND,
RYAN SPECIALTY HOLDINGS INC,78351F107,19,981,DFND,
S&P GLOBAL INC,78409V104,39,20381,DFND,
S&P GLOBAL INC,78409V104,21,11002,DFND,
S&P GLOBAL INC,78409V104,30,15678,DFND,
SBA COMMUNICATIONS CORP NEW,78410G104,22,4256,DFND,
SL GREEN RLTY CORP,78440X887,80,3670,DFND,
SLM CORP,78442P106,65374,1769020,DFND,
SLM CORP,78442P106,39,1056,DFND,
SPDR S&P 500 ETF TRUST,78462F103,21249,14490118,DFND,
SPDR S&P 500 ETF TR,78462F103,1633,1113576,DFND,
SPDR S&P 500 ETF TR,78462F103,2416,1647527,DFND,
SPDR GOLD TRUST,78463V107,1705,675709,DFND,
SPDR GOLD TR,78463V107,809,320615,DFND,
SPDR GOLD TR,78463V107,295,116912,DFND,
SPDR INDEX SHS FDS,78463X103,20,1043,DFND,
SPDR SERIES TRUST,78464A300,1,89,DFND,
SPDR SERIES TRUST,78464A375,465,15722,DFND,
STATE STREET SPDR DOW JONES RE,78464A607,2598,255202,DFND,
SPDR SERIES TRUST,78464A607,33,3242,DFND,
ST STR SPDR PORT INTER TERM TR,78464A672,1739,50153,DFND,
SPDR SERIES TRUST,78464A672,2,46,DFND,
SPDR S&P DIVIDEND ETF,78464A763,138,19204,DFND,
SPDR SERIES TRUST,78464A763,402,55902,DFND,
SPDR SERIES TRUST,78464A805,15993,1319423,DFND,
STATE STREET SPDR PORTFOLIO S&,78464A854,207,16606,DFND,
SS&C TECHNOLOGIES HLDGS INC,78467J100,27,2361,DFND,
SPDR DJIA TRUST,78467X109,5025,2414864,DFND,
SPDR S&P MIDCAP 400 ETF TRUST,78467Y107,359,216578,DFND,
SPDR S&P MIDCAP 400 ETF TR,78467Y107,104,62741,DFND,
STATE STREET SPDR PORTFOLIO SH,78468R101,1387,40611,DFND,
SPDR S TR/SPDR,78468R523,63,6251,DFND,
SPDR SERIES TRUST,78468R853,94,4405,DFND,
CONTRA SAGE THERAPUTICS,786CVR019,9,0,DFND,
SALESFORCE INC.,79466L302,15544,4117761,DFND,
SALESFORCE INC,79466L302,5,1325,DFND,
SALESFORCE INC,79466L302,70,18544,DFND,
SAMSARA INC/SH CL A,79589L106,154,5459,DFND,
SAMSARA INC,79589L106,12,426,DFND,
SANDISK CORP,80004C200,177,42017,DFND,
SEALED AIR CORP NEW,81211K100,80,3315,DFND,
STATE STREET MATERIALS SELECT,81369Y100,11626,527239,DFND,
SELECT SECTOR SPDR TR,81369Y100,1086,49250,DFND,
STATE STREET HEALTH CARE SELEC,81369Y209,5042,780502,DFND,
SELECT SECTOR SPDR TR,81369Y209,419,64861,DFND,
STATE STREET CONSUMER STAPLES,81369Y308,1302,101139,DFND,
SELECT SECTOR SPDR TR,81369Y308,489,37986,DFND,
STATE STREET CONSUMER DIS SELE,81369Y407,1356,161920,DFND,
SELECT SECTOR SPDR TR,81369Y407,896,106991,DFND,
STATE STREET ENERGY SELECT SEC,81369Y506,40910,1829086,DFND,
SELECT SECTOR SPDR TR,81369Y506,444,19852,DFND,
SELECT SECTOR SPDR TR,81369Y506,310,13871,DFND,
FINANCIAL SELECT SECTOR SPDR,81369Y605,11871,650175,DFND,
SELECT SECTOR SPDR TR,81369Y605,491,26892,DFND,
SELECT SECTOR SPDR TR,81369Y605,1863,102037,DFND,
STATE STREET INDUSTRIAL SELECT,81369Y704,547,84851,DFND,
SELECT SECTOR SPDR TR,81369Y704,174,26991,DFND,
STATE STREET TECHNOLOGY SELECT,81369Y803,3045,438389,DFND,
SELECT SECTOR SPDR TR,81369Y803,512,73713,DFND,
SELECT SECTOR SPDR TR,81369Y803,280,40312,DFND,
STATE STREET COMM SVCS SELECT,81369Y852,97,11419,DFND,
SELECT SECTOR SPDR TR,81369Y852,115,13538,DFND,
SELECT SECTOR SPDR TR,81369Y852,269,31667,DFND,
STATE STREET UTILITIES SELECT,81369Y886,3092,131997,DFND,
SELECT SECTOR SPDR TR,81369Y886,270,11526,DFND,
SENSIENT TECHNOLOGIES CORP,81725T100,20,1879,DFND,
SENSEONICS HLDGS INC,81727U303,50,276,DFND,
SERVICENOW INC,81762P102,103965,15926398,DFND,
SERVICENOW INC,81762P102,430,65872,OTR,
SERVICENOW INC,81762P102,500,76595,DFND,
SERVICENOW INC,81762P102,100,15319,DFND,
SHOPIFY INC CL B,82509L107,2507,403552,DFND,
SHOPIFY INC,82509L107,24,3864,DFND,
SITIME CORP/SH,82982T106,22,7770,DFND,
SITIME CORP,82982T106,1,354,DFND,
SKYWORKS SOLUTIONS INC,83088M102,5,318,DFND,
SMARTSTOP SELF STORAGE REIT IN,83192D402,3750,116025,DFND,
SOFI TECHNOLOGIES INC,83406F102,8330,218079,DFND,
SOFI TECHNOLOGIES INC,83406F102,145,3797,DFND,
SOLSTICE ADVANCED MATLS INC,83443Q103,515,25018,DFND,
SOLSTICE ADVANCED MATLS INC,83443Q103,155,7530,DFND,
SOLVENTUM CORP,83444M101,121,9588,DFND,
SOLVENTUM CORP,83444M101,16,1268,DFND,
SOUTHERN COPPER CORP,84265V105,1,143,DFND,
SOUTHERN COPPER CORP,84265V105,30,4305,DFND,
SOUTHSIDE BANCSHARES INC,84470P109,278,8448,DFND,
SPROTT PHYSICAL GOLD TRUST,85207H104,1711200,56503824,DFND,
SPROTT PHYSICAL GOLD TRUST,85207H104,6125,202248,OTR,
SPROTT ASSET MANAGEMENT LP,85207H104,71464,2359742,DFND,
SPROTT ASSET MANAGEMENT LP,85207H104,3851,127161,DFND,
SPROTT PHYSICAL SILVER TRUST,85207K107,7535,178203,DFND,
SPROTT PHYSICAL SILVER TRUST,85207K107,3950,93418,OTR,
SPROTT ASSET MANAGEMENT LP,85207K107,210,4967,DFND,
SPROTT PHYSICAL GOLD & SILVER,85208R101,9000,412200,DFND,
SPROTT ASSET MANAGEMENT LP,85208R101,20576,942381,DFND,
STAG INDL INC,85254J102,10,368,DFND,
STARWOOD PPTY TR INC,85571B105,71,1279,DFND,
STEPSTONE GRP I/SH CL A,85914M107,39,2503,DFND,
STEPSTONE GROUP INC,85914M107,11,706,DFND,
SUPER MICRO COMPUTER INC,86800U302,40,1171,DFND,
SYNOVUS FINANCIAL CORP COM NEW,87161C501,121,6056,DFND,
SYNOVUS FINL CORP,87161C501,5,251,DFND,
SYNCHRONY FINANCIAL,87165B103,114,9512,DFND,
TFS FINL CORP,87240R107,30,402,DFND,
TALEN ENERGY CORP,87422Q109,3,1125,DFND,
TARGA RESOURCES CORP,87612G101,29,5351,DFND,
TARGA RES CORP,87612G101,24,4428,DFND,
TC ENERGY CORPORATION,87807B107,1000,55010,DFND,
TEMPUS AI INC CL A,88023B103,500,29525,DFND,
TEMPUS AI INC,88023B103,5,296,DFND,
SOMNIGROUP INTERNATIONAL INC.,88023U101,49,4375,DFND,
SOMNIGROUP INTERNATIONAL INC,88023U101,9,804,DFND,
TENET HEALTHCARE CORP,88033G407,1,199,DFND,
TESLA INC,88160R101,3921,1763352,DFND,
TESLA INC,88160R101,596,268033,DFND,
TESLA INC,88160R101,769,345835,DFND,
TESLA INC,88160R101,25,11243,OTR,
TETRA TECH INC,88162G103,64,2147,DFND,
TETRA TECH INC NEW,88162G103,20,671,DFND,
TEXAS PACIFIC LAND CORPORATI,88262P102,3,862,DFND,
THE TRADE DESK INC CL A,88339J105,4763,180803,DFND,
THE TRADE DESK INC,88339J105,22,836,DFND,
3M CO,88579Y101,5453,873025,DFND,
3M CO,88579Y101,400,64040,DFND,
3M CO,88579Y101,372,59558,DFND,
TOPBUILD CORP,89055F103,5,2086,DFND,
TOWNE BANK,89214P109,2316,77285,DFND,
TRANSMEDICS GROUP INC,89377M109,15,1825,DFND,
"TREX CO., INC.",89531P105,46,1614,DFND,
TRUIST FINANCIAL CORP,89832Q109,21048,1035772,DFND,
TRUIST FINL CORP,89832Q109,911,44831,DFND,
TRUIST FINL CORP,89832Q109,149,7333,DFND,
TWILIO INC CL A,90138F102,500,71120,DFND,
TWILIO INC,90138F102,28,3983,DFND,
GMO ETF TRUST,90139K100,105572,4060299,DFND,
UFP INDUSTRIES INC,90278Q108,5,456,DFND,
U S PHYSICAL THERAPY,90337L108,102,7965,DFND,
UBER TECHNOLOGIES INC,90353T100,127,10377,DFND,
UBER TECHNOLOGIES INC,90353T100,65,5311,DFND,
UBER TECHNOLOGIES INC,90353T100,153,12502,DFND,
ULTA BEAUTY INC,90384S303,9592,5803256,DFND,
ULTA BEAUTY INC,90384S303,127,76836,DFND,
ULTA BEAUTY INC,90384S303,6,3631,DFND,
ULTRAGENYX PHARMACEUTICAL IN,90400D108,5,115,DFND,
UNITED STS OIL FD LP,91232N207,3,208,DFND,
UNITED THERAPEUTICS CORP DEL,91307C102,1,488,DFND,
UNITEDHEALTH GROUP INC COM,91324P102,5397,1781604,DFND,
UNITEDHEALTH GROUP INC,91324P102,208,68663,DFND,
UNITEDHEALTH GROUP INC,91324P102,101,33342,DFND,
UNITY SOFTWARE INC,91332U101,30,1326,DFND,
UNUM GROUP,91529Y106,30,2325,DFND,
USA RARE EARTH INC.,91733P107,100,1190,DFND,
UWM HOLDINGS CORPORATION,91823B109,118,517,DFND,
VALERO ENERGY CORP,91913Y100,115445,18793292,DFND,
VALERO ENERGY CORP,91913Y100,520,84651,DFND,
VALERO ENERGY CORP,91913Y100,18,2931,DFND,
VANECK VECTORS GOLD MINERS ETF,92189F106,1050,90059,OTR,
VANECK ETF TRUST,92189F643,12317,1275549,DFND,
VANECK ETF TRUST,92189F676,161,57981,DFND,
VANECK ETF TRUST,92189H300,2763,71341,DFND,
VANECK TRUST RARE EARTH ETF,92189H805,233,17223,DFND,
VANGUARD TOTAL INTERNATIONAL,92203J407,17,821,DFND,
VANGUARD WORLD FD,92204A108,62,24423,DFND,
VANGUARD CONSUMER STAPLES ETF,92204A207,4190,885096,DFND,
VANGUARD WORLD FD,92204A207,80,16900,DFND,
VANGUARD WORLD FD,92204A306,217,27325,DFND,
VANGUARD FINANCIALS ETF,92204A405,1052,140431,DFND,
VANGUARD WORLD FD,92204A405,240,32038,DFND,
VANGUARD HEALTH CARE ETF,92204A504,61,17559,DFND,
VANGUARD WORLD FD,92204A504,55,15832,DFND,
VANGUARD INDUSTRIALS ETF,92204A603,4164,1242454,DFND,
VANGUARD WORLD FD,92204A603,60,17903,DFND,
VANGUARD INFO TECH ETF,92204A702,3569,2690241,DFND,
VANGUARD WORLD FD,92204A702,153,115328,DFND,
VANGUARD WORLD FD,92204A702,2,1508,DFND,
VANGUARD WORLD FD,92204A801,25,5189,DFND,
VANGUARD COMMUNICATION SERVICE,92204A884,40,7745,DFND,
VANGUARD SCOTTSDALE FDS,92206C102,145,8516,DFND,
VANGUARD SCOTTSDALE FDS,92206C102,480,28191,DFND,
VANGUARD SHORT TERM CORP BOND,92206C409,21582,1720733,DFND,
VANGUARD SCOTTSDALE FDS,92206C409,106491,8490527,DFND,
VANGUARD SCOTTSDALE FDS,92206C409,1063,84753,DFND,
VANGUARD SCOTTSDALE INTER TERM,92206C706,11946,715924,DFND,
VANGUARD SCOTTSDALE FDS,92206C706,1019,61069,DFND,
VANGUARD SCOTTSDALE FDS,92206C706,2155,129150,DFND,
VANGUARD SCOTTSDALE FDS,92206C730,23824,7362470,DFND,
VANGUARD SCOTTSDALE FDS,92206C771,36,1695,DFND,
VANGUARD INTER TERM CORP BO .1,92206C870,10699,896041,DFND,
VANGUARD SCOTTSDALE FDS,92206C870,2469,206801,DFND,
VANGUARD SCOTTSDALE FDS,92206C870,207,17337,DFND,
VENTAS INC,92276F100,29,2245,DFND,
VERALTO CORP COM,92338C103,49,4889,DFND,
VERALTO CORP,92338C103,320,31930,DFND,
VERALTO CORP,92338C103,23,2295,DFND,
VERIZON COMMUNICATIONS,92343V104,27037,1101217,DFND,
VERIZON COMMUNICATIONS INC,92343V104,1572,64028,DFND,
VERIZON COMMUNICATIONS INC,92343V104,1059,43134,DFND,
VERISK ANALYTIC CL B,92345Y106,102,22816,DFND,
VERISK ANALYTICS INC,92345Y106,23,5145,DFND,
VERTEX PHARMACEUTICALS INC,92532F100,17,7707,DFND,
VERTEX PHARMACEUTICALS INC,92532F100,45,20402,DFND,
VERTIV HOLDINGS CO,92537N108,41,6643,DFND,
VIATRIS INC,92556V106,217,2702,DFND,
VIATRIS INC,92556V106,0,0,DFND,
VIATRIS INC,92556V106,215,2677,DFND,
VICTORY PORTFOLIOS II,92647N527,376951,17850387,DFND,
VIKING THERAPEUTICS INC,92686J106,10,352,DFND,
VISA INC,92826C839,159643,55988397,DFND,
VISA INC,92826C839,100,35071,OTR,
VISA INC,92826C839,1272,446103,DFND,
VISA INC,92826C839,440,154322,DFND,
VISTRA CORP,92840M102,48,7744,DFND,
VITA COCO CO INC,92846Q107,20,1061,DFND,
WP CAREY INC REIT,92936U109,1244,80064,DFND,
WP CAREY INC,92936U109,52,3347,DFND,
WEC ENERGY GROUP INC,92939U106,18,1899,DFND,
WASTE MGMT INC DEL,94106L109,4401,966944,DFND,
WASTE MGMT INC DEL,94106L109,100,21971,OTR,
WASTE MGMT INC DEL,94106L109,145,31858,DFND,
WASTE MGMT INC DEL,94106L109,1037,227840,DFND,
WELLTOWER INC COM,95040Q104,27,5011,DFND,
WELLTOWER INC,95040Q104,58,10766,DFND,
WESCO INTL INC,95082P105,4,979,DFND,
WEX INC,96208T104,5,745,DFND,
WINTRUST FINL CORP,97650W108,5,700,DFND,
WISDOMTREE US DIVIDEND EX-FINA,97717W406,2124,244218,DFND,
WISDOMTREE US MIDCAP DIVIDEND,97717W505,97628,5037605,DFND,
WISDOMTREE TR US SMALLCAP DIVI,97717W604,17532,586445,DFND,
WISDOMTREE TR,97717W851,3,433,DFND,
WORKDAY INC,98138H101,11,2363,DFND,
WORKDAY INC,98138H101,20,4296,DFND,
XCEL ENERGY INC,98389B100,3434,253635,DFND,
XCEL ENERGY INC,98389B100,352,25999,DFND,
XYLEM INC,98419M100,18,2451,DFND,
XYLEM INC,98419M100,25,3405,DFND,
YETI HLDGS INC,98585X104,247,10910,DFND,
YETI HLDGS INC,98585X104,20,884,DFND,
YUM CHINA HOLDINGS INC,98850P109,652,31126,DFND,
YUM CHINA HLDGS INC,98850P109,70,3342,DFND,
ZIMMER BIOMET HOLDINGS INC,98956P102,43,3867,DFND,
ZIMMER BIOMET HOLDINGS INC,98956P102,30,2698,DFND,
ZOETIS INC,98978V103,44,5536,DFND,
ZOETIS INC,98978V103,68,8556,DFND,
ZSCALER INC COM,98980G102,37773,8495903,DFND,
ZSCALER INC COM,98980G102,125,28115,OTR,
ZSCALER INC,98980G102,13435,3021800,DFND,
ZSCALER INC,98980G102,6,1350,DFND,
ZOOM VIDEO COMMUNICATION INC C,98980L101,300,25887,DFND,
ZOOM COMMUNICATIONS INC,98980L101,15,1295,DFND,
ALKERMES PLC ADR,G01767105,99,2770,DFND,
ALLEGION PLC ADR,G0176J109,14,2229,DFND,
ANGLOGOLD ASHANTI PLC,G0378L100,66,5629,DFND,
AON PLC ADR,G0403H108,44,15527,DFND,
AON PLC,G0403H108,39,13763,DFND,
ARCH CAP GROUP LTD,G0450A105,34,3262,DFND,
AXALTA COATING SYS LTD,G0750C108,18,582,DFND,
ACCENTURE PLC ADR,G1151C101,16732,4489196,DFND,
ACCENTURE PLC ADR,G1151C101,100,26830,OTR,
ACCENTURE PLC IRELAND,G1151C101,8573,2300136,DFND,
ACCENTURE PLC IRELAND,G1151C101,7988,2143181,DFND,
CREDICORP LTD/SH SH,G2519Y108,12,3444,DFND,
CREDO TECHNOLOGY GROUP HOLDI,G25457105,3,432,DFND,
CRH PLC,G25508105,4759,593923,DFND,
CRH PLC,G25508105,25218,3147206,DFND,
CRH PLC,G25508105,31,3869,DFND,
COCA-COLA EUROPACIFIC PARTNERS,G25839104,29,2671,DFND,
CUSHMAN AND WAKEFIELD LTD,G2717C106,198,3206,DFND,
EATON CORP PLC ADR,G29183103,15727,5009207,DFND,
EATON CORP PLC,G29183103,269,85679,DFND,
EATON CORP PLC,G29183103,179,57014,DFND,
ESSENT GROUP LTD,G3198U102,9,586,DFND,
EVEREST GRP LTD/SH,G3223R108,27,9162,DFND,
FABRINET,G3323L100,3,1366,DFND,
FLUTTER ENTMT PLC,G3643J108,5,1076,DFND,
FRESH DEL MONTE PRODUCE INC,G36738105,18,642,DFND,
GENPACT LIMITED,G3922B107,28,1310,DFND,
JANUS HENDERSON GROUP PLC,G4474Y214,16,762,DFND,
ICON/ORD SHS EUR 0.05,G4705A100,17,3098,DFND,
WEATHERFORD INTL PLC,G48833118,22,1722,DFND,
INVESCO LTD,G491BT108,39,1025,DFND,
JAZZ PHARMACEUTICALS PLC,G50871105,9,1530,DFND,
JAZZ PHARMACEUTICALS PLC,G50871105,10,1700,DFND,
JOHNSON CONTROLS INTERNATIONAL,G51502105,20,2395,DFND,
JOHNSON CTLS INTL PLC,G51502105,96,11496,DFND,
LINDE PLC ADR,G54950103,2150,916739,DFND,
LINDE PLC,G54950103,23,9807,DFND,
MEDTRONIC PLC ADR,G5960L103,328,31508,DFND,
MEDTRONIC PLC,G5960L103,271,26032,DFND,
MEDTRONIC PLC,G5960L103,490,47070,DFND,
NOBLE CORP PLC,G65431127,24,678,DFND,
NORWEGIAN CRUISE LINE HOLDINGS,G66721104,1108,24731,DFND,
NORWEGIAN CRUISE LINE HLDG L,G66721104,47,1050,DFND,
NU HLDGS LTD,G6683N103,45,754,DFND,
NVENT ELECTRIC,G6700G107,84,8565,DFND,
NVENT ELECTRIC PLC,G6700G107,45,4589,DFND,
PAYSAFE LIMITED SHS ADR,G6964L206,41,332,DFND,
RENAISSANCERE HLDGS LTD,G7496G103,7,1969,DFND,
ROIVANT SCIENCES LTD,G76279101,68,1476,DFND,
SEAGATE TECHNOLOGY HLDNGS PL,G7997R103,1000,275390,DFND,
SEAGATE TECHNOLOGY HLDNGS PL,G7997R103,5,1377,DFND,
PENTAIR PLC,G7S00T104,10,1042,DFND,
SENSATA TECHNOLOGIES HLDG PL,G8060N102,26,866,DFND,
SHARKNINJA INC,G8068L108,7,784,DFND,
SIGNET JEWELERS LIMITED,G81276100,10,829,DFND,
STERIS PLC ADR,G8473T100,12,3042,DFND,
STERIS PLC,G8473T100,4,1015,DFND,
TE CONNECTIVITY PLC ADR,G87052109,11,2503,DFND,
TE CONNECTIVITY PLC,G87052109,52,11831,DFND,
TE CONNECTIVITY PLC,G87052109,7,1593,DFND,
TECHNIPFMC PLC,G87110105,21,936,DFND,
TRANE TECHNOLOGIES PLC ADR,G8994E103,134,52153,DFND,
TRANE TECHNOLOGIES PLC,G8994E103,23,8952,DFND,
TRANE TECHNOLOGIES PLC,G8994E103,23,8952,DFND,
WHITE MOUNTAINS INSURANCE GROU,G9618E107,3,6234,DFND,
WILLIS TOWERS WATSON PLC ADR,G96629103,17,5586,DFND,
WILLIS TOWERS WATSON PLC LTD,G96629103,7,2301,DFND,
XP INC,G98239109,30,492,DFND,
ALCON INC,H01301128,297,23683,DFND,
BUNGE GLOBAL SA,H11356104,6,535,DFND,
CHUBB LTD ADR,H1467J104,42122,13147119,DFND,
CHUBB LIMITED,H1467J104,15474,4829745,DFND,
CHUBB LIMITED,H1467J104,332,103624,DFND,
CRISPR THERAPEUTICS AG NAMEN A,H17182108,50,2622,DFND,
GARMIN LTD,H2906T109,513,104063,DFND,
AMRIZE,H2927K103,59,3239,DFND,
ON HLDG AG,H5919C104,5,233,DFND,
GLOBANT S A,L44385109,15,981,DFND,
SPOTIFY TECHNOLOGY SA ADR,L8681T102,176,102205,DFND,
SPOTIFY TECHNOLOGY S A,L8681T102,17,9873,DFND,
CYBERARK SOFTWARE LTD,M2682V108,14,6245,DFND,
AERCAP HOLDINGS/SH VTG FPD,N00985106,36,5175,DFND,
ASML HOLDING ADR,N07059210,16,17118,DFND,
ASML HOLDING N V,N07059210,45,48144,DFND,
CNH INDUSTRIAL /SH VTG FPD,N20944109,124,1143,DFND,
CNH INDL N V,N20944109,48,443,DFND,
LYONDELLBASELL INDUSTRIES NV A,N53745100,529,22906,DFND,
LYONDELLBASELL INDUSTRIES N,N53745100,150,6495,DFND,
LYONDELLBASELL INDUSTRIES N,N53745100,16,693,DFND,
NXP SEMICONDUCTORS ADR,N6596X109,4672,1014104,DFND,
NXP SEMICONDUCTORS N V,N6596X109,13,2822,DFND,
QIAGEN NV,N72482206,39,1754,DFND,
ROYAL CARIBBEAN GROUP,V7780T103,76,21198,DFND,
FLEX LTD,Y2573F102,17,1028,DFND,
NAVIOS MARITIME PARTNERS LP CO,Y62267409,398,20867,DFND,
